#YY,MM,DD,hh,mm,WDIR,WSPD,GST,WVHT,DPD,APD,MWD,PRES,ATMP,WTMP,DEWP,VIS,TIDE,
2020,01,01,00,00,239,2.8,3.8,99.00,99.00,99.00,999,1014.7,11.1,999.0,4.7,99.0,99.00,
2020,01,01,01,00,239,2.9,3.7,99.00,99.00,99.00,999,1014.9,11.2,999.0,4.8,99.0,99.00,
2020,01,01,02,00,245,4.0,5.5,99.00,99.00,99.00,999,1015.3,11.5,999.0,3.8,99.0,99.00,
2020,01,01,03,00,242,4.2,6.5,99.00,99.00,99.00,999,1015.5,11.5,999.0,3.5,99.0,99.00,
2020,01,01,04,00,239,4.8,6.3,99.00,99.00,99.00,999,1015.4,11.4,999.0,3.8,99.0,99.00,
2020,01,01,05,00,251,4.2,6.7,99.00,99.00,99.00,999,1015.4,11.2,999.0,3.4,99.0,99.00,
2020,01,01,06,00,260,4.9,6.8,99.00,99.00,99.00,999,1015.0,10.9,999.0,1.4,99.0,99.00,
2020,01,01,07,00,261,4.5,5.9,99.00,99.00,99.00,999,1015.2,10.5,999.0,0.4,99.0,99.00,
2020,01,01,08,00,269,3.7,5.5,99.00,99.00,99.00,999,1015.5,9.8,999.0,0.0,99.0,99.00,
2020,01,01,09,00,262,3.8,5.0,99.00,99.00,99.00,999,1015.8,9.4,999.0,0.0,99.0,99.00,
2020,01,01,10,00,288,3.1,4.6,99.00,99.00,99.00,999,1015.6,8.6,999.0,0.0,99.0,99.00,
2020,01,01,11,00,279,2.9,5.1,99.00,99.00,99.00,999,1016.4,7.9,999.0,0.0,99.0,99.00,
2020,01,01,12,00,274,2.0,3.1,99.00,99.00,99.00,999,1016.9,7.0,999.0,0.2,99.0,99.00,
2020,01,01,13,00,271,2.7,4.1,99.00,99.00,99.00,999,1017.4,7.1,999.0,0.5,99.0,99.00,
2020,01,01,14,00,288,3.5,5.2,99.00,99.00,99.00,999,1018.1,8.6,999.0,0.4,99.0,99.00,
2020,01,01,15,00,296,4.4,6.1,99.00,99.00,99.00,999,1018.3,10.0,999.0,-0.5,99.0,99.00,
2020,01,01,16,00,300,2.8,4.1,99.00,99.00,99.00,999,1018.2,11.4,999.0,0.4,99.0,99.00,
2020,01,01,17,00,280,2.2,4.0,99.00,99.00,99.00,999,1017.4,13.1,999.0,0.6,99.0,99.00,
2020,01,01,18,00,245,3.2,4.4,99.00,99.00,99.00,999,1015.9,13.7,999.0,0.3,99.0,99.00,
2020,01,01,19,00,250,2.8,4.2,99.00,99.00,99.00,999,1015.2,15.4,999.0,0.2,99.0,99.00,
2020,01,01,20,00,287,3.6,5.9,99.00,99.00,99.00,999,1015.2,15.7,999.0,-0.3,99.0,99.00,
2020,01,01,21,00,275,2.7,4.0,99.00,99.00,99.00,999,1015.7,15.7,999.0,-1.0,99.0,99.00,
2020,01,01,22,00,261,2.1,2.8,99.00,99.00,99.00,999,1015.9,14.3,999.0,0.1,99.0,99.00,
2020,01,01,23,00,237,2.7,3.4,99.00,99.00,99.00,999,1016.6,12.3,999.0,2.5,99.0,99.00,
2020,01,02,00,00,246,2.5,2.9,99.00,99.00,99.00,999,1017.4,11.2,999.0,3.8,99.0,99.00,
2020,01,02,01,00,263,1.9,2.8,99.00,99.00,99.00,999,1018.1,10.6,999.0,2.7,99.0,99.00,
2020,01,02,02,00,268,0.7,1.0,99.00,99.00,99.00,999,1018.7,9.8,999.0,1.9,99.0,99.00,
2020,01,02,03,00,278,1.0,1.4,99.00,99.00,99.00,999,1018.7,9.7,999.0,2.4,99.0,99.00,
2020,01,02,04,00,282,1.3,1.7,99.00,99.00,99.00,999,1018.8,10.0,999.0,2.7,99.0,99.00,
2020,01,02,05,00,295,1.6,1.8,99.00,99.00,99.00,999,1018.9,10.0,999.0,3.4,99.0,99.00,
2020,01,02,06,00,295,1.4,1.6,99.00,99.00,99.00,999,1018.3,9.9,999.0,3.6,99.0,99.00,
2020,01,02,07,00,276,1.5,1.8,99.00,99.00,99.00,999,1018.3,10.1,999.0,2.0,99.0,99.00,
2020,01,02,08,00,285,2.4,2.4,99.00,99.00,99.00,999,1018.9,10.1,999.0,2.4,99.0,99.00,
2020,01,02,09,00,332,1.9,2.1,99.00,99.00,99.00,999,1018.7,10.1,999.0,3.8,99.0,99.00,
2020,01,02,10,00,288,2.4,2.6,99.00,99.00,99.00,999,1019.1,9.5,999.0,4.7,99.0,99.00,
2020,01,02,11,00,269,2.2,2.5,99.00,99.00,99.00,999,1019.3,9.4,999.0,3.1,99.0,99.00,
2020,01,02,12,00,288,2.2,2.4,99.00,99.00,99.00,999,1020.0,9.5,999.0,4.9,99.0,99.00,
2020,01,02,13,00,0,0.0,0.0,99.00,99.00,99.00,999,1020.1,10.4,999.0,4.0,99.0,99.00,
2020,01,02,14,00,128,2.1,2.3,99.00,99.00,99.00,999,1020.4,12.1,999.0,6.3,99.0,99.00,
2020,01,02,15,00,143,2.5,2.7,99.00,99.00,99.00,999,1020.9,12.8,999.0,9.2,99.0,99.00,
2020,01,02,16,00,162,2.1,2.2,99.00,99.00,99.00,999,1020.9,13.8,999.0,8.9,99.0,99.00,
2020,01,02,17,00,199,1.4,1.8,99.00,99.00,99.00,999,1020.1,14.0,999.0,8.6,99.0,99.00,
2020,01,02,18,00,200,0.6,0.9,99.00,99.00,99.00,999,1018.6,14.3,999.0,8.2,99.0,99.00,
2020,01,02,19,00,300,1.1,1.4,99.00,99.00,99.00,999,1018.8,14.5,999.0,6.4,99.0,99.00,
2020,01,02,20,00,353,0.7,1.0,99.00,99.00,99.00,999,1018.9,14.3,999.0,8.1,99.0,99.00,
2020,01,02,21,00,55,2.1,2.4,99.00,99.00,99.00,999,1018.7,14.1,999.0,9.7,99.0,99.00,
2020,01,02,22,00,82,3.3,3.6,99.00,99.00,99.00,999,1018.7,13.8,999.0,9.9,99.0,99.00,
2020,01,02,23,00,75,3.0,3.3,99.00,99.00,99.00,999,1018.6,13.7,999.0,10.5,99.0,99.00,
2020,01,03,00,00,78,3.6,4.2,99.00,99.00,99.00,999,1018.3,13.8,999.0,11.5,99.0,99.00,
2020,01,03,01,00,82,4.2,4.6,99.00,99.00,99.00,999,1017.9,14.1,999.0,12.5,99.0,99.00,
2020,01,03,02,00,107,5.4,6.0,99.00,99.00,99.00,999,1017.4,14.8,999.0,13.2,99.0,99.00,
2020,01,03,03,00,124,4.1,4.4,99.00,99.00,99.00,999,1017.2,14.8,999.0,13.8,99.0,99.00,
2020,01,03,04,00,145,5.3,5.6,99.00,99.00,99.00,999,1016.5,15.8,999.0,15.0,99.0,99.00,
2020,01,03,05,00,173,6.1,6.4,99.00,99.00,99.00,999,1016.2,16.5,999.0,16.3,99.0,99.00,
2020,01,03,06,00,180,5.6,5.8,99.00,99.00,99.00,999,1015.5,16.2,999.0,16.2,99.0,99.00,
2020,01,03,07,00,196,6.0,6.6,99.00,99.00,99.00,999,1015.4,16.5,999.0,16.5,99.0,99.00,
2020,01,03,08,00,189,6.9,7.6,99.00,99.00,99.00,999,1015.3,16.5,999.0,16.5,99.0,99.00,
2020,01,03,09,00,219,4.4,4.8,99.00,99.00,99.00,999,1015.6,16.7,999.0,16.7,99.0,99.00,
2020,01,03,10,00,224,3.3,3.8,99.00,99.00,99.00,999,1015.7,15.4,999.0,15.4,99.0,99.00,
2020,01,03,11,00,233,4.0,5.5,99.00,99.00,99.00,999,1016.1,17.0,999.0,17.0,99.0,99.00,
2020,01,03,12,00,224,4.4,5.0,99.00,99.00,99.00,999,1016.2,15.8,999.0,15.8,99.0,99.00,
2020,01,03,13,00,216,5.8,6.7,99.00,99.00,99.00,999,1016.5,15.9,999.0,15.9,99.0,99.00,
2020,01,03,14,00,208,7.4,8.0,99.00,99.00,99.00,999,1017.0,16.4,999.0,16.4,99.0,99.00,
2020,01,03,15,00,224,4.2,4.9,99.00,99.00,99.00,999,1017.7,16.2,999.0,16.2,99.0,99.00,
2020,01,03,16,00,216,4.4,4.8,99.00,99.00,99.00,999,1017.3,16.4,999.0,16.4,99.0,99.00,
2020,01,03,17,00,213,5.3,5.9,99.00,99.00,99.00,999,1016.5,16.3,999.0,16.3,99.0,99.00,
2020,01,03,18,00,193,7.3,8.4,99.00,99.00,99.00,999,1015.2,16.3,999.0,16.3,99.0,99.00,
2020,01,03,19,00,184,7.1,7.7,99.00,99.00,99.00,999,1014.5,16.4,999.0,16.4,99.0,99.00,
2020,01,03,20,00,202,4.3,5.1,99.00,99.00,99.00,999,1014.1,16.4,999.0,16.4,99.0,99.00,
2020,01,03,21,00,203,5.7,6.4,99.00,99.00,99.00,999,1013.9,17.0,999.0,17.0,99.0,99.00,
2020,01,03,22,00,188,7.8,8.5,99.00,99.00,99.00,999,1013.6,17.0,999.0,17.0,99.0,99.00,
2020,01,03,23,00,193,6.1,6.9,99.00,99.00,99.00,999,1014.1,16.7,999.0,16.7,99.0,99.00,
2020,01,04,00,00,194,6.2,6.8,99.00,99.00,99.00,999,1014.4,17.0,999.0,17.0,99.0,99.00,
2020,01,04,01,00,184,7.6,8.3,99.00,99.00,99.00,999,1014.3,17.2,999.0,17.2,99.0,99.00,
2020,01,04,02,00,193,7.7,8.3,99.00,99.00,99.00,999,1014.6,17.5,999.0,17.5,99.0,99.00,
2020,01,04,03,00,199,6.8,7.6,99.00,99.00,99.00,999,1014.8,17.3,999.0,17.3,99.0,99.00,
2020,01,04,04,00,196,8.5,9.7,99.00,99.00,99.00,999,1014.3,17.4,999.0,17.4,99.0,99.00,
2020,01,04,05,00,196,9.1,10.1,99.00,99.00,99.00,999,1013.6,17.5,999.0,17.5,99.0,99.00,
2020,01,04,06,00,205,9.5,10.7,99.00,99.00,99.00,999,1013.1,18.0,999.0,18.0,99.0,99.00,
2020,01,04,07,00,219,6.4,7.4,99.00,99.00,99.00,999,1012.9,17.4,999.0,17.4,99.0,99.00,
2020,01,04,08,00,212,6.8,7.3,99.00,99.00,99.00,999,1012.4,16.3,999.0,16.3,99.0,99.00,
2020,01,04,09,00,201,8.4,9.9,99.00,99.00,99.00,999,1012.0,17.2,999.0,17.2,99.0,99.00,
2020,01,04,10,00,220,6.9,7.6,99.00,99.00,99.00,999,1011.9,16.7,999.0,16.7,99.0,99.00,
2020,01,04,11,00,217,5.1,5.6,99.00,99.00,99.00,999,1011.3,16.1,999.0,16.1,99.0,99.00,
2020,01,04,12,00,221,7.8,9.2,99.00,99.00,99.00,999,1011.4,17.3,999.0,17.3,99.0,99.00,
2020,01,04,13,00,244,4.5,5.6,99.00,99.00,99.00,999,1012.2,17.7,999.0,17.7,99.0,99.00,
2020,01,04,14,00,306,2.4,3.8,99.00,99.00,99.00,999,1012.9,16.9,999.0,16.9,99.0,99.00,
2020,01,04,15,00,261,2.6,3.4,99.00,99.00,99.00,999,1013.6,16.8,999.0,16.8,99.0,99.00,
2020,01,04,16,00,213,3.4,3.7,99.00,99.00,99.00,999,1012.7,15.5,999.0,15.5,99.0,99.00,
2020,01,04,17,00,222,4.2,4.8,99.00,99.00,99.00,999,1011.4,15.2,999.0,15.2,99.0,99.00,
2020,01,04,18,00,228,3.8,5.7,99.00,99.00,99.00,999,1010.7,16.2,999.0,16.2,99.0,99.00,
2020,01,04,19,00,249,3.5,5.2,99.00,99.00,99.00,999,1009.7,17.9,999.0,16.6,99.0,99.00,
2020,01,04,20,00,257,5.0,7.0,99.00,99.00,99.00,999,1009.5,19.3,999.0,15.3,99.0,99.00,
2020,01,04,21,00,256,6.1,8.0,99.00,99.00,99.00,999,1009.8,19.2,999.0,13.3,99.0,99.00,
2020,01,04,22,00,244,3.4,4.5,99.00,99.00,99.00,999,1009.7,18.4,999.0,13.6,99.0,99.00,
2020,01,04,23,00,252,3.4,5.8,99.00,99.00,99.00,999,1010.3,16.8,999.0,12.6,99.0,99.00,
2020,01,05,00,00,280,3.1,4.9,99.00,99.00,99.00,999,1011.4,16.9,999.0,10.6,99.0,99.00,
2020,01,05,01,00,286,5.9,7.5,99.00,99.00,99.00,999,1012.7,15.5,999.0,7.8,99.0,99.00,
2020,01,05,02,00,286,6.0,9.3,99.00,99.00,99.00,999,1014.0,14.3,999.0,3.4,99.0,99.00,
2020,01,05,03,00,297,12.5,16.9,99.00,99.00,99.00,999,1015.3,13.1,999.0,0.7,99.0,99.00,
2020,01,05,04,00,304,7.9,11.5,99.00,99.00,99.00,999,1016.8,11.6,999.0,-0.1,99.0,99.00,
2020,01,05,05,00,298,8.2,12.3,99.00,99.00,99.00,999,1018.1,10.4,999.0,-1.2,99.0,99.00,
2020,01,05,06,00,302,6.4,9.3,99.00,99.00,99.00,999,1019.4,9.3,999.0,-0.6,99.0,99.00,
2020,01,05,07,00,302,5.4,9.5,99.00,99.00,99.00,999,1020.4,8.4,999.0,-0.2,99.0,99.00,
2020,01,05,08,00,307,5.4,9.0,99.00,99.00,99.00,999,1021.3,7.5,999.0,-0.4,99.0,99.00,
2020,01,05,09,00,308,3.2,6.4,99.00,99.00,99.00,999,1021.8,6.7,999.0,-0.3,99.0,99.00,
2020,01,05,10,00,300,3.6,5.4,99.00,99.00,99.00,999,1021.9,6.2,999.0,-0.5,99.0,99.00,
2020,01,05,11,00,289,3.6,4.8,99.00,99.00,99.00,999,1023.0,5.5,999.0,-0.2,99.0,99.00,
2020,01,05,12,00,293,3.3,5.5,99.00,99.00,99.00,999,1024.1,4.9,999.0,-0.3,99.0,99.00,
2020,01,05,13,00,281,3.8,7.5,99.00,99.00,99.00,999,1025.1,4.9,999.0,0.0,99.0,99.00,
2020,01,05,14,00,286,3.9,5.1,99.00,99.00,99.00,999,1026.3,5.8,999.0,-0.5,99.0,99.00,
2020,01,05,15,00,292,4.4,5.8,99.00,99.00,99.00,999,1027.0,7.3,999.0,-0.3,99.0,99.00,
2020,01,05,16,00,306,2.6,4.1,99.00,99.00,99.00,999,1026.4,8.9,999.0,-0.4,99.0,99.00,
2020,01,05,17,00,298,4.5,6.2,99.00,99.00,99.00,999,1025.8,10.1,999.0,-0.7,99.0,99.00,
2020,01,05,18,00,323,2.6,4.2,99.00,99.00,99.00,999,1024.7,11.4,999.0,-0.4,99.0,99.00,
2020,01,05,19,00,264,2.8,4.4,99.00,99.00,99.00,999,1023.9,12.1,999.0,-0.3,99.0,99.00,
2020,01,05,20,00,301,2.3,4.1,99.00,99.00,99.00,999,1023.4,13.0,999.0,-0.6,99.0,99.00,
2020,01,05,21,00,244,2.1,3.0,99.00,99.00,99.00,999,1023.1,13.3,999.0,-0.4,99.0,99.00,
2020,01,05,22,00,263,2.1,2.8,99.00,99.00,99.00,999,1023.3,12.6,999.0,1.0,99.0,99.00,
2020,01,05,23,00,257,1.6,2.2,99.00,99.00,99.00,999,1023.6,10.5,999.0,2.1,99.0,99.00,
2020,01,06,00,00,245,2.0,2.4,99.00,99.00,99.00,999,1023.9,9.7,999.0,3.4,99.0,99.00,
2020,01,06,01,00,245,2.3,2.7,99.00,99.00,99.00,999,1024.0,9.0,999.0,3.9,99.0,99.00,
2020,01,06,02,00,262,1.6,2.2,99.00,99.00,99.00,999,1024.2,8.0,999.0,2.6,99.0,99.00,
2020,01,06,03,00,241,2.0,2.6,99.00,99.00,99.00,999,1024.1,7.5,999.0,2.9,99.0,99.00,
2020,01,06,04,00,235,2.8,3.2,99.00,99.00,99.00,999,1023.7,7.7,999.0,3.3,99.0,99.00,
2020,01,06,05,00,245,2.6,3.3,99.00,99.00,99.00,999,1023.1,7.8,999.0,3.6,99.0,99.00,
2020,01,06,06,00,249,2.8,4.3,99.00,99.00,99.00,999,1022.6,7.9,999.0,4.0,99.0,99.00,
2020,01,06,07,00,249,2.5,3.2,99.00,99.00,99.00,999,1022.5,7.5,999.0,3.3,99.0,99.00,
2020,01,06,08,00,238,2.8,3.4,99.00,99.00,99.00,999,1022.1,8.3,999.0,3.5,99.0,99.00,
2020,01,06,09,00,245,2.5,4.5,99.00,99.00,99.00,999,1021.5,8.5,999.0,3.1,99.0,99.00,
2020,01,06,10,00,265,3.2,4.7,99.00,99.00,99.00,999,1021.5,7.6,999.0,2.3,99.0,99.00,
2020,01,06,11,00,260,2.6,3.8,99.00,99.00,99.00,999,1021.9,7.1,999.0,2.1,99.0,99.00,
2020,01,06,12,00,255,3.2,3.9,99.00,99.00,99.00,999,1022.3,7.1,999.0,2.5,99.0,99.00,
2020,01,06,13,00,256,3.4,4.6,99.00,99.00,99.00,999,1022.7,7.2,999.0,2.4,99.0,99.00,
2020,01,06,14,00,280,3.4,6.5,99.00,99.00,99.00,999,1023.5,9.2,999.0,2.5,99.0,99.00,
2020,01,06,15,00,290,4.4,6.6,99.00,99.00,99.00,999,1023.9,11.6,999.0,2.7,99.0,99.00,
2020,01,06,16,00,302,4.1,5.4,99.00,99.00,99.00,999,1023.6,13.1,999.0,3.0,99.0,99.00,
2020,01,06,17,00,278,3.2,4.8,99.00,99.00,99.00,999,1022.6,14.1,999.0,3.1,99.0,99.00,
2020,01,06,18,00,289,1.7,2.8,99.00,99.00,99.00,999,1021.2,15.8,999.0,3.5,99.0,99.00,
2020,01,06,19,00,199,3.3,4.8,99.00,99.00,99.00,999,1020.8,14.5,999.0,8.4,99.0,99.00,
2020,01,06,20,00,210,5.9,6.4,99.00,99.00,99.00,999,1020.6,13.9,999.0,8.6,99.0,99.00,
2020,01,06,21,00,198,3.4,3.9,99.00,99.00,99.00,999,1020.6,14.0,999.0,9.9,99.0,99.00,
2020,01,06,22,00,211,4.4,4.7,99.00,99.00,99.00,999,1020.8,13.7,999.0,11.0,99.0,99.00,
2020,01,06,23,00,213,4.0,4.3,99.00,99.00,99.00,999,1021.0,13.5,999.0,11.8,99.0,99.00,
2020,01,07,00,00,241,2.4,3.3,99.00,99.00,99.00,999,1021.1,13.2,999.0,11.2,99.0,99.00,
2020,01,07,01,00,244,2.7,3.4,99.00,99.00,99.00,999,1021.1,12.7,999.0,10.6,99.0,99.00,
2020,01,07,02,00,247,2.6,3.9,99.00,99.00,99.00,999,1021.5,12.2,999.0,11.2,99.0,99.00,
2020,01,07,03,00,239,2.9,3.7,99.00,99.00,99.00,999,1021.2,12.6,999.0,11.1,99.0,99.00,
2020,01,07,04,00,234,2.9,3.5,99.00,99.00,99.00,999,1021.0,12.4,999.0,11.0,99.0,99.00,
2020,01,07,05,00,238,2.7,3.4,99.00,99.00,99.00,999,1021.0,12.1,999.0,11.2,99.0,99.00,
2020,01,07,06,00,233,3.2,4.1,99.00,99.00,99.00,999,1020.9,12.3,999.0,11.8,99.0,99.00,
2020,01,07,07,00,242,2.6,3.8,99.00,99.00,99.00,999,1020.7,11.4,999.0,11.0,99.0,99.00,
2020,01,07,08,00,229,2.2,3.0,99.00,99.00,99.00,999,1020.4,11.3,999.0,10.1,99.0,99.00,
2020,01,07,09,00,234,4.1,5.3,99.00,99.00,99.00,999,1020.4,12.2,999.0,9.5,99.0,99.00,
2020,01,07,10,00,236,3.7,5.0,99.00,99.00,99.00,999,1020.1,12.3,999.0,8.6,99.0,99.00,
2020,01,07,11,00,233,3.2,3.8,99.00,99.00,99.00,999,1019.8,12.2,999.0,8.6,99.0,99.00,
2020,01,07,12,00,235,2.5,3.4,99.00,99.00,99.00,999,1019.3,12.2,999.0,9.4,99.0,99.00,
2020,01,07,13,00,216,5.4,5.9,99.00,99.00,99.00,999,1019.2,13.0,999.0,10.2,99.0,99.00,
2020,01,07,14,00,227,4.7,6.1,99.00,99.00,99.00,999,1019.6,13.4,999.0,9.8,99.0,99.00,
2020,01,07,15,00,219,6.3,7.2,99.00,99.00,99.00,999,1019.6,14.2,999.0,10.7,99.0,99.00,
2020,01,07,16,00,222,7.9,9.6,99.00,99.00,99.00,999,1018.8,14.1,999.0,10.7,99.0,99.00,
2020,01,07,17,00,213,8.0,9.1,99.00,99.00,99.00,999,1017.5,13.9,999.0,10.4,99.0,99.00,
2020,01,07,18,00,220,9.3,10.6,99.00,99.00,99.00,999,1016.7,14.4,999.0,11.3,99.0,99.00,
2020,01,07,19,00,220,8.1,9.4,99.00,99.00,99.00,999,1016.2,14.6,999.0,12.3,99.0,99.00,
2020,01,07,20,00,222,8.0,9.2,99.00,99.00,99.00,999,1015.9,15.0,999.0,12.7,99.0,99.00,
2020,01,07,21,00,259,5.3,6.9,99.00,99.00,99.00,999,1016.7,17.7,999.0,7.6,99.0,99.00,
2020,01,07,22,00,283,5.6,7.7,99.00,99.00,99.00,999,1018.0,17.0,999.0,5.0,99.0,99.00,
2020,01,07,23,00,260,2.1,2.7,99.00,99.00,99.00,999,1019.0,15.1,999.0,5.8,99.0,99.00,
2020,01,08,00,00,255,1.9,2.6,99.00,99.00,99.00,999,1020.0,14.0,999.0,6.2,99.0,99.00,
2020,01,08,01,00,270,1.5,2.3,99.00,99.00,99.00,999,1021.3,12.9,999.0,5.7,99.0,99.00,
2020,01,08,02,00,270,1.7,2.6,99.00,99.00,99.00,999,1022.3,11.9,999.0,4.1,99.0,99.00,
2020,01,08,03,00,296,3.0,3.9,99.00,99.00,99.00,999,1023.1,11.4,999.0,3.0,99.0,99.00,
2020,01,08,04,00,285,2.6,3.3,99.00,99.00,99.00,999,1023.8,9.7,999.0,3.1,99.0,99.00,
2020,01,08,05,00,303,2.5,3.6,99.00,99.00,99.00,999,1024.3,9.9,999.0,1.0,99.0,99.00,
2020,01,08,06,00,281,2.6,3.9,99.00,99.00,99.00,999,1024.7,8.6,999.0,0.7,99.0,99.00,
2020,01,08,07,00,292,2.2,3.1,99.00,99.00,99.00,999,1024.9,8.1,999.0,1.2,99.0,99.00,
2020,01,08,08,00,294,2.3,3.0,99.00,99.00,99.00,999,1025.4,7.7,999.0,1.3,99.0,99.00,
2020,01,08,09,00,304,3.0,4.4,99.00,99.00,99.00,999,1025.6,7.8,999.0,0.9,99.0,99.00,
2020,01,08,10,00,305,2.2,2.8,99.00,99.00,99.00,999,1025.5,7.6,999.0,0.7,99.0,99.00,
2020,01,08,11,00,302,3.6,4.9,99.00,99.00,99.00,999,1026.4,7.4,999.0,0.7,99.0,99.00,
2020,01,08,12,00,305,2.5,3.3,99.00,99.00,99.00,999,1027.3,6.5,999.0,1.2,99.0,99.00,
2020,01,08,13,00,309,2.8,4.1,99.00,99.00,99.00,999,1028.0,6.6,999.0,0.4,99.0,99.00,
2020,01,08,14,00,300,3.6,4.7,99.00,99.00,99.00,999,1029.0,8.0,999.0,0.5,99.0,99.00,
2020,01,08,15,00,304,3.1,4.4,99.00,99.00,99.00,999,1030.0,10.0,999.0,0.3,99.0,99.00,
2020,01,08,16,00,313,1.7,2.9,99.00,99.00,99.00,999,1029.8,12.2,999.0,0.3,99.0,99.00,
2020,01,08,17,00,275,2.3,3.2,99.00,99.00,99.00,999,1029.4,13.6,999.0,-1.5,99.0,99.00,
2020,01,08,18,00,248,2.7,4.1,99.00,99.00,99.00,999,1028.8,14.8,999.0,-1.5,99.0,99.00,
2020,01,08,19,00,234,2.1,4.3,99.00,99.00,99.00,999,1028.0,16.2,999.0,-3.0,99.0,99.00,
2020,01,08,20,00,213,6.0,7.1,99.00,99.00,99.00,999,1028.0,13.8,999.0,6.8,99.0,99.00,
2020,01,08,21,00,212,4.7,5.3,99.00,99.00,99.00,999,1028.4,14.2,999.0,7.5,99.0,99.00,
2020,01,08,22,00,226,2.1,2.5,99.00,99.00,99.00,999,1029.2,14.8,999.0,5.6,99.0,99.00,
2020,01,08,23,00,262,1.6,2.1,99.00,99.00,99.00,999,1029.6,14.0,999.0,0.0,99.0,99.00,
2020,01,09,00,00,267,1.8,2.1,99.00,99.00,99.00,999,1030.1,12.6,999.0,0.4,99.0,99.00,
2020,01,09,01,00,294,0.9,1.2,99.00,99.00,99.00,999,1031.0,11.5,999.0,1.3,99.0,99.00,
2020,01,09,02,00,309,1.2,1.7,99.00,99.00,99.00,999,1031.6,11.5,999.0,-0.1,99.0,99.00,
2020,01,09,03,00,308,1.2,1.4,99.00,99.00,99.00,999,1032.0,11.0,999.0,2.4,99.0,99.00,
2020,01,09,04,00,319,1.0,1.3,99.00,99.00,99.00,999,1032.1,10.4,999.0,0.5,99.0,99.00,
2020,01,09,05,00,313,1.9,2.1,99.00,99.00,99.00,999,1032.1,10.3,999.0,0.6,99.0,99.00,
2020,01,09,06,00,343,2.2,2.4,99.00,99.00,99.00,999,1032.2,9.0,999.0,3.0,99.0,99.00,
2020,01,09,07,00,14,2.1,2.6,99.00,99.00,99.00,999,1032.6,11.0,999.0,4.8,99.0,99.00,
2020,01,09,08,00,11,1.9,2.0,99.00,99.00,99.00,999,1033.1,11.0,999.0,4.4,99.0,99.00,
2020,01,09,09,00,23,3.3,3.8,99.00,99.00,99.00,999,1033.2,12.1,999.0,4.3,99.0,99.00,
2020,01,09,10,00,41,4.5,5.1,99.00,99.00,99.00,999,1033.5,12.3,999.0,6.0,99.0,99.00,
2020,01,09,11,00,44,3.8,4.3,99.00,99.00,99.00,999,1034.0,12.8,999.0,8.4,99.0,99.00,
2020,01,09,12,00,37,3.4,4.1,99.00,99.00,99.00,999,1034.5,12.0,999.0,8.4,99.0,99.00,
2020,01,09,13,00,34,4.8,5.9,99.00,99.00,99.00,999,1035.1,12.0,999.0,8.3,99.0,99.00,
2020,01,09,14,00,36,4.1,4.9,99.00,99.00,99.00,999,1036.0,12.5,999.0,9.9,99.0,99.00,
2020,01,09,15,00,35,5.5,6.7,99.00,99.00,99.00,999,1036.6,13.6,999.0,11.0,99.0,99.00,
2020,01,09,16,00,47,7.0,8.0,99.00,99.00,99.00,999,1036.9,14.1,999.0,11.2,99.0,99.00,
2020,01,09,17,00,41,7.9,8.9,99.00,99.00,99.00,999,1036.4,14.2,999.0,10.5,99.0,99.00,
2020,01,09,18,00,44,9.2,10.0,99.00,99.00,99.00,999,1035.9,14.4,999.0,9.6,99.0,99.00,
2020,01,09,19,00,47,9.6,10.9,99.00,99.00,99.00,999,1035.4,14.5,999.0,9.3,99.0,99.00,
2020,01,09,20,00,47,10.5,12.4,99.00,99.00,99.00,999,1034.8,14.4,999.0,9.2,99.0,99.00,
2020,01,09,21,00,44,10.5,11.7,99.00,99.00,99.00,999,1035.1,14.1,999.0,9.5,99.0,99.00,
2020,01,09,22,00,45,10.5,12.6,99.00,99.00,99.00,999,1035.1,14.0,999.0,9.9,99.0,99.00,
2020,01,09,23,00,38,8.6,9.7,99.00,99.00,99.00,999,1035.2,13.8,999.0,10.8,99.0,99.00,
2020,01,10,00,00,45,11.1,12.7,99.00,99.00,99.00,999,1034.8,13.3,999.0,11.5,99.0,99.00,
2020,01,10,01,00,46,9.5,11.0,99.00,99.00,99.00,999,1034.8,13.6,999.0,12.6,99.0,99.00,
2020,01,10,02,00,37,7.6,9.1,99.00,99.00,99.00,999,1035.2,13.7,999.0,13.1,99.0,99.00,
2020,01,10,03,00,46,7.7,8.9,99.00,99.00,99.00,999,1034.6,13.8,999.0,13.3,99.0,99.00,
2020,01,10,04,00,40,5.7,6.6,99.00,99.00,99.00,999,1034.6,13.8,999.0,13.6,99.0,99.00,
2020,01,10,05,00,32,4.7,6.0,99.00,99.00,99.00,999,1034.3,13.8,999.0,13.4,99.0,99.00,
2020,01,10,06,00,9,4.4,5.2,99.00,99.00,99.00,999,1034.1,13.4,999.0,13.3,99.0,99.00,
2020,01,10,07,00,7,4.1,4.7,99.00,99.00,99.00,999,1034.0,13.3,999.0,13.1,99.0,99.00,
2020,01,10,08,00,10,4.1,5.0,99.00,99.00,99.00,999,1033.8,13.3,999.0,13.0,99.0,99.00,
2020,01,10,09,00,14,3.7,4.3,99.00,99.00,99.00,999,1033.3,13.4,999.0,13.0,99.0,99.00,
2020,01,10,10,00,30,4.4,5.0,99.00,99.00,99.00,999,1033.0,13.3,999.0,12.9,99.0,99.00,
2020,01,10,11,00,14,3.8,4.5,99.00,99.00,99.00,999,1032.7,13.2,999.0,12.9,99.0,99.00,
2020,01,10,12,00,22,3.7,4.2,99.00,99.00,99.00,999,1032.8,13.6,999.0,13.2,99.0,99.00,
2020,01,10,13,00,351,2.0,2.5,99.00,99.00,99.00,999,1033.3,13.6,999.0,13.2,99.0,99.00,
2020,01,10,14,00,14,1.8,2.1,99.00,99.00,99.00,999,1033.3,14.0,999.0,13.5,99.0,99.00,
2020,01,10,15,00,28,1.6,2.1,99.00,99.00,99.00,999,1034.1,15.8,999.0,14.3,99.0,99.00,
2020,01,10,16,00,86,2.0,2.2,99.00,99.00,99.00,999,1033.5,17.0,999.0,14.4,99.0,99.00,
2020,01,10,17,00,118,10.4,11.5,99.00,99.00,99.00,999,1032.3,18.0,999.0,13.7,99.0,99.00,
2020,01,10,18,00,98,6.8,7.1,99.00,99.00,99.00,999,1031.4,17.3,999.0,14.5,99.0,99.00,
2020,01,10,19,00,93,5.9,6.4,99.00,99.00,99.00,999,1030.9,16.7,999.0,15.2,99.0,99.00,
2020,01,10,20,00,107,6.6,7.2,99.00,99.00,99.00,999,1030.3,17.4,999.0,15.5,99.0,99.00,
2020,01,10,21,00,110,6.4,6.7,99.00,99.00,99.00,999,1030.4,16.9,999.0,15.5,99.0,99.00,
2020,01,10,22,00,109,6.2,6.6,99.00,99.00,99.00,999,1030.2,16.3,999.0,15.5,99.0,99.00,
2020,01,10,23,00,135,4.1,4.3,99.00,99.00,99.00,999,1030.4,16.6,999.0,15.5,99.0,99.00,
2020,01,11,00,00,118,4.7,4.9,99.00,99.00,99.00,999,1030.2,16.4,999.0,15.7,99.0,99.00,
2020,01,11,01,00,114,5.6,6.1,99.00,99.00,99.00,999,1030.0,16.8,999.0,15.9,99.0,99.00,
2020,01,11,02,00,110,4.3,4.6,99.00,99.00,99.00,999,1029.9,16.5,999.0,15.9,99.0,99.00,
2020,01,11,03,00,122,3.3,3.5,99.00,99.00,99.00,999,1029.8,16.2,999.0,15.8,99.0,99.00,
2020,01,11,04,00,137,5.0,5.3,99.00,99.00,99.00,999,1029.2,16.5,999.0,15.7,99.0,99.00,
2020,01,11,05,00,146,5.4,5.7,99.00,99.00,99.00,999,1028.6,17.1,999.0,16.1,99.0,99.00,
2020,01,11,06,00,140,6.3,6.6,99.00,99.00,99.00,999,1028.1,17.0,999.0,16.3,99.0,99.00,
2020,01,11,07,00,134,7.2,7.7,99.00,99.00,99.00,999,1027.6,17.3,999.0,16.7,99.0,99.00,
2020,01,11,08,00,143,5.2,5.4,99.00,99.00,99.00,999,1027.7,16.7,999.0,16.3,99.0,99.00,
2020,01,11,09,00,140,5.8,6.1,99.00,99.00,99.00,999,1027.2,16.9,999.0,16.6,99.0,99.00,
2020,01,11,10,00,143,5.1,5.3,99.00,99.00,99.00,999,1026.7,16.8,999.0,16.4,99.0,99.00,
2020,01,11,11,00,138,5.5,5.7,99.00,99.00,99.00,999,1026.4,16.7,999.0,16.1,99.0,99.00,
2020,01,11,12,00,158,5.7,6.5,99.00,99.00,99.00,999,1026.2,17.0,999.0,16.8,99.0,99.00,
2020,01,11,13,00,147,5.8,6.1,99.00,99.00,99.00,999,1026.0,17.2,999.0,16.9,99.0,99.00,
2020,01,11,14,00,153,4.9,5.3,99.00,99.00,99.00,999,1026.6,17.1,999.0,17.0,99.0,99.00,
2020,01,11,15,00,149,4.9,5.2,99.00,99.00,99.00,999,1027.1,17.0,999.0,17.0,99.0,99.00,
2020,01,11,16,00,144,4.3,4.4,99.00,99.00,99.00,999,1026.8,17.2,999.0,17.1,99.0,99.00,
2020,01,11,17,00,157,4.9,5.5,99.00,99.00,99.00,999,1025.8,17.7,999.0,17.5,99.0,99.00,
2020,01,11,18,00,126,5.7,6.1,99.00,99.00,99.00,999,1024.7,17.5,999.0,17.5,99.0,99.00,
2020,01,11,19,00,136,5.6,5.9,99.00,99.00,99.00,999,1024.1,17.8,999.0,17.8,99.0,99.00,
2020,01,11,20,00,131,4.7,4.9,99.00,99.00,99.00,999,1023.7,17.2,999.0,17.2,99.0,99.00,
2020,01,11,21,00,134,4.0,4.1,99.00,99.00,99.00,999,1023.3,16.8,999.0,16.8,99.0,99.00,
2020,01,11,22,00,152,6.6,7.2,99.00,99.00,99.00,999,1023.0,17.5,999.0,17.5,99.0,99.00,
2020,01,11,23,00,171,6.8,7.2,99.00,99.00,99.00,999,1023.0,17.4,999.0,17.4,99.0,99.00,
2020,01,12,00,00,184,5.9,6.4,99.00,99.00,99.00,999,1023.0,17.4,999.0,17.4,99.0,99.00,
2020,01,12,01,00,171,8.0,8.6,99.00,99.00,99.00,999,1023.3,17.9,999.0,17.9,99.0,99.00,
2020,01,12,02,00,174,8.2,9.0,99.00,99.00,99.00,999,1023.4,17.8,999.0,17.8,99.0,99.00,
2020,01,12,03,00,180,7.9,8.8,99.00,99.00,99.00,999,1023.9,17.7,999.0,17.7,99.0,99.00,
2020,01,12,04,00,187,7.3,7.9,99.00,99.00,99.00,999,1024.3,17.5,999.0,17.5,99.0,99.00,
2020,01,12,05,00,196,6.5,7.0,99.00,99.00,99.00,999,1024.4,17.5,999.0,17.5,99.0,99.00,
2020,01,12,06,00,186,4.4,5.1,99.00,99.00,99.00,999,1023.5,16.7,999.0,16.7,99.0,99.00,
2020,01,12,07,00,176,6.6,7.6,99.00,99.00,99.00,999,1023.0,17.5,999.0,17.5,99.0,99.00,
2020,01,12,08,00,196,5.5,6.0,99.00,99.00,99.00,999,1023.3,17.2,999.0,17.2,99.0,99.00,
2020,01,12,09,00,192,7.4,7.8,99.00,99.00,99.00,999,1023.2,17.3,999.0,17.3,99.0,99.00,
2020,01,12,10,00,216,5.9,6.3,99.00,99.00,99.00,999,1024.0,17.2,999.0,17.2,99.0,99.00,
2020,01,12,11,00,223,4.4,5.2,99.00,99.00,99.00,999,1025.2,16.9,999.0,16.9,99.0,99.00,
2020,01,12,12,00,229,2.6,3.4,99.00,99.00,99.00,999,1026.0,16.4,999.0,16.4,99.0,99.00,
2020,01,12,13,00,232,5.5,7.2,99.00,99.00,99.00,999,1026.6,17.5,999.0,17.5,99.0,99.00,
2020,01,12,14,00,196,5.6,6.1,99.00,99.00,99.00,999,1026.7,16.2,999.0,16.2,99.0,99.00,
2020,01,12,15,00,193,5.1,5.8,99.00,99.00,99.00,999,1026.7,16.4,999.0,16.4,99.0,99.00,
2020,01,12,16,00,207,7.1,7.8,99.00,99.00,99.00,999,1026.4,16.9,999.0,16.9,99.0,99.00,
2020,01,12,17,00,230,3.9,5.6,99.00,99.00,99.00,999,1027.0,18.4,999.0,18.4,99.0,99.00,
2020,01,12,18,00,230,4.3,5.6,99.00,99.00,99.00,999,1026.2,19.9,999.0,19.9,99.0,99.00,
2020,01,12,19,00,224,4.1,4.7,99.00,99.00,99.00,999,1025.3,17.3,999.0,17.3,99.0,99.00,
2020,01,12,20,00,196,2.5,3.0,99.00,99.00,99.00,999,1025.2,16.9,999.0,16.9,99.0,99.00,
2020,01,12,21,00,164,1.5,1.7,99.00,99.00,99.00,999,1026.0,16.7,999.0,16.7,99.0,99.00,
2020,01,12,22,00,204,2.6,2.9,99.00,99.00,99.00,999,1026.3,17.5,999.0,17.5,99.0,99.00,
2020,01,12,23,00,151,1.4,1.5,99.00,99.00,99.00,999,1026.6,16.4,999.0,16.4,99.0,99.00,
2020,01,13,00,00,144,2.2,2.4,99.00,99.00,99.00,999,1027.0,16.7,999.0,16.7,99.0,99.00,
2020,01,13,01,00,127,1.2,1.3,99.00,99.00,99.00,999,1027.4,16.5,999.0,16.5,99.0,99.00,
2020,01,13,02,00,0,0.0,0.0,99.00,99.00,99.00,999,1027.5,16.3,999.0,16.3,99.0,99.00,
2020,01,13,03,00,67,0.6,0.7,99.00,99.00,99.00,999,1028.1,16.6,999.0,16.6,99.0,99.00,
2020,01,13,04,00,121,2.0,2.3,99.00,99.00,99.00,999,1028.1,16.4,999.0,16.4,99.0,99.00,
2020,01,13,05,00,216,1.4,2.1,99.00,99.00,99.00,999,1027.4,16.8,999.0,16.8,99.0,99.00,
2020,01,13,06,00,196,1.1,1.3,99.00,99.00,99.00,999,1027.3,16.7,999.0,16.7,99.0,99.00,
2020,01,13,07,00,211,0.4,0.6,99.00,99.00,99.00,999,1027.3,16.9,999.0,16.9,99.0,99.00,
2020,01,13,08,00,0,0.0,0.1,99.00,99.00,99.00,999,1027.4,16.3,999.0,16.3,99.0,99.00,
2020,01,13,09,00,352,0.4,0.4,99.00,99.00,99.00,999,1028.0,16.2,999.0,16.2,99.0,99.00,
2020,01,13,10,00,0,0.0,0.1,99.00,99.00,99.00,999,1027.8,16.2,999.0,16.2,99.0,99.00,
2020,01,13,11,00,61,1.1,1.3,99.00,99.00,99.00,999,1028.0,16.2,999.0,16.2,99.0,99.00,
2020,01,13,12,00,82,1.2,1.4,99.00,99.00,99.00,999,1028.6,16.0,999.0,16.0,99.0,99.00,
2020,01,13,13,00,109,2.5,2.7,99.00,99.00,99.00,999,1029.0,17.1,999.0,17.1,99.0,99.00,
2020,01,13,14,00,254,0.2,0.6,99.00,99.00,99.00,999,1029.8,17.7,999.0,17.7,99.0,99.00,
2020,01,13,15,00,184,2.4,2.6,99.00,99.00,99.00,999,1030.2,17.7,999.0,17.7,99.0,99.00,
2020,01,13,16,00,211,2.3,2.8,99.00,99.00,99.00,999,1030.3,18.8,999.0,18.8,99.0,99.00,
2020,01,13,17,00,214,3.1,3.4,99.00,99.00,99.00,999,1029.7,18.3,999.0,18.3,99.0,99.00,
2020,01,13,18,00,205,2.3,2.7,99.00,99.00,99.00,999,1028.8,18.4,999.0,18.4,99.0,99.00,
2020,01,13,19,00,221,2.8,3.3,99.00,99.00,99.00,999,1028.3,18.9,999.0,18.9,99.0,99.00,
2020,01,13,20,00,183,1.3,1.7,99.00,99.00,99.00,999,1027.6,19.5,999.0,19.5,99.0,99.00,
2020,01,13,21,00,198,3.2,3.6,99.00,99.00,99.00,999,1027.9,19.0,999.0,19.0,99.0,99.00,
2020,01,13,22,00,174,1.3,1.4,99.00,99.00,99.00,999,1028.2,17.7,999.0,17.7,99.0,99.00,
2020,01,13,23,00,161,0.9,1.0,99.00,99.00,99.00,999,1028.6,17.6,999.0,17.6,99.0,99.00,
2020,01,14,00,00,123,1.8,2.1,99.00,99.00,99.00,999,1028.9,16.8,999.0,16.8,99.0,99.00,
2020,01,14,01,00,141,1.2,1.5,99.00,99.00,99.00,999,1028.7,16.8,999.0,16.8,99.0,99.00,
2020,01,14,02,00,140,0.7,1.0,99.00,99.00,99.00,999,1028.8,16.2,999.0,16.2,99.0,99.00,
2020,01,14,03,00,125,0.7,0.9,99.00,99.00,99.00,999,1028.7,16.2,999.0,16.2,99.0,99.00,
2020,01,14,04,00,142,2.6,2.7,99.00,99.00,99.00,999,1028.6,16.7,999.0,16.7,99.0,99.00,
2020,01,14,05,00,153,1.7,1.9,99.00,99.00,99.00,999,1027.8,17.0,999.0,17.0,99.0,99.00,
2020,01,14,06,00,182,2.0,2.3,99.00,99.00,99.00,999,1027.0,17.2,999.0,17.2,99.0,99.00,
2020,01,14,07,00,195,2.6,2.9,99.00,99.00,99.00,999,1026.9,17.5,999.0,17.5,99.0,99.00,
2020,01,14,08,00,208,2.4,2.5,99.00,99.00,99.00,999,1026.8,17.3,999.0,17.3,99.0,99.00,
2020,01,14,09,00,236,1.2,2.0,99.00,99.00,99.00,999,1026.5,18.0,999.0,18.0,99.0,99.00,
2020,01,14,10,00,212,1.9,2.2,99.00,99.00,99.00,999,1025.9,17.2,999.0,17.2,99.0,99.00,
2020,01,14,11,00,202,1.3,1.4,99.00,99.00,99.00,999,1025.7,16.3,999.0,16.3,99.0,99.00,
2020,01,14,12,00,224,2.0,2.4,99.00,99.00,99.00,999,1025.6,15.8,999.0,15.8,99.0,99.00,
2020,01,14,13,00,201,3.1,3.4,99.00,99.00,99.00,999,1025.2,15.9,999.0,15.9,99.0,99.00,
2020,01,14,14,00,220,2.3,2.6,99.00,99.00,99.00,999,1025.1,16.3,999.0,16.3,99.0,99.00,
2020,01,14,15,00,221,2.1,2.5,99.00,99.00,99.00,999,1026.8,18.4,999.0,18.4,99.0,99.00,
2020,01,14,16,00,201,2.8,3.2,99.00,99.00,99.00,999,1026.8,17.7,999.0,17.7,99.0,99.00,
2020,01,14,17,00,196,2.9,3.5,99.00,99.00,99.00,999,1025.7,17.5,999.0,17.5,99.0,99.00,
2020,01,14,18,00,197,3.0,3.6,99.00,99.00,99.00,999,1024.3,16.8,999.0,16.8,99.0,99.00,
2020,01,14,19,00,213,4.3,4.8,99.00,99.00,99.00,999,1023.7,16.9,999.0,16.9,99.0,99.00,
2020,01,14,20,00,216,4.1,4.7,99.00,99.00,99.00,999,1023.2,17.0,999.0,17.0,99.0,99.00,
2020,01,14,21,00,221,5.4,6.2,99.00,99.00,99.00,999,1023.0,17.2,999.0,17.2,99.0,99.00,
2020,01,14,22,00,219,4.6,5.7,99.00,99.00,99.00,999,1023.4,17.1,999.0,17.1,99.0,99.00,
2020,01,14,23,00,234,4.0,4.6,99.00,99.00,99.00,999,1023.4,18.0,999.0,18.0,99.0,99.00,
2020,01,15,00,00,227,3.1,4.2,99.00,99.00,99.00,999,1023.5,17.8,999.0,17.8,99.0,99.00,
2020,01,15,01,00,226,3.5,4.6,99.00,99.00,99.00,999,1023.5,16.7,999.0,16.7,99.0,99.00,
2020,01,15,02,00,232,3.6,4.7,99.00,99.00,99.00,999,1023.4,16.5,999.0,16.5,99.0,99.00,
2020,01,15,03,00,232,3.6,6.2,99.00,99.00,99.00,999,1023.1,17.0,999.0,17.0,99.0,99.00,
2020,01,15,04,00,230,4.3,5.1,99.00,99.00,99.00,999,1022.7,17.4,999.0,17.4,99.0,99.00,
2020,01,15,05,00,225,5.3,6.2,99.00,99.00,99.00,999,1022.3,17.1,999.0,17.1,99.0,99.00,
2020,01,15,06,00,241,3.2,4.1,99.00,99.00,99.00,999,1022.1,18.3,999.0,18.1,99.0,99.00,
2020,01,15,07,00,11,0.2,0.7,99.00,99.00,99.00,999,1023.0,17.7,999.0,17.7,99.0,99.00,
2020,01,15,08,00,1,1.1,1.2,99.00,99.00,99.00,999,1023.1,17.1,999.0,17.1,99.0,99.00,
2020,01,15,09,00,212,0.3,0.7,99.00,99.00,99.00,999,1023.2,17.4,999.0,17.4,99.0,99.00,
2020,01,15,10,00,157,1.6,1.8,99.00,99.00,99.00,999,1022.4,16.7,999.0,16.7,99.0,99.00,
2020,01,15,11,00,140,0.3,0.4,99.00,99.00,99.00,999,1022.6,16.9,999.0,16.9,99.0,99.00,
2020,01,15,12,00,177,2.0,2.2,99.00,99.00,99.00,999,1022.9,16.8,999.0,16.8,99.0,99.00,
2020,01,15,13,00,224,0.7,0.9,99.00,99.00,99.00,999,1023.6,16.8,999.0,16.8,99.0,99.00,
2020,01,15,14,00,203,1.5,1.9,99.00,99.00,99.00,999,1023.6,17.4,999.0,17.4,99.0,99.00,
2020,01,15,15,00,199,3.0,3.2,99.00,99.00,99.00,999,1024.0,17.1,999.0,17.1,99.0,99.00,
2020,01,15,16,00,205,2.3,2.9,99.00,99.00,99.00,999,1023.9,18.2,999.0,17.7,99.0,99.00,
2020,01,15,17,00,223,3.0,3.9,99.00,99.00,99.00,999,1023.3,18.7,999.0,18.2,99.0,99.00,
2020,01,15,18,00,213,3.8,4.0,99.00,99.00,99.00,999,1022.5,18.8,999.0,17.8,99.0,99.00,
2020,01,15,19,00,219,4.9,6.0,99.00,99.00,99.00,999,1021.9,19.5,999.0,18.4,99.0,99.00,
2020,01,15,20,00,207,4.3,4.7,99.00,99.00,99.00,999,1021.7,18.0,999.0,17.5,99.0,99.00,
2020,01,15,21,00,218,3.2,3.9,99.00,99.00,99.00,999,1021.5,18.2,999.0,17.9,99.0,99.00,
2020,01,15,22,00,217,3.9,4.2,99.00,99.00,99.00,999,1021.8,17.9,999.0,17.9,99.0,99.00,
2020,01,15,23,00,233,3.2,4.0,99.00,99.00,99.00,999,1022.5,17.4,999.0,17.4,99.0,99.00,
2020,01,16,00,00,220,3.9,4.4,99.00,99.00,99.00,999,1022.9,17.5,999.0,17.5,99.0,99.00,
2020,01,16,01,00,239,1.9,2.3,99.00,99.00,99.00,999,1023.3,17.9,999.0,17.9,99.0,99.00,
2020,01,16,02,00,256,2.0,2.3,99.00,99.00,99.00,999,1023.4,17.8,999.0,17.8,99.0,99.00,
2020,01,16,03,00,240,2.4,2.9,99.00,99.00,99.00,999,1023.4,17.5,999.0,17.5,99.0,99.00,
2020,01,16,04,00,221,2.9,3.2,99.00,99.00,99.00,999,1023.0,16.6,999.0,16.6,99.0,99.00,
2020,01,16,05,00,224,3.1,3.4,99.00,99.00,99.00,999,1022.5,16.5,999.0,16.5,99.0,99.00,
2020,01,16,06,00,223,3.2,3.5,99.00,99.00,99.00,999,1022.1,16.4,999.0,16.4,99.0,99.00,
2020,01,16,07,00,255,3.1,4.0,99.00,99.00,99.00,999,1022.2,17.6,999.0,17.6,99.0,99.00,
2020,01,16,08,00,240,1.8,2.4,99.00,99.00,99.00,999,1021.8,16.9,999.0,16.9,99.0,99.00,
2020,01,16,09,00,218,4.4,4.9,99.00,99.00,99.00,999,1021.3,16.0,999.0,16.0,99.0,99.00,
2020,01,16,10,00,241,1.6,2.1,99.00,99.00,99.00,999,1021.5,16.7,999.0,16.7,99.0,99.00,
2020,01,16,11,00,236,2.5,3.4,99.00,99.00,99.00,999,1022.3,16.8,999.0,16.8,99.0,99.00,
2020,01,16,12,00,246,2.0,2.6,99.00,99.00,99.00,999,1023.0,17.2,999.0,17.2,99.0,99.00,
2020,01,16,13,00,222,3.3,3.5,99.00,99.00,99.00,999,1023.3,16.3,999.0,16.3,99.0,99.00,
2020,01,16,14,00,206,5.0,5.8,99.00,99.00,99.00,999,1022.4,16.3,999.0,16.3,99.0,99.00,
2020,01,16,15,00,253,3.3,5.4,99.00,99.00,99.00,999,1022.5,18.6,999.0,18.6,99.0,99.00,
2020,01,16,16,00,287,4.1,5.8,99.00,99.00,99.00,999,1022.8,21.5,999.0,20.0,99.0,99.00,
2020,01,16,17,00,299,4.4,5.9,99.00,99.00,99.00,999,1022.3,23.1,999.0,18.7,99.0,99.00,
2020,01,16,18,00,297,4.5,6.6,99.00,99.00,99.00,999,1021.8,23.6,999.0,16.9,99.0,99.00,
2020,01,16,19,00,322,3.2,5.3,99.00,99.00,99.00,999,1021.8,24.0,999.0,16.6,99.0,99.00,
2020,01,16,20,00,329,4.1,5.7,99.00,99.00,99.00,999,1022.0,23.0,999.0,16.8,99.0,99.00,
2020,01,16,21,00,329,4.0,5.6,99.00,99.00,99.00,999,1022.5,23.4,999.0,15.8,99.0,99.00,
2020,01,16,22,00,340,5.5,6.3,99.00,99.00,99.00,999,1023.4,22.5,999.0,12.8,99.0,99.00,
2020,01,16,23,00,343,5.2,6.7,99.00,99.00,99.00,999,1024.7,20.6,999.0,10.1,99.0,99.00,
2020,01,17,00,00,346,4.9,6.2,99.00,99.00,99.00,999,1026.1,18.7,999.0,9.7,99.0,99.00,
2020,01,17,01,00,344,5.4,6.6,99.00,99.00,99.00,999,1027.0,17.6,999.0,4.9,99.0,99.00,
2020,01,17,02,00,350,4.6,6.5,99.00,99.00,99.00,999,1027.9,17.1,999.0,4.8,99.0,99.00,
2020,01,17,03,00,342,3.9,4.8,99.00,99.00,99.00,999,1028.4,16.0,999.0,4.2,99.0,99.00,
2020,01,17,04,00,347,4.1,5.4,99.00,99.00,99.00,999,1028.8,15.2,999.0,4.2,99.0,99.00,
2020,01,17,05,00,343,3.1,3.9,99.00,99.00,99.00,999,1029.0,13.9,999.0,4.8,99.0,99.00,
2020,01,17,06,00,345,3.2,4.4,99.00,99.00,99.00,999,1029.4,13.6,999.0,4.2,99.0,99.00,
2020,01,17,07,00,345,4.6,5.9,99.00,99.00,99.00,999,1029.7,13.7,999.0,2.7,99.0,99.00,
2020,01,17,08,00,0,5.8,7.1,99.00,99.00,99.00,999,1029.9,13.8,999.0,-0.1,99.0,99.00,
2020,01,17,09,00,7,9.4,10.9,99.00,99.00,99.00,999,1030.3,13.0,999.0,-1.1,99.0,99.00,
2020,01,17,10,00,6,7.7,9.2,99.00,99.00,99.00,999,1031.2,12.2,999.0,-1.1,99.0,99.00,
2020,01,17,11,00,17,8.6,10.1,99.00,99.00,99.00,999,1032.5,11.2,999.0,-2.3,99.0,99.00,
2020,01,17,12,00,15,8.4,10.3,99.00,99.00,99.00,999,1033.6,10.3,999.0,-1.3,99.0,99.00,
2020,01,17,13,00,24,10.0,11.5,99.00,99.00,99.00,999,1034.9,9.6,999.0,-3.1,99.0,99.00,
2020,01,17,14,00,32,11.1,13.4,99.00,99.00,99.00,999,1035.9,9.3,999.0,-3.3,99.0,99.00,
2020,01,17,15,00,35,9.0,11.0,99.00,99.00,99.00,999,1036.6,9.1,999.0,-1.0,99.0,99.00,
2020,01,17,16,00,38,9.9,12.0,99.00,99.00,99.00,999,1037.1,9.3,999.0,0.0,99.0,99.00,
2020,01,17,17,00,47,8.8,9.8,99.00,99.00,99.00,999,1036.8,9.5,999.0,-0.2,99.0,99.00,
2020,01,17,18,00,51,9.8,12.0,99.00,99.00,99.00,999,1035.8,9.7,999.0,-0.3,99.0,99.00,
2020,01,17,19,00,55,11.2,12.3,99.00,99.00,99.00,999,1035.9,9.8,999.0,-0.8,99.0,99.00,
2020,01,17,20,00,67,10.2,12.7,99.00,99.00,99.00,999,1035.7,9.7,999.0,0.4,99.0,99.00,
2020,01,17,21,00,64,8.8,10.4,99.00,99.00,99.00,999,1036.2,10.0,999.0,1.0,99.0,99.00,
2020,01,17,22,00,69,9.2,11.1,99.00,99.00,99.00,999,1036.5,9.9,999.0,1.9,99.0,99.00,
2020,01,17,23,00,56,10.6,12.1,99.00,99.00,99.00,999,1036.5,10.0,999.0,1.2,99.0,99.00,
2020,01,18,00,00,59,7.7,9.3,99.00,99.00,99.00,999,1037.4,9.7,999.0,1.1,99.0,99.00,
2020,01,18,01,00,57,10.3,12.9,99.00,99.00,99.00,999,1036.9,10.0,999.0,1.6,99.0,99.00,
2020,01,18,02,00,72,9.1,11.2,99.00,99.00,99.00,999,1037.0,10.2,999.0,2.4,99.0,99.00,
2020,01,18,03,00,68,9.4,11.0,99.00,99.00,99.00,999,1036.9,10.5,999.0,4.2,99.0,99.00,
2020,01,18,04,00,61,9.6,11.5,99.00,99.00,99.00,999,1036.3,10.6,999.0,5.0,99.0,99.00,
2020,01,18,05,00,18,6.2,7.6,99.00,99.00,99.00,999,1035.6,9.1,999.0,4.4,99.0,99.00,
2020,01,18,06,00,15,6.3,7.3,99.00,99.00,99.00,999,1035.0,8.2,999.0,3.7,99.0,99.00,
2020,01,18,07,00,14,6.0,7.1,99.00,99.00,99.00,999,1034.0,8.5,999.0,4.8,99.0,99.00,
2020,01,18,08,00,12,8.7,9.7,99.00,99.00,99.00,999,1033.2,8.2,999.0,4.5,99.0,99.00,
2020,01,18,09,00,17,7.4,8.6,99.00,99.00,99.00,999,1032.9,8.2,999.0,4.8,99.0,99.00,
2020,01,18,10,00,7,7.5,8.8,99.00,99.00,99.00,999,1032.5,8.0,999.0,4.6,99.0,99.00,
2020,01,18,11,00,14,7.0,8.6,99.00,99.00,99.00,999,1032.1,8.1,999.0,5.2,99.0,99.00,
2020,01,18,12,00,13,7.4,9.3,99.00,99.00,99.00,999,1032.1,8.2,999.0,5.9,99.0,99.00,
2020,01,18,13,00,15,6.1,7.3,99.00,99.00,99.00,999,1031.8,8.7,999.0,7.0,99.0,99.00,
2020,01,18,14,00,12,5.6,7.2,99.00,99.00,99.00,999,1031.7,9.3,999.0,7.9,99.0,99.00,
2020,01,18,15,00,3,5.9,6.7,99.00,99.00,99.00,999,1031.6,10.2,999.0,8.8,99.0,99.00,
2020,01,18,16,00,21,5.9,7.5,99.00,99.00,99.00,999,1030.9,12.4,999.0,11.4,99.0,99.00,
2020,01,18,17,00,35,6.6,8.4,99.00,99.00,99.00,999,1029.8,13.3,999.0,12.6,99.0,99.00,
2020,01,18,18,00,44,6.3,6.7,99.00,99.00,99.00,999,1028.0,13.7,999.0,13.1,99.0,99.00,
2020,01,18,19,00,46,3.9,4.2,99.00,99.00,99.00,999,1027.1,14.3,999.0,13.8,99.0,99.00,
2020,01,18,20,00,77,1.1,1.4,99.00,99.00,99.00,999,1026.2,15.2,999.0,14.5,99.0,99.00,
2020,01,18,21,00,0,0.0,0.1,99.00,99.00,99.00,999,1025.6,15.4,999.0,14.8,99.0,99.00,
2020,01,18,22,00,151,3.9,4.2,99.00,99.00,99.00,999,1024.0,15.5,999.0,13.9,99.0,99.00,
2020,01,18,23,00,182,6.2,6.9,99.00,99.00,99.00,999,1023.2,16.5,999.0,15.2,99.0,99.00,
2020,01,19,00,00,221,3.1,3.6,99.00,99.00,99.00,999,1022.9,15.5,999.0,15.2,99.0,99.00,
2020,01,19,01,00,234,3.1,3.7,99.00,99.00,99.00,999,1022.3,15.5,999.0,15.4,99.0,99.00,
2020,01,19,02,00,228,3.2,4.1,99.00,99.00,99.00,999,1022.0,16.3,999.0,15.6,99.0,99.00,
2020,01,19,03,00,216,2.7,3.2,99.00,99.00,99.00,999,1021.6,16.2,999.0,15.6,99.0,99.00,
2020,01,19,04,00,188,3.9,4.2,99.00,99.00,99.00,999,1021.0,14.9,999.0,14.9,99.0,99.00,
2020,01,19,05,00,214,4.6,5.1,99.00,99.00,99.00,999,1020.3,15.1,999.0,15.1,99.0,99.00,
2020,01,19,06,00,235,4.3,6.0,99.00,99.00,99.00,999,1019.6,16.3,999.0,16.3,99.0,99.00,
2020,01,19,07,00,232,5.5,7.3,99.00,99.00,99.00,999,1018.9,16.4,999.0,16.2,99.0,99.00,
2020,01,19,08,00,216,6.7,7.2,99.00,99.00,99.00,999,1017.8,15.7,999.0,15.7,99.0,99.00,
2020,01,19,09,00,225,6.7,8.6,99.00,99.00,99.00,999,1017.1,16.1,999.0,15.7,99.0,99.00,
2020,01,19,10,00,226,7.8,9.6,99.00,99.00,99.00,999,1016.6,15.9,999.0,15.3,99.0,99.00,
2020,01,19,11,00,227,7.2,8.7,99.00,99.00,99.00,999,1016.7,15.9,999.0,15.4,99.0,99.00,
2020,01,19,12,00,229,6.3,8.5,99.00,99.00,99.00,999,1017.0,16.2,999.0,15.4,99.0,99.00,
2020,01,19,13,00,226,8.3,9.9,99.00,99.00,99.00,999,1016.8,16.1,999.0,15.3,99.0,99.00,
2020,01,19,14,00,218,8.2,9.7,99.00,99.00,99.00,999,1016.4,16.0,999.0,15.4,99.0,99.00,
2020,01,19,15,00,224,7.1,8.4,99.00,99.00,99.00,999,1016.5,16.1,999.0,15.8,99.0,99.00,
2020,01,19,16,00,241,6.6,10.5,99.00,99.00,99.00,999,1016.5,16.8,999.0,16.3,99.0,99.00,
2020,01,19,17,00,285,5.3,8.9,99.00,99.00,99.00,999,1016.0,15.5,999.0,14.5,99.0,99.00,
2020,01,19,18,00,274,3.6,5.5,99.00,99.00,99.00,999,1015.1,15.8,999.0,14.2,99.0,99.00,
2020,01,19,19,00,252,4.1,6.6,99.00,99.00,99.00,999,1014.2,17.0,999.0,10.7,99.0,99.00,
2020,01,19,20,00,274,4.3,6.8,99.00,99.00,99.00,999,1014.4,15.8,999.0,7.8,99.0,99.00,
2020,01,19,21,00,258,3.4,4.2,99.00,99.00,99.00,999,1014.7,15.5,999.0,7.7,99.0,99.00,
2020,01,19,22,00,274,3.0,5.0,99.00,99.00,99.00,999,1015.1,14.5,999.0,4.8,99.0,99.00,
2020,01,19,23,00,284,3.6,4.5,99.00,99.00,99.00,999,1016.2,12.5,999.0,2.7,99.0,99.00,
2020,01,20,00,00,286,4.3,7.3,99.00,99.00,99.00,999,1017.0,10.9,999.0,0.7,99.0,99.00,
2020,01,20,01,00,285,3.8,6.6,99.00,99.00,99.00,999,1018.2,10.0,999.0,-0.3,99.0,99.00,
2020,01,20,02,00,280,1.8,3.0,99.00,99.00,99.00,999,1018.7,8.8,999.0,-0.4,99.0,99.00,
2020,01,20,03,00,300,3.3,4.3,99.00,99.00,99.00,999,1019.0,8.2,999.0,0.4,99.0,99.00,
2020,01,20,04,00,299,3.4,4.4,99.00,99.00,99.00,999,1019.7,7.7,999.0,0.4,99.0,99.00,
2020,01,20,05,00,305,3.9,5.7,99.00,99.00,99.00,999,1019.7,7.3,999.0,-0.3,99.0,99.00,
2020,01,20,06,00,323,3.9,5.0,99.00,99.00,99.00,999,1020.0,7.0,999.0,-0.5,99.0,99.00,
2020,01,20,07,00,354,7.6,9.7,99.00,99.00,99.00,999,1020.3,8.0,999.0,0.1,99.0,99.00,
2020,01,20,08,00,9,9.5,10.9,99.00,99.00,99.00,999,1020.9,7.2,999.0,-0.2,99.0,99.00,
2020,01,20,09,00,5,7.6,10.4,99.00,99.00,99.00,999,1021.6,5.9,999.0,-1.9,99.0,99.00,
2020,01,20,10,00,6,10.2,12.3,99.00,99.00,99.00,999,1022.1,4.7,999.0,-3.3,99.0,99.00,
2020,01,20,11,00,3,9.0,10.5,99.00,99.00,99.00,999,1023.2,3.4,999.0,-3.9,99.0,99.00,
2020,01,20,12,00,16,9.0,11.6,99.00,99.00,99.00,999,1024.5,3.0,999.0,-3.7,99.0,99.00,
2020,01,20,13,00,8,8.8,10.3,99.00,99.00,99.00,999,1025.6,2.7,999.0,-4.0,99.0,99.00,
2020,01,20,14,00,8,9.3,11.9,99.00,99.00,99.00,999,1026.5,2.6,999.0,-5.0,99.0,99.00,
2020,01,20,15,00,4,6.9,8.5,99.00,99.00,99.00,999,1027.2,3.2,999.0,-5.7,99.0,99.00,
2020,01,20,16,00,20,5.8,6.5,99.00,99.00,99.00,999,1027.2,3.7,999.0,-6.3,99.0,99.00,
2020,01,20,17,00,22,5.5,7.7,99.00,99.00,99.00,999,1026.8,4.1,999.0,-6.5,99.0,99.00,
2020,01,20,18,00,22,2.8,3.9,99.00,99.00,99.00,999,1025.9,5.0,999.0,-5.8,99.0,99.00,
2020,01,20,19,00,2,3.9,6.1,99.00,99.00,99.00,999,1025.4,6.3,999.0,-5.8,99.0,99.00,
2020,01,20,20,00,22,2.4,2.8,99.00,99.00,99.00,999,1025.3,6.4,999.0,-6.5,99.0,99.00,
2020,01,20,21,00,359,4.5,5.9,99.00,99.00,99.00,999,1025.7,6.8,999.0,-3.9,99.0,99.00,
2020,01,20,22,00,348,3.8,5.1,99.00,99.00,99.00,999,1026.3,6.3,999.0,-5.3,99.0,99.00,
2020,01,20,23,00,341,5.4,7.0,99.00,99.00,99.00,999,1026.5,5.4,999.0,-4.0,99.0,99.00,
2020,01,21,00,00,355,6.5,7.9,99.00,99.00,99.00,999,1027.3,5.3,999.0,-4.3,99.0,99.00,
2020,01,21,01,00,2,7.0,8.0,99.00,99.00,99.00,999,1027.8,4.9,999.0,-4.4,99.0,99.00,
2020,01,21,02,00,9,7.0,8.2,99.00,99.00,99.00,999,1027.9,4.6,999.0,-4.8,99.0,99.00,
2020,01,21,03,00,19,8.0,9.7,99.00,99.00,99.00,999,1027.7,4.1,999.0,-5.2,99.0,99.00,
2020,01,21,04,00,18,7.8,9.5,99.00,99.00,99.00,999,1027.7,3.9,999.0,-4.7,99.0,99.00,
2020,01,21,05,00,16,8.1,10.1,99.00,99.00,99.00,999,1027.2,3.5,999.0,-4.2,99.0,99.00,
2020,01,21,06,00,13,8.8,10.8,99.00,99.00,99.00,999,1027.0,3.3,999.0,-4.6,99.0,99.00,
2020,01,21,07,00,11,9.0,10.2,99.00,99.00,99.00,999,1026.8,3.0,999.0,-4.5,99.0,99.00,
2020,01,21,08,00,8,9.2,10.8,99.00,99.00,99.00,999,1026.6,2.8,999.0,-4.5,99.0,99.00,
2020,01,21,09,00,20,9.2,11.2,99.00,99.00,99.00,999,1026.6,2.6,999.0,-4.9,99.0,99.00,
2020,01,21,10,00,19,9.5,13.3,99.00,99.00,99.00,999,1026.5,2.2,999.0,-5.2,99.0,99.00,
2020,01,21,11,00,16,9.9,14.0,99.00,99.00,99.00,999,1026.7,1.7,999.0,-5.7,99.0,99.00,
2020,01,21,12,00,16,9.9,12.3,99.00,99.00,99.00,999,1027.4,1.0,999.0,-6.4,99.0,99.00,
2020,01,21,13,00,8,10.1,12.4,99.00,99.00,99.00,999,1028.0,0.3,999.0,-6.0,99.0,99.00,
2020,01,21,14,00,10,9.0,10.8,99.00,99.00,99.00,999,1028.9,0.4,999.0,-7.3,99.0,99.00,
2020,01,21,15,00,5,8.4,10.3,99.00,99.00,99.00,999,1029.3,1.2,999.0,-7.9,99.0,99.00,
2020,01,21,16,00,355,7.6,9.3,99.00,99.00,99.00,999,1029.0,2.0,999.0,-7.4,99.0,99.00,
2020,01,21,17,00,356,8.0,10.5,99.00,99.00,99.00,999,1028.0,2.8,999.0,-7.9,99.0,99.00,
2020,01,21,18,00,336,9.2,11.8,99.00,99.00,99.00,999,1026.4,3.8,999.0,-7.9,99.0,99.00,
2020,01,21,19,00,336,7.6,9.9,99.00,99.00,99.00,999,1025.9,4.3,999.0,-7.5,99.0,99.00,
2020,01,21,20,00,342,10.5,14.5,99.00,99.00,99.00,999,1025.4,4.5,999.0,-8.2,99.0,99.00,
2020,01,21,21,00,344,11.5,14.3,99.00,99.00,99.00,999,1025.2,4.3,999.0,-8.5,99.0,99.00,
2020,01,21,22,00,344,9.8,12.1,99.00,99.00,99.00,999,1025.1,4.4,999.0,-7.9,99.0,99.00,
2020,01,21,23,00,356,10.0,12.3,99.00,99.00,99.00,999,1026.0,4.5,999.0,-7.6,99.0,99.00,
2020,01,22,00,00,6,9.0,10.6,99.00,99.00,99.00,999,1027.3,4.1,999.0,-9.0,99.0,99.00,
2020,01,22,01,00,352,8.9,11.4,99.00,99.00,99.00,999,1026.5,3.7,999.0,-8.9,99.0,99.00,
2020,01,22,02,00,2,8.8,10.7,99.00,99.00,99.00,999,1027.4,3.6,999.0,-7.9,99.0,99.00,
2020,01,22,03,00,2,11.2,13.7,99.00,99.00,99.00,999,1025.5,3.0,999.0,-8.6,99.0,99.00,
2020,01,22,04,00,2,8.0,9.3,99.00,99.00,99.00,999,1026.4,2.9,999.0,-8.6,99.0,99.00,
2020,01,22,05,00,6,8.5,11.5,99.00,99.00,99.00,999,1025.4,2.6,999.0,-8.1,99.0,99.00,
2020,01,22,06,00,358,8.1,9.8,99.00,99.00,99.00,999,1025.0,2.3,999.0,-8.1,99.0,99.00,
2020,01,22,07,00,5,9.0,10.9,99.00,99.00,99.00,999,1024.7,2.3,999.0,-7.7,99.0,99.00,
2020,01,22,08,00,354,8.6,10.7,99.00,99.00,99.00,999,1024.7,2.0,999.0,-6.5,99.0,99.00,
2020,01,22,09,00,354,8.8,10.7,99.00,99.00,99.00,999,1024.2,2.0,999.0,-5.9,99.0,99.00,
2020,01,22,10,00,354,8.1,10.0,99.00,99.00,99.00,999,1024.5,1.9,999.0,-5.0,99.0,99.00,
2020,01,22,11,00,354,7.8,11.3,99.00,99.00,99.00,999,1025.1,2.0,999.0,-3.9,99.0,99.00,
2020,01,22,12,00,6,9.6,11.3,99.00,99.00,99.00,999,1025.6,1.6,999.0,-4.2,99.0,99.00,
2020,01,22,13,00,3,7.7,9.7,99.00,99.00,99.00,999,1026.3,1.7,999.0,-3.6,99.0,99.00,
2020,01,22,14,00,4,8.4,10.2,99.00,99.00,99.00,999,1026.0,2.5,999.0,-2.6,99.0,99.00,
2020,01,22,15,00,13,8.5,9.9,99.00,99.00,99.00,999,1026.5,3.9,999.0,-1.9,99.0,99.00,
2020,01,22,16,00,7,8.1,9.4,99.00,99.00,99.00,999,1026.5,5.4,999.0,-1.2,99.0,99.00,
2020,01,22,17,00,15,6.7,7.8,99.00,99.00,99.00,999,1026.0,7.3,999.0,0.0,99.0,99.00,
2020,01,22,18,00,23,6.5,7.6,99.00,99.00,99.00,999,1025.5,8.7,999.0,0.8,99.0,99.00,
2020,01,22,19,00,12,5.6,6.8,99.00,99.00,99.00,999,1024.4,10.1,999.0,1.8,99.0,99.00,
2020,01,22,20,00,68,8.2,9.5,99.00,99.00,99.00,999,1024.0,9.7,999.0,5.0,99.0,99.00,
2020,01,22,21,00,56,7.5,8.4,99.00,99.00,99.00,999,1024.0,10.2,999.0,5.6,99.0,99.00,
2020,01,22,22,00,61,5.5,6.0,99.00,99.00,99.00,999,1024.6,10.7,999.0,6.5,99.0,99.00,
2020,01,22,23,00,359,3.2,4.3,99.00,99.00,99.00,999,1025.4,10.3,999.0,4.3,99.0,99.00,
2020,01,23,00,00,6,5.3,6.1,99.00,99.00,99.00,999,1025.9,10.1,999.0,3.5,99.0,99.00,
2020,01,23,01,00,5,6.7,8.4,99.00,99.00,99.00,999,1026.8,9.3,999.0,2.3,99.0,99.00,
2020,01,23,02,00,7,7.2,8.5,99.00,99.00,99.00,999,1027.3,8.6,999.0,2.2,99.0,99.00,
2020,01,23,03,00,10,8.2,9.7,99.00,99.00,99.00,999,1026.3,7.7,999.0,1.9,99.0,99.00,
2020,01,23,04,00,5,8.4,10.5,99.00,99.00,99.00,999,1026.3,7.1,999.0,2.1,99.0,99.00,
2020,01,23,05,00,6,7.9,9.6,99.00,99.00,99.00,999,1025.7,6.5,999.0,1.8,99.0,99.00,
2020,01,23,06,00,4,6.7,8.1,99.00,99.00,99.00,999,1025.9,5.9,999.0,1.3,99.0,99.00,
2020,01,23,07,00,6,7.6,8.5,99.00,99.00,99.00,999,1025.3,5.5,999.0,1.2,99.0,99.00,
2020,01,23,08,00,6,6.7,8.2,99.00,99.00,99.00,999,1025.0,5.4,999.0,1.2,99.0,99.00,
2020,01,23,09,00,10,6.4,7.8,99.00,99.00,99.00,999,1024.5,5.3,999.0,1.5,99.0,99.00,
2020,01,23,10,00,6,7.1,8.5,99.00,99.00,99.00,999,1024.3,5.0,999.0,1.1,99.0,99.00,
2020,01,23,11,00,16,7.5,8.9,99.00,99.00,99.00,999,1024.2,5.2,999.0,1.9,99.0,99.00,
2020,01,23,12,00,20,6.4,8.3,99.00,99.00,99.00,999,1024.6,5.6,999.0,3.1,99.0,99.00,
2020,01,23,13,00,25,8.2,9.4,99.00,99.00,99.00,999,1024.6,6.3,999.0,4.3,99.0,99.00,
2020,01,23,14,00,17,7.5,9.0,99.00,99.00,99.00,999,1024.8,6.3,999.0,4.5,99.0,99.00,
2020,01,23,15,00,15,6.4,7.5,99.00,99.00,99.00,999,1024.9,7.7,999.0,5.1,99.0,99.00,
2020,01,23,16,00,17,6.5,8.2,99.00,99.00,99.00,999,1025.3,8.6,999.0,6.2,99.0,99.00,
2020,01,23,17,00,40,4.0,4.4,99.00,99.00,99.00,999,1024.8,9.5,999.0,7.2,99.0,99.00,
2020,01,23,18,00,342,4.3,5.6,99.00,99.00,99.00,999,1023.7,11.4,999.0,7.0,99.0,99.00,
2020,01,23,19,00,67,4.4,5.0,99.00,99.00,99.00,999,1023.4,10.6,999.0,8.5,99.0,99.00,
2020,01,23,20,00,63,6.5,7.5,99.00,99.00,99.00,999,1022.9,10.4,999.0,9.0,99.0,99.00,
2020,01,23,21,00,54,4.6,5.0,99.00,99.00,99.00,999,1022.4,10.9,999.0,9.3,99.0,99.00,
2020,01,23,22,00,51,4.6,5.2,99.00,99.00,99.00,999,1021.8,11.0,999.0,9.5,99.0,99.00,
2020,01,23,23,00,40,6.1,6.6,99.00,99.00,99.00,999,1022.1,11.2,999.0,9.4,99.0,99.00,
2020,01,24,00,00,44,7.1,8.0,99.00,99.00,99.00,999,1022.0,11.6,999.0,8.8,99.0,99.00,
2020,01,24,01,00,38,7.5,8.5,99.00,99.00,99.00,999,1022.3,11.7,999.0,9.8,99.0,99.00,
2020,01,24,02,00,40,7.7,8.9,99.00,99.00,99.00,999,1022.0,11.8,999.0,11.2,99.0,99.00,
2020,01,24,03,00,38,6.9,8.0,99.00,99.00,99.00,999,1021.6,11.9,999.0,11.9,99.0,99.00,
2020,01,24,04,00,30,5.5,6.3,99.00,99.00,99.00,999,1021.1,11.9,999.0,11.8,99.0,99.00,
2020,01,24,05,00,35,7.4,8.7,99.00,99.00,99.00,999,1020.6,11.7,999.0,11.7,99.0,99.00,
2020,01,24,06,00,40,6.6,8.1,99.00,99.00,99.00,999,1020.1,11.8,999.0,11.8,99.0,99.00,
2020,01,24,07,00,34,6.1,7.3,99.00,99.00,99.00,999,1019.5,11.9,999.0,11.9,99.0,99.00,
2020,01,24,08,00,38,5.3,6.1,99.00,99.00,99.00,999,1019.3,11.4,999.0,11.4,99.0,99.00,
2020,01,24,09,00,25,3.1,3.7,99.00,99.00,99.00,999,1019.3,11.4,999.0,11.4,99.0,99.00,
2020,01,24,10,00,35,3.4,4.2,99.00,99.00,99.00,999,1018.8,11.8,999.0,11.8,99.0,99.00,
2020,01,24,11,00,9,2.9,3.4,99.00,99.00,99.00,999,1019.0,11.5,999.0,11.5,99.0,99.00,
2020,01,24,12,00,7,3.1,4.0,99.00,99.00,99.00,999,1019.7,11.6,999.0,11.6,99.0,99.00,
2020,01,24,13,00,1,2.3,2.9,99.00,99.00,99.00,999,1019.7,11.8,999.0,11.8,99.0,99.00,
2020,01,24,14,00,43,5.0,5.5,99.00,99.00,99.00,999,1019.8,11.8,999.0,11.8,99.0,99.00,
2020,01,24,15,00,34,3.4,4.3,99.00,99.00,99.00,999,1020.1,11.9,999.0,11.9,99.0,99.00,
2020,01,24,16,00,47,1.6,2.1,99.00,99.00,99.00,999,1020.0,11.9,999.0,11.9,99.0,99.00,
2020,01,24,17,00,42,4.0,4.1,99.00,99.00,99.00,999,1018.6,12.5,999.0,12.5,99.0,99.00,
2020,01,24,18,00,146,0.7,1.0,99.00,99.00,99.00,999,1017.5,13.9,999.0,13.9,99.0,99.00,
2020,01,24,19,00,63,2.9,3.3,99.00,99.00,99.00,999,1016.5,13.3,999.0,13.3,99.0,99.00,
2020,01,24,20,00,118,3.8,3.9,99.00,99.00,99.00,999,1016.2,14.2,999.0,14.2,99.0,99.00,
2020,01,24,21,00,175,1.5,1.9,99.00,99.00,99.00,999,1016.1,13.5,999.0,13.5,99.0,99.00,
2020,01,24,22,00,126,3.7,3.8,99.00,99.00,99.00,999,1015.3,13.7,999.0,13.7,99.0,99.00,
2020,01,24,23,00,129,4.1,4.3,99.00,99.00,99.00,999,1015.1,13.4,999.0,13.4,99.0,99.00,
2020,01,25,00,00,161,2.2,2.6,99.00,99.00,99.00,999,1015.3,14.0,999.0,14.0,99.0,99.00,
2020,01,25,01,00,155,3.4,3.6,99.00,99.00,99.00,999,1015.3,14.1,999.0,14.1,99.0,99.00,
2020,01,25,02,00,146,5.1,5.3,99.00,99.00,99.00,999,1014.9,14.1,999.0,14.1,99.0,99.00,
2020,01,25,03,00,173,4.3,4.5,99.00,99.00,99.00,999,1014.7,14.0,999.0,14.0,99.0,99.00,
2020,01,25,04,00,211,4.7,5.1,99.00,99.00,99.00,999,1014.6,13.9,999.0,13.9,99.0,99.00,
2020,01,25,05,00,232,5.1,6.8,99.00,99.00,99.00,999,1014.7,15.2,999.0,15.2,99.0,99.00,
2020,01,25,06,00,196,2.7,3.1,99.00,99.00,99.00,999,1014.0,13.1,999.0,13.1,99.0,99.00,
2020,01,25,07,00,226,3.9,5.4,99.00,99.00,99.00,999,1013.9,13.0,999.0,13.0,99.0,99.00,
2020,01,25,08,00,252,2.8,3.9,99.00,99.00,99.00,999,1013.9,13.2,999.0,13.2,99.0,99.00,
2020,01,25,09,00,288,4.0,5.3,99.00,99.00,99.00,999,1014.0,13.7,999.0,13.7,99.0,99.00,
2020,01,25,10,00,297,3.4,5.6,99.00,99.00,99.00,999,1014.4,13.2,999.0,13.2,99.0,99.00,
2020,01,25,11,00,293,3.2,4.2,99.00,99.00,99.00,999,1015.3,11.8,999.0,10.5,99.0,99.00,
2020,01,25,12,00,262,1.4,2.0,99.00,99.00,99.00,999,1016.0,10.6,999.0,9.8,99.0,99.00,
2020,01,25,13,00,261,1.8,2.7,99.00,99.00,99.00,999,1016.9,10.5,999.0,9.6,99.0,99.00,
2020,01,25,14,00,256,3.0,3.8,99.00,99.00,99.00,999,1017.4,11.6,999.0,10.4,99.0,99.00,
2020,01,25,15,00,270,3.6,5.4,99.00,99.00,99.00,999,1017.9,12.6,999.0,9.0,99.0,99.00,
2020,01,25,16,00,259,4.3,5.4,99.00,99.00,99.00,999,1017.8,12.9,999.0,8.2,99.0,99.00,
2020,01,25,17,00,249,4.1,6.1,99.00,99.00,99.00,999,1017.2,14.2,999.0,6.8,99.0,99.00,
2020,01,25,18,00,258,5.9,7.8,99.00,99.00,99.00,999,1016.0,14.9,999.0,5.0,99.0,99.00,
2020,01,25,19,00,276,5.0,6.6,99.00,99.00,99.00,999,1015.6,14.9,999.0,3.0,99.0,99.00,
2020,01,25,20,00,285,3.0,4.6,99.00,99.00,99.00,999,1015.1,14.9,999.0,2.6,99.0,99.00,
2020,01,25,21,00,261,4.1,5.4,99.00,99.00,99.00,999,1015.3,14.8,999.0,2.8,99.0,99.00,
2020,01,25,22,00,277,3.7,7.1,99.00,99.00,99.00,999,1015.4,14.1,999.0,2.0,99.0,99.00,
2020,01,25,23,00,282,2.7,4.6,99.00,99.00,99.00,999,1016.0,12.2,999.0,2.8,99.0,99.00,
2020,01,26,00,00,274,1.5,2.4,99.00,99.00,99.00,999,1016.8,10.7,999.0,3.4,99.0,99.00,
2020,01,26,01,00,271,1.8,3.3,99.00,99.00,99.00,999,1017.5,10.2,999.0,3.8,99.0,99.00,
2020,01,26,02,00,275,2.3,3.9,99.00,99.00,99.00,999,1017.8,10.0,999.0,3.8,99.0,99.00,
2020,01,26,03,00,297,2.7,3.6,99.00,99.00,99.00,999,1018.0,9.1,999.0,4.4,99.0,99.00,
2020,01,26,04,00,294,3.0,4.8,99.00,99.00,99.00,999,1018.4,8.6,999.0,4.1,99.0,99.00,
2020,01,26,05,00,291,2.1,2.9,99.00,99.00,99.00,999,1018.4,7.9,999.0,3.7,99.0,99.00,
2020,01,26,06,00,290,2.5,3.4,99.00,99.00,99.00,999,1018.3,7.5,999.0,3.6,99.0,99.00,
2020,01,26,07,00,281,2.6,4.0,99.00,99.00,99.00,999,1018.2,7.0,999.0,3.4,99.0,99.00,
2020,01,26,08,00,266,1.9,2.7,99.00,99.00,99.00,999,1018.2,6.3,999.0,3.1,99.0,99.00,
2020,01,26,09,00,257,1.3,2.4,99.00,99.00,99.00,999,1018.2,6.1,999.0,2.9,99.0,99.00,
2020,01,26,10,00,284,1.9,2.9,99.00,99.00,99.00,999,1017.6,5.9,999.0,2.9,99.0,99.00,
2020,01,26,11,00,273,3.0,4.4,99.00,99.00,99.00,999,1018.1,6.0,999.0,2.4,99.0,99.00,
2020,01,26,12,00,274,1.8,3.0,99.00,99.00,99.00,999,1018.0,5.0,999.0,2.7,99.0,99.00,
2020,01,26,13,00,276,2.7,4.0,99.00,99.00,99.00,999,1017.9,5.7,999.0,2.6,99.0,99.00,
2020,01,26,14,00,280,2.9,4.7,99.00,99.00,99.00,999,1018.7,6.9,999.0,2.5,99.0,99.00,
2020,01,26,15,00,307,3.9,5.6,99.00,99.00,99.00,999,1019.1,8.5,999.0,2.1,99.0,99.00,
2020,01,26,16,00,284,3.2,4.8,99.00,99.00,99.00,999,1018.8,9.1,999.0,2.1,99.0,99.00,
2020,01,26,17,00,302,2.5,3.7,99.00,99.00,99.00,999,1018.2,10.9,999.0,2.6,99.0,99.00,
2020,01,26,18,00,306,2.3,3.3,99.00,99.00,99.00,999,1017.0,12.2,999.0,2.2,99.0,99.00,
2020,01,26,19,00,298,3.1,4.5,99.00,99.00,99.00,999,1016.5,13.5,999.0,1.3,99.0,99.00,
2020,01,26,20,00,279,2.3,3.3,99.00,99.00,99.00,999,1015.9,14.5,999.0,1.2,99.0,99.00,
2020,01,26,21,00,260,1.7,3.0,99.00,99.00,99.00,999,1016.0,14.6,999.0,1.0,99.0,99.00,
2020,01,26,22,00,292,2.4,3.5,99.00,99.00,99.00,999,1016.7,14.0,999.0,1.5,99.0,99.00,
2020,01,26,23,00,268,1.8,2.2,99.00,99.00,99.00,999,1016.8,12.1,999.0,1.6,99.0,99.00,
2020,01,27,00,00,259,2.2,2.7,99.00,99.00,99.00,999,1017.0,11.6,999.0,2.6,99.0,99.00,
2020,01,27,01,00,266,1.2,1.4,99.00,99.00,99.00,999,1016.6,11.5,999.0,3.1,99.0,99.00,
2020,01,27,02,00,246,1.4,1.6,99.00,99.00,99.00,999,1016.9,11.0,999.0,5.0,99.0,99.00,
2020,01,27,03,00,274,0.9,1.0,99.00,99.00,99.00,999,1016.5,11.0,999.0,6.5,99.0,99.00,
2020,01,27,04,00,286,0.5,0.5,99.00,99.00,99.00,999,1016.5,11.1,999.0,5.4,99.0,99.00,
2020,01,27,05,00,225,2.2,2.5,99.00,99.00,99.00,999,1016.3,11.5,999.0,6.5,99.0,99.00,
2020,01,27,06,00,261,1.6,2.6,99.00,99.00,99.00,999,1015.9,10.8,999.0,4.6,99.0,99.00,
2020,01,27,07,00,236,1.2,1.8,99.00,99.00,99.00,999,1015.6,9.9,999.0,5.4,99.0,99.00,
2020,01,27,08,00,242,1.5,1.8,99.00,99.00,99.00,999,1015.2,9.9,999.0,5.8,99.0,99.00,
2020,01,27,09,00,240,1.9,2.4,99.00,99.00,99.00,999,1015.2,9.4,999.0,7.0,99.0,99.00,
2020,01,27,10,00,253,3.0,4.4,99.00,99.00,99.00,999,1015.3,8.9,999.0,6.6,99.0,99.00,
2020,01,27,11,00,250,2.2,3.0,99.00,99.00,99.00,999,1015.2,8.1,999.0,7.5,99.0,99.00,
2020,01,27,12,00,257,2.9,4.5,99.00,99.00,99.00,999,1016.2,8.0,999.0,7.9,99.0,99.00,
2020,01,27,13,00,243,3.4,4.7,99.00,99.00,99.00,999,1016.2,8.2,999.0,8.1,99.0,99.00,
2020,01,27,14,00,265,2.5,3.8,99.00,99.00,99.00,999,1016.0,8.7,999.0,8.5,99.0,99.00,
2020,01,27,15,00,258,2.2,3.0,99.00,99.00,99.00,999,1015.9,9.1,999.0,8.5,99.0,99.00,
2020,01,27,16,00,267,2.4,3.1,99.00,99.00,99.00,999,1015.7,11.3,999.0,9.3,99.0,99.00,
2020,01,27,17,00,229,3.6,4.3,99.00,99.00,99.00,999,1014.6,12.8,999.0,9.0,99.0,99.00,
2020,01,27,18,00,199,5.8,6.8,99.00,99.00,99.00,999,1013.2,11.8,999.0,10.1,99.0,99.00,
2020,01,27,19,00,212,7.0,8.0,99.00,99.00,99.00,999,1012.3,12.0,999.0,10.2,99.0,99.00,
2020,01,27,20,00,233,3.6,5.3,99.00,99.00,99.00,999,1011.7,12.8,999.0,10.9,99.0,99.00,
2020,01,27,21,00,258,3.6,5.1,99.00,99.00,99.00,999,1011.8,13.8,999.0,9.6,99.0,99.00,
2020,01,27,22,00,280,3.0,4.3,99.00,99.00,99.00,999,1012.1,13.6,999.0,9.6,99.0,99.00,
2020,01,27,23,00,270,4.2,6.2,99.00,99.00,99.00,999,1012.4,12.9,999.0,8.5,99.0,99.00,
2020,01,28,00,00,254,2.5,3.8,99.00,99.00,99.00,999,1012.7,11.8,999.0,8.8,99.0,99.00,
2020,01,28,01,00,257,3.0,4.1,99.00,99.00,99.00,999,1013.1,11.0,999.0,8.9,99.0,99.00,
2020,01,28,02,00,260,3.3,4.7,99.00,99.00,99.00,999,1013.1,10.9,999.0,9.1,99.0,99.00,
2020,01,28,03,00,272,3.2,5.2,99.00,99.00,99.00,999,1013.2,10.6,999.0,8.8,99.0,99.00,
2020,01,28,04,00,272,3.2,5.3,99.00,99.00,99.00,999,1013.4,10.4,999.0,8.6,99.0,99.00,
2020,01,28,05,00,279,3.4,4.8,99.00,99.00,99.00,999,1013.4,9.8,999.0,8.3,99.0,99.00,
2020,01,28,06,00,301,3.7,5.3,99.00,99.00,99.00,999,1013.4,9.5,999.0,8.0,99.0,99.00,
2020,01,28,07,00,296,3.5,4.7,99.00,99.00,99.00,999,1013.4,8.8,999.0,7.7,99.0,99.00,
2020,01,28,08,00,299,3.1,4.6,99.00,99.00,99.00,999,1013.5,8.1,999.0,7.5,99.0,99.00,
2020,01,28,09,00,318,2.9,3.9,99.00,99.00,99.00,999,1013.7,7.6,999.0,7.2,99.0,99.00,
2020,01,28,10,00,316,2.4,3.9,99.00,99.00,99.00,999,1014.0,6.9,999.0,6.8,99.0,99.00,
2020,01,28,11,00,307,1.9,3.1,99.00,99.00,99.00,999,1014.7,6.2,999.0,6.2,99.0,99.00,
2020,01,28,12,00,325,2.3,3.6,99.00,99.00,99.00,999,1015.5,6.6,999.0,6.6,99.0,99.00,
2020,01,28,13,00,332,2.6,3.3,99.00,99.00,99.00,999,1016.2,7.3,999.0,6.9,99.0,99.00,
2020,01,28,14,00,350,4.3,5.2,99.00,99.00,99.00,999,1016.9,9.1,999.0,6.3,99.0,99.00,
2020,01,28,15,00,16,4.3,5.5,99.00,99.00,99.00,999,1017.2,10.4,999.0,4.7,99.0,99.00,
2020,01,28,16,00,51,3.3,3.8,99.00,99.00,99.00,999,1017.5,10.5,999.0,4.4,99.0,99.00,
2020,01,28,17,00,74,2.4,2.8,99.00,99.00,99.00,999,1017.0,11.4,999.0,4.6,99.0,99.00,
2020,01,28,18,00,88,2.7,2.9,99.00,99.00,99.00,999,1016.0,11.4,999.0,4.9,99.0,99.00,
2020,01,28,19,00,128,3.8,4.3,99.00,99.00,99.00,999,1015.5,11.2,999.0,4.6,99.0,99.00,
2020,01,28,20,00,146,3.9,4.4,99.00,99.00,99.00,999,1015.4,11.2,999.0,5.1,99.0,99.00,
2020,01,28,21,00,163,3.6,4.2,99.00,99.00,99.00,999,1015.5,11.4,999.0,5.2,99.0,99.00,
2020,01,28,22,00,192,2.5,2.7,99.00,99.00,99.00,999,1015.7,11.6,999.0,4.8,99.0,99.00,
2020,01,28,23,00,195,2.6,3.1,99.00,99.00,99.00,999,1016.2,11.3,999.0,4.7,99.0,99.00,
2020,01,29,00,00,185,1.8,2.2,99.00,99.00,99.00,999,1016.7,11.3,999.0,5.0,99.0,99.00,
2020,01,29,01,00,215,0.7,1.0,99.00,99.00,99.00,999,1017.0,10.5,999.0,5.4,99.0,99.00,
2020,01,29,02,00,239,1.4,1.6,99.00,99.00,99.00,999,1017.5,10.5,999.0,6.2,99.0,99.00,
2020,01,29,03,00,257,1.4,1.5,99.00,99.00,99.00,999,1017.6,9.9,999.0,7.6,99.0,99.00,
2020,01,29,04,00,284,1.1,1.2,99.00,99.00,99.00,999,1017.8,10.1,999.0,8.1,99.0,99.00,
2020,01,29,05,00,295,1.4,1.5,99.00,99.00,99.00,999,1017.7,9.6,999.0,9.1,99.0,99.00,
2020,01,29,06,00,315,1.2,1.2,99.00,99.00,99.00,999,1017.7,9.3,999.0,9.0,99.0,99.00,
2020,01,29,07,00,300,1.0,1.0,99.00,99.00,99.00,999,1017.6,9.1,999.0,8.4,99.0,99.00,
2020,01,29,08,00,268,1.0,1.1,99.00,99.00,99.00,999,1017.3,9.0,999.0,7.7,99.0,99.00,
2020,01,29,09,00,280,0.1,0.3,99.00,99.00,99.00,999,1017.3,8.6,999.0,8.5,99.0,99.00,
2020,01,29,10,00,0,0.0,0.0,99.00,99.00,99.00,999,1017.2,9.2,999.0,8.7,99.0,99.00,
2020,01,29,11,00,282,0.5,0.7,99.00,99.00,99.00,999,1018.0,8.1,999.0,8.0,99.0,99.00,
2020,01,29,12,00,0,0.8,0.9,99.00,99.00,99.00,999,1018.3,9.1,999.0,9.0,99.0,99.00,
2020,01,29,13,00,45,2.7,3.0,99.00,99.00,99.00,999,1018.2,10.9,999.0,9.9,99.0,99.00,
2020,01,29,14,00,21,2.9,3.8,99.00,99.00,99.00,999,1018.9,10.7,999.0,9.7,99.0,99.00,
2020,01,29,15,00,31,4.7,5.1,99.00,99.00,99.00,999,1018.9,11.1,999.0,9.0,99.0,99.00,
2020,01,29,16,00,42,6.7,7.2,99.00,99.00,99.00,999,1018.8,11.7,999.0,8.3,99.0,99.00,
2020,01,29,17,00,55,6.3,7.5,99.00,99.00,99.00,999,1018.4,11.9,999.0,8.2,99.0,99.00,
2020,01,29,18,00,49,7.2,8.0,99.00,99.00,99.00,999,1017.7,11.8,999.0,8.9,99.0,99.00,
2020,01,29,19,00,44,6.8,7.7,99.00,99.00,99.00,999,1017.2,11.9,999.0,8.6,99.0,99.00,
2020,01,29,20,00,44,7.0,7.7,99.00,99.00,99.00,999,1016.8,11.7,999.0,9.2,99.0,99.00,
2020,01,29,21,00,34,8.4,9.8,99.00,99.00,99.00,999,1015.7,11.9,999.0,9.6,99.0,99.00,
2020,01,29,22,00,61,8.1,9.1,99.00,99.00,99.00,999,1016.2,12.2,999.0,9.4,99.0,99.00,
2020,01,29,23,00,55,8.4,9.3,99.00,99.00,99.00,999,1015.8,12.5,999.0,10.1,99.0,99.00,
2020,01,30,00,00,54,8.1,9.0,99.00,99.00,99.00,999,1015.6,12.8,999.0,10.8,99.0,99.00,
2020,01,30,01,00,12,7.7,8.6,99.00,99.00,99.00,999,1016.1,11.6,999.0,10.5,99.0,99.00,
2020,01,30,02,00,12,6.3,7.1,99.00,99.00,99.00,999,1016.6,10.8,999.0,9.9,99.0,99.00,
2020,01,30,03,00,20,7.1,8.7,99.00,99.00,99.00,999,1016.7,10.5,999.0,9.8,99.0,99.00,
2020,01,30,04,00,31,7.6,8.8,99.00,99.00,99.00,999,1016.6,10.7,999.0,10.0,99.0,99.00,
2020,01,30,05,00,34,8.7,10.0,99.00,99.00,99.00,999,1016.2,10.8,999.0,9.9,99.0,99.00,
2020,01,30,06,00,29,10.7,12.3,99.00,99.00,99.00,999,1016.1,10.3,999.0,9.7,99.0,99.00,
2020,01,30,07,00,16,9.2,10.3,99.00,99.00,99.00,999,1016.3,9.8,999.0,9.4,99.0,99.00,
2020,01,30,08,00,7,8.2,9.7,99.00,99.00,99.00,999,1016.1,9.2,999.0,9.1,99.0,99.00,
2020,01,30,09,00,15,6.4,7.4,99.00,99.00,99.00,999,1016.8,9.4,999.0,8.7,99.0,99.00,
2020,01,30,10,00,33,9.2,10.8,99.00,99.00,99.00,999,1016.9,9.7,999.0,7.8,99.0,99.00,
2020,01,30,11,00,29,8.3,10.0,99.00,99.00,99.00,999,1017.4,9.7,999.0,8.5,99.0,99.00,
2020,01,30,12,00,17,7.6,8.9,99.00,99.00,99.00,999,1018.2,9.4,999.0,8.6,99.0,99.00,
2020,01,30,13,00,15,7.0,8.6,99.00,99.00,99.00,999,1019.0,9.2,999.0,8.6,99.0,99.00,
2020,01,30,14,00,31,9.1,11.0,99.00,99.00,99.00,999,1019.6,9.4,999.0,8.6,99.0,99.00,
2020,01,30,15,00,24,9.1,10.2,99.00,99.00,99.00,999,1020.6,9.3,999.0,7.8,99.0,99.00,
2020,01,30,16,00,32,7.9,9.3,99.00,99.00,99.00,999,1021.2,9.4,999.0,7.5,99.0,99.00,
2020,01,30,17,00,26,7.0,8.4,99.00,99.00,99.00,999,1021.4,9.6,999.0,7.0,99.0,99.00,
2020,01,30,18,00,31,6.6,7.8,99.00,99.00,99.00,999,1020.9,9.7,999.0,6.7,99.0,99.00,
2020,01,30,19,00,49,7.1,8.1,99.00,99.00,99.00,999,1020.4,10.4,999.0,6.2,99.0,99.00,
2020,01,30,20,00,56,7.4,8.0,99.00,99.00,99.00,999,1019.8,10.5,999.0,5.7,99.0,99.00,
2020,01,30,21,00,51,7.6,8.4,99.00,99.00,99.00,999,1020.4,10.7,999.0,6.6,99.0,99.00,
2020,01,30,22,00,53,7.1,7.9,99.00,99.00,99.00,999,1020.7,11.0,999.0,6.2,99.0,99.00,
2020,01,30,23,00,25,5.6,6.2,99.00,99.00,99.00,999,1021.1,11.0,999.0,4.9,99.0,99.00,
2020,01,31,00,00,21,4.4,5.6,99.00,99.00,99.00,999,1021.7,10.7,999.0,5.4,99.0,99.00,
2020,01,31,01,00,32,5.2,6.2,99.00,99.00,99.00,999,1022.0,10.6,999.0,6.6,99.0,99.00,
2020,01,31,02,00,27,5.9,6.9,99.00,99.00,99.00,999,1022.2,10.7,999.0,6.9,99.0,99.00,
2020,01,31,03,00,33,5.6,7.1,99.00,99.00,99.00,999,1022.4,10.7,999.0,7.0,99.0,99.00,
2020,01,31,04,00,24,6.2,7.4,99.00,99.00,99.00,999,1022.8,10.1,999.0,5.3,99.0,99.00,
2020,01,31,05,00,21,6.9,7.7,99.00,99.00,99.00,999,1022.7,9.8,999.0,5.4,99.0,99.00,
2020,01,31,06,00,18,7.2,8.7,99.00,99.00,99.00,999,1022.2,9.5,999.0,5.2,99.0,99.00,
2020,01,31,07,00,17,7.3,8.7,99.00,99.00,99.00,999,1021.8,9.1,999.0,5.4,99.0,99.00,
2020,01,31,08,00,24,7.8,9.5,99.00,99.00,99.00,999,1021.8,9.0,999.0,5.7,99.0,99.00,
2020,01,31,09,00,31,7.9,9.6,99.00,99.00,99.00,999,1021.4,9.0,999.0,6.6,99.0,99.00,
2020,01,31,10,00,32,8.4,9.6,99.00,99.00,99.00,999,1021.7,8.8,999.0,6.3,99.0,99.00,
2020,01,31,11,00,27,8.9,10.2,99.00,99.00,99.00,999,1021.9,8.7,999.0,6.8,99.0,99.00,
2020,01,31,12,00,41,8.6,10.1,99.00,99.00,99.00,999,1021.8,8.8,999.0,7.5,99.0,99.00,
2020,01,31,13,00,37,6.8,8.0,99.00,99.00,99.00,999,1022.8,8.0,999.0,7.0,99.0,99.00,
2020,01,31,14,00,26,8.1,9.5,99.00,99.00,99.00,999,1022.7,8.2,999.0,7.5,99.0,99.00,
2020,01,31,15,00,22,9.2,10.1,99.00,99.00,99.00,999,1022.2,8.5,999.0,7.8,99.0,99.00,
2020,01,31,17,00,47,9.5,10.9,99.00,99.00,99.00,999,1020.7,10.2,999.0,10.0,99.0,99.00,
2020,01,31,18,00,19,9.3,10.4,99.00,99.00,99.00,999,1019.8,10.0,999.0,9.7,99.0,99.00,
2020,01,31,19,00,358,5.5,8.2,99.00,99.00,99.00,999,1018.9,9.6,999.0,9.4,99.0,99.00,
2020,01,31,20,00,2,7.4,9.1,99.00,99.00,99.00,999,1017.8,8.9,999.0,8.9,99.0,99.00,
2020,01,31,21,00,15,6.7,7.9,99.00,99.00,99.00,999,1017.7,8.6,999.0,8.6,99.0,99.00,
2020,01,31,22,00,358,5.0,6.6,99.00,99.00,99.00,999,1017.7,8.6,999.0,8.6,99.0,99.00,
2020,01,31,23,00,9,5.9,7.0,99.00,99.00,99.00,999,1017.8,8.2,999.0,8.2,99.0,99.00,
2020,02,01,00,00,355,5.3,6.7,99.00,99.00,99.00,999,1018.6,7.5,999.0,7.5,99.0,99.00,
2020,02,01,01,00,340,6.5,8.2,99.00,99.00,99.00,999,1018.8,7.2,999.0,7.2,99.0,99.00,
2020,02,01,02,00,358,6.6,8.4,99.00,99.00,99.00,999,1017.7,6.9,999.0,6.9,99.0,99.00,
2020,02,01,03,00,0,7.2,9.4,99.00,99.00,99.00,999,1017.0,6.5,999.0,6.5,99.0,99.00,
2020,02,01,04,00,15,7.1,8.2,99.00,99.00,99.00,999,1015.8,6.9,999.0,6.9,99.0,99.00,
2020,02,01,05,00,332,5.0,7.5,99.00,99.00,99.00,999,1017.1,6.9,999.0,6.9,99.0,99.00,
2020,02,01,06,00,337,4.9,6.6,99.00,99.00,99.00,999,1016.5,6.6,999.0,6.6,99.0,99.00,
2020,02,01,07,00,354,4.4,5.6,99.00,99.00,99.00,999,1015.9,7.1,999.0,7.1,99.0,99.00,
2020,02,01,08,00,341,4.7,5.8,99.00,99.00,99.00,999,1015.9,7.2,999.0,7.2,99.0,99.00,
2020,02,01,09,00,338,2.9,4.0,99.00,99.00,99.00,999,1015.1,7.6,999.0,7.6,99.0,99.00,
2020,02,01,10,00,328,2.3,3.3,99.00,99.00,99.00,999,1015.1,7.3,999.0,7.3,99.0,99.00,
2020,02,01,11,00,322,3.4,4.5,99.00,99.00,99.00,999,1015.7,6.8,999.0,6.8,99.0,99.00,
2020,02,01,12,00,338,3.9,4.8,99.00,99.00,99.00,999,1015.6,6.5,999.0,6.5,99.0,99.00,
2020,02,01,13,00,327,3.6,5.1,99.00,99.00,99.00,999,1015.9,6.7,999.0,6.7,99.0,99.00,
2020,02,01,14,00,330,3.4,5.3,99.00,99.00,99.00,999,1016.2,7.1,999.0,7.1,99.0,99.00,
2020,02,01,15,00,323,2.7,4.1,99.00,99.00,99.00,999,1016.3,7.4,999.0,7.4,99.0,99.00,
2020,02,01,16,00,339,2.4,3.2,99.00,99.00,99.00,999,1015.6,8.0,999.0,8.0,99.0,99.00,
2020,02,01,17,00,337,1.5,2.3,99.00,99.00,99.00,999,1014.4,8.4,999.0,8.1,99.0,99.00,
2020,02,01,18,00,325,2.1,3.3,99.00,99.00,99.00,999,1014.2,8.4,999.0,8.2,99.0,99.00,
2020,02,01,19,00,291,3.4,4.8,99.00,99.00,99.00,999,1013.7,8.2,999.0,8.1,99.0,99.00,
2020,02,01,20,00,302,2.6,3.7,99.00,99.00,99.00,999,1012.8,8.2,999.0,8.2,99.0,99.00,
2020,02,01,21,00,333,3.7,5.0,99.00,99.00,99.00,999,1012.4,8.4,999.0,8.3,99.0,99.00,
2020,02,01,22,00,310,4.1,6.7,99.00,99.00,99.00,999,1012.9,8.6,999.0,8.3,99.0,99.00,
2020,02,01,23,00,304,2.0,2.7,99.00,99.00,99.00,999,1013.0,8.7,999.0,8.6,99.0,99.00,
2020,02,02,00,00,297,4.5,6.2,99.00,99.00,99.00,999,1013.1,8.7,999.0,8.4,99.0,99.00,
2020,02,02,01,00,292,3.2,5.1,99.00,99.00,99.00,999,1013.8,8.8,999.0,8.4,99.0,99.00,
2020,02,02,02,00,295,5.5,8.0,99.00,99.00,99.00,999,1013.9,9.3,999.0,8.3,99.0,99.00,
2020,02,02,03,00,292,3.2,5.0,99.00,99.00,99.00,999,1014.3,8.7,999.0,8.0,99.0,99.00,
2020,02,02,04,00,269,2.6,4.1,99.00,99.00,99.00,999,1014.2,8.3,999.0,8.0,99.0,99.00,
2020,02,02,05,00,269,3.9,6.2,99.00,99.00,99.00,999,1014.1,8.1,999.0,7.6,99.0,99.00,
2020,02,02,06,00,271,3.7,5.4,99.00,99.00,99.00,999,1014.1,8.1,999.0,6.9,99.0,99.00,
2020,02,02,07,00,277,4.6,6.8,99.00,99.00,99.00,999,1014.0,7.8,999.0,6.6,99.0,99.00,
2020,02,02,08,00,287,3.5,4.7,99.00,99.00,99.00,999,1014.1,7.3,999.0,6.4,99.0,99.00,
2020,02,02,09,00,293,4.4,7.4,99.00,99.00,99.00,999,1014.3,7.0,999.0,5.8,99.0,99.00,
2020,02,02,10,00,282,4.1,6.4,99.00,99.00,99.00,999,1014.8,6.6,999.0,5.3,99.0,99.00,
2020,02,02,11,00,268,2.8,4.2,99.00,99.00,99.00,999,1015.9,6.1,999.0,4.9,99.0,99.00,
2020,02,02,12,00,262,3.7,5.1,99.00,99.00,99.00,999,1016.4,5.8,999.0,4.5,99.0,99.00,
2020,02,02,13,00,281,3.3,4.5,99.00,99.00,99.00,999,1017.0,6.3,999.0,4.5,99.0,99.00,
2020,02,02,14,00,288,5.0,7.5,99.00,99.00,99.00,999,1017.2,7.7,999.0,4.2,99.0,99.00,
2020,02,02,15,00,298,4.0,5.7,99.00,99.00,99.00,999,1017.6,9.5,999.0,4.3,99.0,99.00,
2020,02,02,16,00,274,3.1,5.2,99.00,99.00,99.00,999,1017.6,10.9,999.0,3.8,99.0,99.00,
2020,02,02,17,00,256,3.1,4.9,99.00,99.00,99.00,999,1016.7,12.1,999.0,3.3,99.0,99.00,
2020,02,02,18,00,214,6.3,7.0,99.00,99.00,99.00,999,1015.4,11.5,999.0,6.4,99.0,99.00,
2020,02,02,19,00,223,8.6,10.6,99.00,99.00,99.00,999,1014.8,12.3,999.0,7.2,99.0,99.00,
2020,02,02,20,00,221,7.9,9.2,99.00,99.00,99.00,999,1014.3,12.6,999.0,7.0,99.0,99.00,
2020,02,02,21,00,223,7.5,9.1,99.00,99.00,99.00,999,1014.1,12.7,999.0,8.7,99.0,99.00,
2020,02,02,22,00,236,3.5,5.0,99.00,99.00,99.00,999,1013.9,14.7,999.0,6.4,99.0,99.00,
2020,02,02,23,00,241,2.9,3.9,99.00,99.00,99.00,999,1014.2,12.9,999.0,6.1,99.0,99.00,
2020,02,03,00,00,244,2.9,4.1,99.00,99.00,99.00,999,1014.9,12.1,999.0,4.9,99.0,99.00,
2020,02,03,01,00,243,3.5,4.3,99.00,99.00,99.00,999,1015.7,11.5,999.0,5.4,99.0,99.00,
2020,02,03,02,00,243,3.8,4.9,99.00,99.00,99.00,999,1016.0,11.3,999.0,5.0,99.0,99.00,
2020,02,03,03,00,253,3.4,4.6,99.00,99.00,99.00,999,1016.4,11.6,999.0,4.6,99.0,99.00,
2020,02,03,04,00,253,3.8,5.1,99.00,99.00,99.00,999,1016.3,11.4,999.0,4.7,99.0,99.00,
2020,02,03,05,00,259,4.6,5.8,99.00,99.00,99.00,999,1016.5,11.5,999.0,4.5,99.0,99.00,
2020,02,03,06,00,249,3.0,3.8,99.00,99.00,99.00,999,1016.3,10.8,999.0,4.7,99.0,99.00,
2020,02,03,07,00,248,2.2,3.1,99.00,99.00,99.00,999,1016.8,10.3,999.0,4.9,99.0,99.00,
2020,02,03,08,00,246,2.3,3.4,99.00,99.00,99.00,999,1016.7,10.1,999.0,4.9,99.0,99.00,
2020,02,03,09,00,239,2.7,3.1,99.00,99.00,99.00,999,1016.9,9.8,999.0,4.6,99.0,99.00,
2020,02,03,10,00,239,2.4,3.6,99.00,99.00,99.00,999,1017.6,9.2,999.0,5.0,99.0,99.00,
2020,02,03,11,00,239,2.4,3.0,99.00,99.00,99.00,999,1018.3,8.4,999.0,5.0,99.0,99.00,
2020,02,03,12,00,254,1.5,2.2,99.00,99.00,99.00,999,1018.9,8.2,999.0,4.8,99.0,99.00,
2020,02,03,13,00,266,1.9,2.6,99.00,99.00,99.00,999,1019.2,10.5,999.0,4.6,99.0,99.00,
2020,02,03,14,00,282,2.7,5.1,99.00,99.00,99.00,999,1019.2,13.5,999.0,5.0,99.0,99.00,
2020,02,03,15,00,293,2.4,3.7,99.00,99.00,99.00,999,1019.8,15.9,999.0,5.5,99.0,99.00,
2020,02,03,16,00,198,3.6,4.8,99.00,99.00,99.00,999,1020.5,13.6,999.0,8.9,99.0,99.00,
2020,02,03,17,00,216,5.6,6.8,99.00,99.00,99.00,999,1019.9,13.4,999.0,9.7,99.0,99.00,
2020,02,03,18,00,208,6.9,7.8,99.00,99.00,99.00,999,1019.4,13.0,999.0,10.2,99.0,99.00,
2020,02,03,19,00,213,5.6,6.4,99.00,99.00,99.00,999,1019.1,13.6,999.0,11.1,99.0,99.00,
2020,02,03,20,00,218,5.0,6.1,99.00,99.00,99.00,999,1019.1,14.3,999.0,11.4,99.0,99.00,
2020,02,03,21,00,215,5.0,5.9,99.00,99.00,99.00,999,1019.4,14.1,999.0,11.5,99.0,99.00,
2020,02,03,22,00,220,6.0,6.7,99.00,99.00,99.00,999,1019.4,13.8,999.0,11.8,99.0,99.00,
2020,02,03,23,00,226,4.0,4.8,99.00,99.00,99.00,999,1019.5,13.1,999.0,11.7,99.0,99.00,
2020,02,04,00,00,227,3.8,4.8,99.00,99.00,99.00,999,1019.9,12.9,999.0,12.1,99.0,99.00,
2020,02,04,01,00,229,3.8,5.1,99.00,99.00,99.00,999,1020.1,13.3,999.0,11.8,99.0,99.00,
2020,02,04,02,00,231,3.8,4.8,99.00,99.00,99.00,999,1020.3,13.1,999.0,11.7,99.0,99.00,
2020,02,04,03,00,229,5.1,7.0,99.00,99.00,99.00,999,1020.6,13.3,999.0,11.8,99.0,99.00,
2020,02,04,04,00,229,4.7,5.9,99.00,99.00,99.00,999,1020.4,12.9,999.0,12.0,99.0,99.00,
2020,02,04,05,00,229,5.4,6.5,99.00,99.00,99.00,999,1020.2,13.7,999.0,11.2,99.0,99.00,
2020,02,04,06,00,243,4.0,5.3,99.00,99.00,99.00,999,1020.4,12.9,999.0,10.5,99.0,99.00,
2020,02,04,07,00,233,4.8,6.5,99.00,99.00,99.00,999,1020.0,13.6,999.0,11.1,99.0,99.00,
2020,02,04,08,00,230,4.2,6.4,99.00,99.00,99.00,999,1019.2,13.0,999.0,11.1,99.0,99.00,
2020,02,04,09,00,236,4.4,6.5,99.00,99.00,99.00,999,1018.9,13.0,999.0,11.2,99.0,99.00,
2020,02,04,10,00,233,4.1,5.2,99.00,99.00,99.00,999,1019.7,12.7,999.0,11.1,99.0,99.00,
2020,02,04,11,00,229,3.6,4.8,99.00,99.00,99.00,999,1019.9,12.1,999.0,10.6,99.0,99.00,
2020,02,04,12,00,235,3.0,3.6,99.00,99.00,99.00,999,1020.5,11.1,999.0,9.8,99.0,99.00,
2020,02,04,13,00,231,3.0,3.9,99.00,99.00,99.00,999,1021.1,12.1,999.0,10.4,99.0,99.00,
2020,02,04,14,00,236,3.2,5.3,99.00,99.00,99.00,999,1021.4,13.5,999.0,11.4,99.0,99.00,
2020,02,04,15,00,219,6.0,6.9,99.00,99.00,99.00,999,1021.1,13.1,999.0,11.7,99.0,99.00,
2020,02,04,16,00,217,6.1,7.4,99.00,99.00,99.00,999,1020.8,13.7,999.0,12.6,99.0,99.00,
2020,02,04,17,00,215,6.6,7.6,99.00,99.00,99.00,999,1020.3,13.8,999.0,12.6,99.0,99.00,
2020,02,04,18,00,210,6.9,8.0,99.00,99.00,99.00,999,1018.9,13.6,999.0,12.6,99.0,99.00,
2020,02,04,19,00,217,6.1,7.2,99.00,99.00,99.00,999,1018.3,14.0,999.0,13.1,99.0,99.00,
2020,02,04,20,00,219,5.5,7.1,99.00,99.00,99.00,999,1018.0,14.2,999.0,13.4,99.0,99.00,
2020,02,04,21,00,211,5.0,5.5,99.00,99.00,99.00,999,1017.5,13.8,999.0,13.1,99.0,99.00,
2020,02,04,22,00,216,4.6,5.3,99.00,99.00,99.00,999,1017.5,13.9,999.0,13.7,99.0,99.00,
2020,02,04,23,00,218,5.8,6.2,99.00,99.00,99.00,999,1017.9,13.7,999.0,13.7,99.0,99.00,
2020,02,05,00,00,224,5.1,6.1,99.00,99.00,99.00,999,1018.3,13.8,999.0,13.8,99.0,99.00,
2020,02,05,01,00,222,5.4,6.2,99.00,99.00,99.00,999,1018.8,13.8,999.0,13.8,99.0,99.00,
2020,02,05,02,00,225,4.4,5.6,99.00,99.00,99.00,999,1018.5,13.8,999.0,13.6,99.0,99.00,
2020,02,05,03,00,218,6.6,7.2,99.00,99.00,99.00,999,1018.5,13.9,999.0,12.8,99.0,99.00,
2020,02,05,04,00,226,5.4,6.4,99.00,99.00,99.00,999,1018.6,14.0,999.0,12.6,99.0,99.00,
2020,02,05,05,00,230,4.0,5.2,99.00,99.00,99.00,999,1018.3,14.0,999.0,12.8,99.0,99.00,
2020,02,05,06,00,239,3.3,4.4,99.00,99.00,99.00,999,1018.0,13.6,999.0,13.0,99.0,99.00,
2020,02,05,07,00,221,4.3,4.6,99.00,99.00,99.00,999,1017.5,13.9,999.0,12.8,99.0,99.00,
2020,02,05,08,00,225,4.1,5.3,99.00,99.00,99.00,999,1017.5,14.1,999.0,13.3,99.0,99.00,
2020,02,05,09,00,237,2.6,3.9,99.00,99.00,99.00,999,1017.1,13.1,999.0,13.0,99.0,99.00,
2020,02,05,10,00,224,3.2,4.2,99.00,99.00,99.00,999,1017.0,13.4,999.0,12.8,99.0,99.00,
2020,02,05,11,00,243,2.2,2.8,99.00,99.00,99.00,999,1017.4,13.3,999.0,13.0,99.0,99.00,
2020,02,05,12,00,230,2.4,2.9,99.00,99.00,99.00,999,1017.8,13.1,999.0,12.9,99.0,99.00,
2020,02,05,13,00,220,3.4,3.9,99.00,99.00,99.00,999,1017.9,13.4,999.0,13.1,99.0,99.00,
2020,02,05,14,00,226,2.7,3.2,99.00,99.00,99.00,999,1018.6,14.7,999.0,13.8,99.0,99.00,
2020,02,05,15,00,213,4.9,5.4,99.00,99.00,99.00,999,1018.9,15.0,999.0,13.1,99.0,99.00,
2020,02,05,16,00,218,4.9,6.3,99.00,99.00,99.00,999,1019.0,16.6,999.0,13.9,99.0,99.00,
2020,02,05,17,00,214,4.2,4.8,99.00,99.00,99.00,999,1018.0,14.8,999.0,13.5,99.0,99.00,
2020,02,05,18,00,219,3.5,4.3,99.00,99.00,99.00,999,1016.7,15.1,999.0,14.0,99.0,99.00,
2020,02,05,19,00,207,4.3,4.7,99.00,99.00,99.00,999,1015.6,15.5,999.0,13.8,99.0,99.00,
2020,02,05,20,00,186,3.6,3.8,99.00,99.00,99.00,999,1014.6,15.6,999.0,14.0,99.0,99.00,
2020,02,05,21,00,189,2.2,2.5,99.00,99.00,99.00,999,1014.6,15.3,999.0,14.3,99.0,99.00,
2020,02,05,22,00,182,1.8,1.9,99.00,99.00,99.00,999,1014.6,14.9,999.0,14.3,99.0,99.00,
2020,02,05,23,00,125,1.6,1.9,99.00,99.00,99.00,999,1014.0,14.5,999.0,14.3,99.0,99.00,
2020,02,06,00,00,119,2.3,2.5,99.00,99.00,99.00,999,1013.5,14.7,999.0,14.6,99.0,99.00,
2020,02,06,01,00,154,6.5,6.8,99.00,99.00,99.00,999,1013.0,15.8,999.0,15.8,99.0,99.00,
2020,02,06,02,00,217,3.6,3.9,99.00,99.00,99.00,999,1013.9,15.2,999.0,15.2,99.0,99.00,
2020,02,06,03,00,222,4.7,5.3,99.00,99.00,99.00,999,1013.8,15.6,999.0,15.6,99.0,99.00,
2020,02,06,04,00,213,3.2,3.4,99.00,99.00,99.00,999,1013.0,14.9,999.0,14.9,99.0,99.00,
2020,02,06,05,00,216,2.6,3.0,99.00,99.00,99.00,999,1012.1,15.2,999.0,15.2,99.0,99.00,
2020,02,06,06,00,204,4.7,5.7,99.00,99.00,99.00,999,1011.6,15.7,999.0,15.7,99.0,99.00,
2020,02,06,07,00,181,6.7,7.2,99.00,99.00,99.00,999,1010.3,16.0,999.0,16.0,99.0,99.00,
2020,02,06,08,00,185,7.9,8.6,99.00,99.00,99.00,999,1009.4,16.4,999.0,16.4,99.0,99.00,
2020,02,06,09,00,187,8.3,9.0,99.00,99.00,99.00,999,1008.5,16.6,999.0,16.6,99.0,99.00,
2020,02,06,10,00,191,8.3,9.3,99.00,99.00,99.00,999,1007.9,16.6,999.0,16.6,99.0,99.00,
2020,02,06,11,00,208,6.9,7.5,99.00,99.00,99.00,999,1008.1,16.4,999.0,16.4,99.0,99.00,
2020,02,06,12,00,209,7.1,7.5,99.00,99.00,99.00,999,1007.8,16.2,999.0,16.2,99.0,99.00,
2020,02,06,13,00,212,6.5,7.4,99.00,99.00,99.00,999,1008.1,16.4,999.0,16.4,99.0,99.00,
2020,02,06,14,00,207,7.1,7.9,99.00,99.00,99.00,999,1007.9,16.6,999.0,16.6,99.0,99.00,
2020,02,06,15,00,192,9.5,10.2,99.00,99.00,99.00,999,1007.3,16.8,999.0,16.8,99.0,99.00,
2020,02,06,16,00,194,9.5,10.3,99.00,99.00,99.00,999,1006.4,17.2,999.0,17.2,99.0,99.00,
2020,02,06,17,00,192,11.0,12.4,99.00,99.00,99.00,999,1005.3,17.5,999.0,17.5,99.0,99.00,
2020,02,06,18,00,193,10.8,12.0,99.00,99.00,99.00,999,1003.7,17.6,999.0,17.6,99.0,99.00,
2020,02,06,19,00,195,10.8,12.4,99.00,99.00,99.00,999,1002.5,17.6,999.0,17.6,99.0,99.00,
2020,02,06,20,00,189,10.3,11.6,99.00,99.00,99.00,999,1001.5,17.6,999.0,17.6,99.0,99.00,
2020,02,06,21,00,184,11.3,12.5,99.00,99.00,99.00,999,1000.7,18.1,999.0,18.1,99.0,99.00,
2020,02,06,22,00,183,12.1,13.1,99.00,99.00,99.00,999,1000.4,18.1,999.0,18.1,99.0,99.00,
2020,02,06,23,00,178,12.1,13.4,99.00,99.00,99.00,999,1000.1,18.2,999.0,18.2,99.0,99.00,
2020,02,07,00,00,183,11.5,12.8,99.00,99.00,99.00,999,1000.2,18.2,999.0,18.2,99.0,99.00,
2020,02,07,01,00,192,10.5,11.4,99.00,99.00,99.00,999,1000.0,19.1,999.0,19.1,99.0,99.00,
2020,02,07,02,00,186,10.2,11.5,99.00,99.00,99.00,999,999.4,17.6,999.0,17.6,99.0,99.00,
2020,02,07,03,00,200,8.0,9.3,99.00,99.00,99.00,999,998.8,17.9,999.0,17.9,99.0,99.00,
2020,02,07,04,00,192,9.9,10.9,99.00,99.00,99.00,999,997.8,17.7,999.0,17.7,99.0,99.00,
2020,02,07,05,00,223,13.9,17.3,99.00,99.00,99.00,999,998.3,17.4,999.0,17.4,99.0,99.00,
2020,02,07,06,00,223,4.1,4.9,99.00,99.00,99.00,999,997.6,16.2,999.0,16.2,99.0,99.00,
2020,02,07,07,00,212,8.3,9.3,99.00,99.00,99.00,999,996.7,15.0,999.0,15.0,99.0,99.00,
2020,02,07,08,00,211,12.5,14.0,99.00,99.00,99.00,999,997.6,15.4,999.0,15.4,99.0,99.00,
2020,02,07,09,00,222,10.8,12.4,99.00,99.00,99.00,999,998.1,15.4,999.0,15.3,99.0,99.00,
2020,02,07,10,00,216,12.5,14.3,99.00,99.00,99.00,999,999.1,15.2,999.0,15.2,99.0,99.00,
2020,02,07,11,00,233,9.4,13.9,99.00,99.00,99.00,999,1000.6,15.3,999.0,10.4,99.0,99.00,
2020,02,07,12,00,257,9.1,11.7,99.00,99.00,99.00,999,1003.1,13.4,999.0,4.9,99.0,99.00,
2020,02,07,13,00,247,9.8,12.6,99.00,99.00,99.00,999,1005.2,11.9,999.0,4.3,99.0,99.00,
2020,02,07,14,00,249,7.3,11.2,99.00,99.00,99.00,999,1006.7,11.9,999.0,4.8,99.0,99.00,
2020,02,07,15,00,250,7.9,10.9,99.00,99.00,99.00,999,1007.6,12.1,999.0,4.8,99.0,99.00,
2020,02,07,16,00,255,8.2,11.4,99.00,99.00,99.00,999,1009.0,12.1,999.0,4.6,99.0,99.00,
2020,02,07,17,00,250,7.7,12.3,99.00,99.00,99.00,999,1009.7,12.2,999.0,4.8,99.0,99.00,
2020,02,07,18,00,244,7.6,11.0,99.00,99.00,99.00,999,1009.4,13.2,999.0,3.5,99.0,99.00,
2020,02,07,19,00,257,8.4,11.4,99.00,99.00,99.00,999,1009.3,13.2,999.0,2.3,99.0,99.00,
2020,02,07,20,00,255,8.2,11.4,99.00,99.00,99.00,999,1010.2,13.4,999.0,1.3,99.0,99.00,
2020,02,07,21,00,254,7.7,11.4,99.00,99.00,99.00,999,1011.4,13.5,999.0,0.0,99.0,99.00,
2020,02,07,22,00,258,6.1,8.5,99.00,99.00,99.00,999,1012.7,13.1,999.0,0.1,99.0,99.00,
2020,02,07,23,00,258,5.3,7.2,99.00,99.00,99.00,999,1014.5,11.6,999.0,0.2,99.0,99.00,
2020,02,08,00,00,260,4.2,6.7,99.00,99.00,99.00,999,1015.7,10.7,999.0,0.8,99.0,99.00,
2020,02,08,01,00,259,3.2,4.2,99.00,99.00,99.00,999,1017.2,10.0,999.0,1.6,99.0,99.00,
2020,02,08,02,00,255,3.6,4.7,99.00,99.00,99.00,999,1018.9,9.2,999.0,1.5,99.0,99.00,
2020,02,08,03,00,258,2.8,3.7,99.00,99.00,99.00,999,1019.6,8.3,999.0,2.1,99.0,99.00,
2020,02,08,04,00,295,3.7,5.2,99.00,99.00,99.00,999,1021.1,7.5,999.0,0.4,99.0,99.00,
2020,02,08,05,00,277,1.9,3.2,99.00,99.00,99.00,999,1022.1,6.6,999.0,0.3,99.0,99.00,
2020,02,08,06,00,293,2.7,3.4,99.00,99.00,99.00,999,1022.7,5.5,999.0,0.5,99.0,99.00,
2020,02,08,07,00,294,1.6,2.4,99.00,99.00,99.00,999,1023.9,4.6,999.0,0.0,99.0,99.00,
2020,02,08,08,00,279,1.2,2.1,99.00,99.00,99.00,999,1024.8,3.9,999.0,-0.1,99.0,99.00,
2020,02,08,09,00,265,1.3,2.1,99.00,99.00,99.00,999,1025.2,3.6,999.0,0.0,99.0,99.00,
2020,02,08,10,00,287,2.1,2.7,99.00,99.00,99.00,999,1025.7,3.4,999.0,-0.1,99.0,99.00,
2020,02,08,11,00,297,3.2,4.6,99.00,99.00,99.00,999,1026.3,4.2,999.0,-0.2,99.0,99.00,
2020,02,08,12,00,311,2.4,3.9,99.00,99.00,99.00,999,1027.1,4.4,999.0,-0.1,99.0,99.00,
2020,02,08,13,00,303,2.7,4.1,99.00,99.00,99.00,999,1027.7,5.3,999.0,-0.4,99.0,99.00,
2020,02,08,14,00,324,2.9,3.8,99.00,99.00,99.00,999,1027.4,6.6,999.0,-1.3,99.0,99.00,
2020,02,08,15,00,342,2.6,3.6,99.00,99.00,99.00,999,1027.4,8.2,999.0,-1.5,99.0,99.00,
2020,02,08,16,00,355,3.0,4.5,99.00,99.00,99.00,999,1027.2,9.5,999.0,0.1,99.0,99.00,
2020,02,08,17,00,355,2.9,4.6,99.00,99.00,99.00,999,1026.8,10.6,999.0,-0.5,99.0,99.00,
2020,02,08,18,00,85,2.6,3.0,99.00,99.00,99.00,999,1026.4,10.7,999.0,-0.9,99.0,99.00,
2020,02,08,19,00,156,5.5,6.1,99.00,99.00,99.00,999,1026.4,9.9,999.0,1.6,99.0,99.00,
2020,02,08,20,00,183,4.1,5.0,99.00,99.00,99.00,999,1026.9,9.9,999.0,2.2,99.0,99.00,
2020,02,08,21,00,196,4.3,4.9,99.00,99.00,99.00,999,1027.0,10.0,999.0,2.3,99.0,99.00,
2020,02,08,22,00,222,4.2,5.9,99.00,99.00,99.00,999,1027.2,10.3,999.0,1.5,99.0,99.00,
2020,02,08,23,00,239,2.8,3.6,99.00,99.00,99.00,999,1027.7,10.1,999.0,1.2,99.0,99.00,
2020,02,09,00,00,238,1.0,1.3,99.00,99.00,99.00,999,1028.0,10.1,999.0,2.7,99.0,99.00,
2020,02,09,01,00,252,0.5,0.6,99.00,99.00,99.00,999,1028.5,10.2,999.0,3.2,99.0,99.00,
2020,02,09,02,00,348,2.5,3.0,99.00,99.00,99.00,999,1028.8,9.7,999.0,4.3,99.0,99.00,
2020,02,09,03,00,41,0.8,1.0,99.00,99.00,99.00,999,1029.2,10.7,999.0,3.9,99.0,99.00,
2020,02,09,04,00,344,1.6,2.1,99.00,99.00,99.00,999,1029.6,9.9,999.0,5.2,99.0,99.00,
2020,02,09,05,00,353,2.3,2.6,99.00,99.00,99.00,999,1029.6,9.3,999.0,5.6,99.0,99.00,
2020,02,09,06,00,343,2.3,2.8,99.00,99.00,99.00,999,1029.8,9.0,999.0,5.6,99.0,99.00,
2020,02,09,07,00,327,1.8,2.2,99.00,99.00,99.00,999,1030.0,8.1,999.0,6.3,99.0,99.00,
2020,02,09,08,00,341,1.9,2.9,99.00,99.00,99.00,999,1030.3,7.6,999.0,5.8,99.0,99.00,
2020,02,09,09,00,355,2.7,3.7,99.00,99.00,99.00,999,1030.6,7.0,999.0,6.4,99.0,99.00,
2020,02,09,10,00,344,3.0,4.4,99.00,99.00,99.00,999,1031.1,6.9,999.0,5.9,99.0,99.00,
2020,02,09,11,00,351,4.0,4.8,99.00,99.00,99.00,999,1031.7,7.1,999.0,6.2,99.0,99.00,
2020,02,09,12,00,350,3.4,4.5,99.00,99.00,99.00,999,1032.4,6.3,999.0,5.5,99.0,99.00,
2020,02,09,13,00,18,4.9,5.6,99.00,99.00,99.00,999,1033.1,6.7,999.0,4.9,99.0,99.00,
2020,02,09,14,00,26,4.8,5.5,99.00,99.00,99.00,999,1033.7,8.0,999.0,5.0,99.0,99.00,
2020,02,09,15,00,24,5.8,6.5,99.00,99.00,99.00,999,1034.4,9.3,999.0,4.8,99.0,99.00,
2020,02,09,16,00,40,6.0,6.9,99.00,99.00,99.00,999,1034.9,10.1,999.0,4.8,99.0,99.00,
2020,02,09,17,00,58,6.5,7.2,99.00,99.00,99.00,999,1034.6,10.5,999.0,4.0,99.0,99.00,
2020,02,09,18,00,59,6.1,7.1,99.00,99.00,99.00,999,1033.8,10.9,999.0,5.5,99.0,99.00,
2020,02,09,19,00,74,6.5,8.0,99.00,99.00,99.00,999,1033.4,11.2,999.0,4.7,99.0,99.00,
2020,02,09,20,00,84,7.0,8.1,99.00,99.00,99.00,999,1032.9,11.1,999.0,5.1,99.0,99.00,
2020,02,09,21,00,90,7.0,8.1,99.00,99.00,99.00,999,1032.4,11.2,999.0,5.3,99.0,99.00,
2020,02,09,22,00,91,6.7,7.3,99.00,99.00,99.00,999,1032.4,11.4,999.0,5.5,99.0,99.00,
2020,02,09,23,00,82,6.2,6.7,99.00,99.00,99.00,999,1032.5,11.6,999.0,6.5,99.0,99.00,
2020,02,10,00,00,77,6.4,7.3,99.00,99.00,99.00,999,1032.2,12.0,999.0,6.9,99.0,99.00,
2020,02,10,01,00,73,6.2,6.8,99.00,99.00,99.00,999,1032.1,12.4,999.0,7.3,99.0,99.00,
2020,02,10,02,00,73,5.3,5.9,99.00,99.00,99.00,999,1032.0,12.6,999.0,8.4,99.0,99.00,
2020,02,10,03,00,64,4.1,4.7,99.00,99.00,99.00,999,1031.6,12.9,999.0,9.3,99.0,99.00,
2020,02,10,04,00,41,3.5,4.0,99.00,99.00,99.00,999,1031.7,13.0,999.0,10.0,99.0,99.00,
2020,02,10,05,00,28,2.8,3.4,99.00,99.00,99.00,999,1031.2,12.6,999.0,11.3,99.0,99.00,
2020,02,10,06,00,16,2.9,3.4,99.00,99.00,99.00,999,1030.2,12.1,999.0,11.0,99.0,99.00,
2020,02,10,07,00,27,3.3,3.8,99.00,99.00,99.00,999,1029.4,12.2,999.0,11.4,99.0,99.00,
2020,02,10,08,00,10,2.8,2.9,99.00,99.00,99.00,999,1028.9,12.7,999.0,11.9,99.0,99.00,
2020,02,10,09,00,30,2.9,3.2,99.00,99.00,99.00,999,1028.4,12.5,999.0,11.7,99.0,99.00,
2020,02,10,10,00,53,4.7,5.5,99.00,99.00,99.00,999,1027.2,13.3,999.0,12.6,99.0,99.00,
2020,02,10,11,00,51,2.8,3.2,99.00,99.00,99.00,999,1027.5,13.4,999.0,12.6,99.0,99.00,
2020,02,10,12,00,50,3.2,3.8,99.00,99.00,99.00,999,1027.5,13.4,999.0,13.1,99.0,99.00,
2020,02,10,13,00,39,2.5,3.0,99.00,99.00,99.00,999,1027.5,13.6,999.0,13.3,99.0,99.00,
2020,02,10,14,00,76,2.5,2.7,99.00,99.00,99.00,999,1027.2,14.2,999.0,13.8,99.0,99.00,
2020,02,10,15,00,145,3.2,3.4,99.00,99.00,99.00,999,1027.1,15.5,999.0,14.9,99.0,99.00,
2020,02,10,16,00,191,1.9,2.3,99.00,99.00,99.00,999,1027.3,16.8,999.0,15.4,99.0,99.00,
2020,02,10,17,00,200,1.6,2.6,99.00,99.00,99.00,999,1026.8,18.2,999.0,15.4,99.0,99.00,
2020,02,10,18,00,212,3.6,4.0,99.00,99.00,99.00,999,1026.0,18.0,999.0,15.1,99.0,99.00,
2020,02,10,19,00,198,1.8,2.3,99.00,99.00,99.00,999,1025.3,18.3,999.0,15.1,99.0,99.00,
2020,02,10,20,00,163,2.2,2.6,99.00,99.00,99.00,999,1024.5,17.6,999.0,15.6,99.0,99.00,
2020,02,10,21,00,142,3.3,3.4,99.00,99.00,99.00,999,1023.7,16.9,999.0,15.8,99.0,99.00,
2020,02,10,22,00,140,3.5,3.6,99.00,99.00,99.00,999,1023.6,16.3,999.0,15.8,99.0,99.00,
2020,02,10,23,00,138,2.5,2.6,99.00,99.00,99.00,999,1023.8,15.9,999.0,15.8,99.0,99.00,
2020,02,11,00,00,136,4.2,4.4,99.00,99.00,99.00,999,1023.2,16.0,999.0,16.0,99.0,99.00,
2020,02,11,01,00,146,4.4,4.7,99.00,99.00,99.00,999,1023.1,16.0,999.0,16.0,99.0,99.00,
2020,02,11,02,00,149,3.9,4.1,99.00,99.00,99.00,999,1023.1,15.7,999.0,15.7,99.0,99.00,
2020,02,11,03,00,154,5.0,5.3,99.00,99.00,99.00,999,1022.6,16.0,999.0,16.0,99.0,99.00,
2020,02,11,04,00,164,4.1,4.5,99.00,99.00,99.00,999,1023.0,16.0,999.0,16.0,99.0,99.00,
2020,02,11,05,00,164,3.4,3.6,99.00,99.00,99.00,999,1022.8,15.8,999.0,15.8,99.0,99.00,
2020,02,11,06,00,163,5.9,6.2,99.00,99.00,99.00,999,1021.7,16.1,999.0,16.1,99.0,99.00,
2020,02,11,07,00,180,5.4,5.8,99.00,99.00,99.00,999,1021.4,16.3,999.0,16.3,99.0,99.00,
2020,02,11,08,00,216,3.2,3.4,99.00,99.00,99.00,999,1020.8,15.3,999.0,15.3,99.0,99.00,
2020,02,11,09,00,220,3.4,3.7,99.00,99.00,99.00,999,1020.3,15.1,999.0,15.1,99.0,99.00,
2020,02,11,10,00,219,3.7,3.9,99.00,99.00,99.00,999,1020.3,15.1,999.0,15.1,99.0,99.00,
2020,02,11,11,00,230,4.6,5.9,99.00,99.00,99.00,999,1020.7,16.8,999.0,16.8,99.0,99.00,
2020,02,11,12,00,222,4.6,5.6,99.00,99.00,99.00,999,1020.7,15.7,999.0,15.7,99.0,99.00,
2020,02,11,13,00,233,4.6,6.6,99.00,99.00,99.00,999,1021.1,16.1,999.0,16.1,99.0,99.00,
2020,02,11,14,00,223,5.7,7.9,99.00,99.00,99.00,999,1021.2,15.7,999.0,15.7,99.0,99.00,
2020,02,11,15,00,224,6.2,8.7,99.00,99.00,99.00,999,1021.2,17.7,999.0,17.7,99.0,99.00,
2020,02,11,16,00,220,8.0,9.2,99.00,99.00,99.00,999,1020.8,17.0,999.0,17.0,99.0,99.00,
2020,02,11,17,00,220,7.8,9.1,99.00,99.00,99.00,999,1020.3,17.8,999.0,17.7,99.0,99.00,
2020,02,11,18,00,222,7.8,9.6,99.00,99.00,99.00,999,1019.4,18.1,999.0,17.9,99.0,99.00,
2020,02,11,19,00,220,7.2,8.2,99.00,99.00,99.00,999,1018.2,16.5,999.0,16.5,99.0,99.00,
2020,02,11,20,00,221,6.6,7.7,99.00,99.00,99.00,999,1017.6,16.6,999.0,16.6,99.0,99.00,
2020,02,11,21,00,216,6.6,7.4,99.00,99.00,99.00,999,1017.1,16.3,999.0,16.3,99.0,99.00,
2020,02,11,22,00,221,6.5,7.3,99.00,99.00,99.00,999,1017.2,16.2,999.0,16.2,99.0,99.00,
2020,02,11,23,00,232,5.0,6.5,99.00,99.00,99.00,999,1017.7,16.6,999.0,16.6,99.0,99.00,
2020,02,12,00,00,226,4.5,5.6,99.00,99.00,99.00,999,1018.0,16.0,999.0,16.0,99.0,99.00,
2020,02,12,01,00,225,4.2,6.0,99.00,99.00,99.00,999,1018.2,15.7,999.0,15.7,99.0,99.00,
2020,02,12,02,00,217,5.8,6.3,99.00,99.00,99.00,999,1018.3,15.0,999.0,15.0,99.0,99.00,
2020,02,12,03,00,229,6.7,8.7,99.00,99.00,99.00,999,1018.9,16.7,999.0,16.7,99.0,99.00,
2020,02,12,04,00,239,5.5,7.1,99.00,99.00,99.00,999,1019.0,16.7,999.0,16.7,99.0,99.00,
2020,02,12,05,00,229,5.4,6.6,99.00,99.00,99.00,999,1018.8,16.3,999.0,16.3,99.0,99.00,
2020,02,12,06,00,248,3.6,4.9,99.00,99.00,99.00,999,1019.2,16.4,999.0,16.4,99.0,99.00,
2020,02,12,07,00,250,2.0,2.7,99.00,99.00,99.00,999,1019.1,16.1,999.0,16.1,99.0,99.00,
2020,02,12,08,00,210,3.9,4.6,99.00,99.00,99.00,999,1018.6,14.9,999.0,14.9,99.0,99.00,
2020,02,12,09,00,219,3.4,3.6,99.00,99.00,99.00,999,1018.4,14.5,999.0,14.5,99.0,99.00,
2020,02,12,10,00,218,3.1,3.3,99.00,99.00,99.00,999,1018.4,14.5,999.0,14.5,99.0,99.00,
2020,02,12,11,00,207,1.4,1.8,99.00,99.00,99.00,999,1018.5,15.3,999.0,15.3,99.0,99.00,
2020,02,12,12,00,195,1.4,1.5,99.00,99.00,99.00,999,1018.8,14.8,999.0,14.8,99.0,99.00,
2020,02,12,13,00,201,2.3,2.7,99.00,99.00,99.00,999,1019.3,14.9,999.0,14.9,99.0,99.00,
2020,02,12,14,00,272,1.6,2.4,99.00,99.00,99.00,999,1020.0,16.5,999.0,16.5,99.0,99.00,
2020,02,12,15,00,25,0.8,1.0,99.00,99.00,99.00,999,1020.3,16.1,999.0,16.1,99.0,99.00,
2020,02,12,16,00,114,1.1,1.3,99.00,99.00,99.00,999,1020.3,16.0,999.0,16.0,99.0,99.00,
2020,02,12,17,00,81,2.3,2.4,99.00,99.00,99.00,999,1019.8,16.7,999.0,16.7,99.0,99.00,
2020,02,12,18,00,113,2.2,2.3,99.00,99.00,99.00,999,1019.3,16.6,999.0,16.6,99.0,99.00,
2020,02,12,19,00,160,2.8,3.2,99.00,99.00,99.00,999,1019.1,15.7,999.0,15.7,99.0,99.00,
2020,02,12,20,00,166,3.9,4.4,99.00,99.00,99.00,999,1018.7,16.1,999.0,16.1,99.0,99.00,
2020,02,12,21,00,156,3.4,4.0,99.00,99.00,99.00,999,1018.5,16.1,999.0,16.1,99.0,99.00,
2020,02,12,22,00,166,3.3,3.7,99.00,99.00,99.00,999,1018.3,16.1,999.0,16.1,99.0,99.00,
2020,02,12,23,00,163,2.6,2.8,99.00,99.00,99.00,999,1018.2,15.5,999.0,15.5,99.0,99.00,
2020,02,13,00,00,154,1.6,1.6,99.00,99.00,99.00,999,1018.3,15.4,999.0,15.4,99.0,99.00,
2020,02,13,01,00,112,2.7,3.0,99.00,99.00,99.00,999,1017.8,15.5,999.0,15.5,99.0,99.00,
2020,02,13,02,00,160,1.7,1.9,99.00,99.00,99.00,999,1017.5,15.6,999.0,15.6,99.0,99.00,
2020,02,13,03,00,186,2.4,2.6,99.00,99.00,99.00,999,1017.1,15.8,999.0,15.8,99.0,99.00,
2020,02,13,04,00,210,2.3,2.5,99.00,99.00,99.00,999,1016.7,15.7,999.0,15.7,99.0,99.00,
2020,02,13,05,00,215,4.1,4.5,99.00,99.00,99.00,999,1016.2,15.8,999.0,15.8,99.0,99.00,
2020,02,13,06,00,223,4.6,5.4,99.00,99.00,99.00,999,1015.7,16.0,999.0,16.0,99.0,99.00,
2020,02,13,07,00,224,4.6,5.7,99.00,99.00,99.00,999,1015.4,17.1,999.0,17.1,99.0,99.00,
2020,02,13,08,00,217,5.0,5.6,99.00,99.00,99.00,999,1014.9,15.7,999.0,15.7,99.0,99.00,
2020,02,13,09,00,232,4.6,5.6,99.00,99.00,99.00,999,1014.5,16.2,999.0,16.2,99.0,99.00,
2020,02,13,10,00,218,4.6,5.1,99.00,99.00,99.00,999,1014.5,15.5,999.0,15.5,99.0,99.00,
2020,02,13,11,00,215,5.9,6.7,99.00,99.00,99.00,999,1014.5,15.6,999.0,15.6,99.0,99.00,
2020,02,13,12,00,214,5.9,6.4,99.00,99.00,99.00,999,1014.6,15.7,999.0,15.7,99.0,99.00,
2020,02,13,13,00,221,6.6,7.3,99.00,99.00,99.00,999,1015.0,16.1,999.0,16.1,99.0,99.00,
2020,02,13,14,00,212,6.4,7.2,99.00,99.00,99.00,999,1015.3,15.8,999.0,15.8,99.0,99.00,
2020,02,13,15,00,198,6.5,7.6,99.00,99.00,99.00,999,1015.2,15.9,999.0,15.9,99.0,99.00,
2020,02,13,16,00,220,6.5,7.6,99.00,99.00,99.00,999,1014.9,16.9,999.0,16.9,99.0,99.00,
2020,02,13,17,00,208,9.1,10.0,99.00,99.00,99.00,999,1015.0,16.9,999.0,16.9,99.0,99.00,
2020,02,13,18,00,198,9.7,11.1,99.00,99.00,99.00,999,1013.3,17.6,999.0,17.6,99.0,99.00,
2020,02,13,19,00,222,8.0,10.0,99.00,99.00,99.00,999,1013.2,18.4,999.0,18.4,99.0,99.00,
2020,02,13,20,00,216,7.5,9.1,99.00,99.00,99.00,999,1012.1,17.6,999.0,17.6,99.0,99.00,
2020,02,13,21,00,199,8.2,9.3,99.00,99.00,99.00,999,1011.6,17.5,999.0,17.5,99.0,99.00,
2020,02,13,22,00,238,3.7,4.9,99.00,99.00,99.00,999,1012.9,20.2,999.0,19.5,99.0,99.00,
2020,02,13,23,00,220,3.4,4.0,99.00,99.00,99.00,999,1013.8,18.0,999.0,18.0,99.0,99.00,
2020,02,14,00,00,216,3.1,3.4,99.00,99.00,99.00,999,1013.8,17.1,999.0,17.1,99.0,99.00,
2020,02,14,01,00,237,1.6,2.0,99.00,99.00,99.00,999,1015.3,17.5,999.0,17.5,99.0,99.00,
2020,02,14,02,00,273,2.8,4.3,99.00,99.00,99.00,999,1016.1,17.8,999.0,17.8,99.0,99.00,
2020,02,14,03,00,267,1.3,1.9,99.00,99.00,99.00,999,1016.7,17.1,999.0,16.9,99.0,99.00,
2020,02,14,04,00,287,2.6,3.6,99.00,99.00,99.00,999,1016.9,16.6,999.0,16.6,99.0,99.00,
2020,02,14,05,00,276,2.1,3.0,99.00,99.00,99.00,999,1017.3,16.4,999.0,16.4,99.0,99.00,
2020,02,14,06,00,293,3.2,4.8,99.00,99.00,99.00,999,1017.6,16.0,999.0,15.8,99.0,99.00,
2020,02,14,07,00,307,2.8,4.2,99.00,99.00,99.00,999,1017.9,15.8,999.0,15.3,99.0,99.00,
2020,02,14,08,00,308,2.7,4.0,99.00,99.00,99.00,999,1018.4,15.2,999.0,14.2,99.0,99.00,
2020,02,14,09,00,330,5.1,6.2,99.00,99.00,99.00,999,1019.1,14.8,999.0,12.8,99.0,99.00,
2020,02,14,10,00,348,9.4,11.0,99.00,99.00,99.00,999,1020.0,14.0,999.0,7.6,99.0,99.00,
2020,02,14,11,00,355,7.4,9.3,99.00,99.00,99.00,999,1021.4,12.7,999.0,6.1,99.0,99.00,
2020,02,14,12,00,34,6.6,8.4,99.00,99.00,99.00,999,1021.3,12.3,999.0,6.3,99.0,99.00,
2020,02,14,13,00,352,7.1,8.5,99.00,99.00,99.00,999,1023.2,11.5,999.0,5.8,99.0,99.00,
2020,02,14,14,00,351,4.6,5.7,99.00,99.00,99.00,999,1024.9,11.4,999.0,5.8,99.0,99.00,
2020,02,14,15,00,1,4.0,5.4,99.00,99.00,99.00,999,1025.1,11.2,999.0,4.7,99.0,99.00,
2020,02,14,16,00,6,6.1,7.1,99.00,99.00,99.00,999,1025.2,11.4,999.0,4.2,99.0,99.00,
2020,02,14,18,00,357,4.6,5.7,99.00,99.00,99.00,999,1024.3,13.3,999.0,3.5,99.0,99.00,
2020,02,14,19,00,353,4.9,6.3,99.00,99.00,99.00,999,1023.7,13.8,999.0,3.7,99.0,99.00,
2020,02,14,20,00,357,5.0,6.9,99.00,99.00,99.00,999,1023.8,14.6,999.0,1.2,99.0,99.00,
2020,02,14,21,00,359,3.2,4.4,99.00,99.00,99.00,999,1024.4,14.9,999.0,0.9,99.0,99.00,
2020,02,14,22,00,335,4.5,5.9,99.00,99.00,99.00,999,1025.0,14.6,999.0,-0.2,99.0,99.00,
2020,02,14,23,00,340,3.0,4.0,99.00,99.00,99.00,999,1025.9,12.8,999.0,1.9,99.0,99.00,
2020,02,15,00,00,336,2.7,3.4,99.00,99.00,99.00,999,1026.7,11.4,999.0,2.3,99.0,99.00,
2020,02,15,01,00,351,3.1,3.8,99.00,99.00,99.00,999,1027.4,11.8,999.0,4.4,99.0,99.00,
2020,02,15,02,00,32,4.5,5.2,99.00,99.00,99.00,999,1027.9,12.7,999.0,3.6,99.0,99.00,
2020,02,15,03,00,37,6.0,7.6,99.00,99.00,99.00,999,1028.5,12.4,999.0,4.1,99.0,99.00,
2020,02,15,04,00,38,6.4,7.2,99.00,99.00,99.00,999,1028.9,12.4,999.0,5.2,99.0,99.00,
2020,02,15,05,00,35,5.5,6.7,99.00,99.00,99.00,999,1029.0,12.5,999.0,5.3,99.0,99.00,
2020,02,15,06,00,33,5.3,6.0,99.00,99.00,99.00,999,1029.1,12.0,999.0,6.4,99.0,99.00,
2020,02,15,07,00,38,7.1,8.0,99.00,99.00,99.00,999,1029.2,11.8,999.0,6.1,99.0,99.00,
2020,02,15,08,00,25,8.9,10.3,99.00,99.00,99.00,999,1029.4,9.8,999.0,6.0,99.0,99.00,
2020,02,15,09,00,26,9.3,10.6,99.00,99.00,99.00,999,1029.6,8.9,999.0,4.8,99.0,99.00,
2020,02,15,10,00,5,7.4,8.5,99.00,99.00,99.00,999,1030.1,7.8,999.0,3.5,99.0,99.00,
2020,02,15,11,00,13,7.1,7.9,99.00,99.00,99.00,999,1030.7,6.7,999.0,3.8,99.0,99.00,
2020,02,15,12,00,16,7.8,9.5,99.00,99.00,99.00,999,1031.2,6.8,999.0,5.1,99.0,99.00,
2020,02,15,13,00,15,7.8,9.1,99.00,99.00,99.00,999,1031.9,6.9,999.0,5.7,99.0,99.00,
2020,02,15,14,00,25,7.5,8.3,99.00,99.00,99.00,999,1032.6,8.5,999.0,7.4,99.0,99.00,
2020,02,15,15,00,40,10.7,12.1,99.00,99.00,99.00,999,1033.0,10.1,999.0,8.4,99.0,99.00,
2020,02,15,16,00,41,11.8,13.2,99.00,99.00,99.00,999,1033.0,10.0,999.0,8.4,99.0,99.00,
2020,02,15,17,00,47,10.5,11.4,99.00,99.00,99.00,999,1033.0,9.4,999.0,7.7,99.0,99.00,
2020,02,15,18,00,43,10.6,12.7,99.00,99.00,99.00,999,1032.3,9.6,999.0,7.5,99.0,99.00,
2020,02,15,19,00,46,10.7,12.3,99.00,99.00,99.00,999,1031.3,9.8,999.0,7.4,99.0,99.00,
2020,02,15,20,00,47,11.1,12.6,99.00,99.00,99.00,999,1030.6,9.9,999.0,7.7,99.0,99.00,
2020,02,15,21,00,47,10.9,12.6,99.00,99.00,99.00,999,1030.1,10.0,999.0,8.0,99.0,99.00,
2020,02,15,22,00,51,9.4,10.9,99.00,99.00,99.00,999,1030.2,10.3,999.0,7.8,99.0,99.00,
2020,02,15,23,00,52,8.9,10.2,99.00,99.00,99.00,999,1029.9,10.4,999.0,7.8,99.0,99.00,
2020,02,16,00,00,47,8.8,10.3,99.00,99.00,99.00,999,1029.9,10.6,999.0,7.5,99.0,99.00,
2020,02,16,01,00,50,8.9,10.2,99.00,99.00,99.00,999,1029.4,11.1,999.0,7.5,99.0,99.00,
2020,02,16,02,00,13,5.9,6.9,99.00,99.00,99.00,999,1029.4,9.7,999.0,7.1,99.0,99.00,
2020,02,16,03,00,30,6.6,7.4,99.00,99.00,99.00,999,1029.0,10.6,999.0,7.6,99.0,99.00,
2020,02,16,04,00,49,6.6,7.6,99.00,99.00,99.00,999,1028.1,11.2,999.0,8.2,99.0,99.00,
2020,02,16,05,00,56,8.0,8.9,99.00,99.00,99.00,999,1027.4,12.0,999.0,6.7,99.0,99.00,
2020,02,16,06,00,59,6.7,8.0,99.00,99.00,99.00,999,1027.2,12.2,999.0,7.0,99.0,99.00,
2020,02,16,07,00,338,3.3,4.5,99.00,99.00,99.00,999,1027.1,10.6,999.0,7.6,99.0,99.00,
2020,02,16,08,00,46,7.4,8.3,99.00,99.00,99.00,999,1026.0,11.2,999.0,8.4,99.0,99.00,
2020,02,16,09,00,29,5.9,6.6,99.00,99.00,99.00,999,1025.6,11.6,999.0,8.9,99.0,99.00,
2020,02,16,10,00,51,7.7,9.5,99.00,99.00,99.00,999,1024.8,12.3,999.0,8.9,99.0,99.00,
2020,02,16,11,00,55,8.6,9.9,99.00,99.00,99.00,999,1024.7,12.4,999.0,8.8,99.0,99.00,
2020,02,16,12,00,23,5.1,6.2,99.00,99.00,99.00,999,1025.1,10.6,999.0,8.9,99.0,99.00,
2020,02,16,13,00,17,5.0,6.2,99.00,99.00,99.00,999,1025.0,10.4,999.0,8.5,99.0,99.00,
2020,02,16,14,00,44,6.3,7.2,99.00,99.00,99.00,999,1024.3,11.4,999.0,10.0,99.0,99.00,
2020,02,16,15,00,51,8.0,9.0,99.00,99.00,99.00,999,1024.2,13.1,999.0,11.1,99.0,99.00,
2020,02,16,16,00,60,8.8,9.4,99.00,99.00,99.00,999,1023.8,13.5,999.0,10.8,99.0,99.00,
2020,02,16,17,00,51,8.1,8.8,99.00,99.00,99.00,999,1022.9,13.7,999.0,11.4,99.0,99.00,
2020,02,16,18,00,44,7.8,9.2,99.00,99.00,99.00,999,1021.8,13.6,999.0,11.7,99.0,99.00,
2020,02,16,19,00,34,7.3,8.8,99.00,99.00,99.00,999,1021.2,13.6,999.0,11.5,99.0,99.00,
2020,02,16,20,00,18,5.4,6.3,99.00,99.00,99.00,999,1020.9,13.8,999.0,12.1,99.0,99.00,
2020,02,16,21,00,12,2.8,3.5,99.00,99.00,99.00,999,1020.5,13.4,999.0,12.9,99.0,99.00,
2020,02,16,22,00,76,4.1,4.5,99.00,99.00,99.00,999,1019.6,13.4,999.0,13.3,99.0,99.00,
2020,02,16,23,00,22,4.6,6.1,99.00,99.00,99.00,999,1019.6,12.5,999.0,12.2,99.0,99.00,
2020,02,17,00,00,18,4.4,5.0,99.00,99.00,99.00,999,1019.4,12.1,999.0,12.1,99.0,99.00,
2020,02,17,01,00,27,3.4,3.9,99.00,99.00,99.00,999,1019.1,12.3,999.0,12.3,99.0,99.00,
2020,02,17,02,00,10,3.2,3.8,99.00,99.00,99.00,999,1018.9,12.2,999.0,12.2,99.0,99.00,
2020,02,17,03,00,317,2.1,3.1,99.00,99.00,99.00,999,1019.5,11.7,999.0,11.7,99.0,99.00,
2020,02,17,04,00,326,2.9,3.9,99.00,99.00,99.00,999,1019.5,11.8,999.0,11.8,99.0,99.00,
2020,02,17,05,00,331,2.6,3.4,99.00,99.00,99.00,999,1018.9,11.4,999.0,11.4,99.0,99.00,
2020,02,17,06,00,357,4.3,5.6,99.00,99.00,99.00,999,1018.1,11.1,999.0,11.1,99.0,99.00,
2020,02,17,07,00,341,3.9,5.4,99.00,99.00,99.00,999,1018.5,10.9,999.0,10.9,99.0,99.00,
2020,02,17,08,00,331,2.7,3.7,99.00,99.00,99.00,999,1018.8,10.8,999.0,10.8,99.0,99.00,
2020,02,17,09,00,342,2.5,3.6,99.00,99.00,99.00,999,1019.0,10.7,999.0,10.7,99.0,99.00,
2020,02,17,10,00,349,2.4,3.3,99.00,99.00,99.00,999,1019.4,10.8,999.0,10.8,99.0,99.00,
2020,02,17,11,00,353,3.3,4.2,99.00,99.00,99.00,999,1019.9,10.7,999.0,10.7,99.0,99.00,
2020,02,17,12,00,338,3.3,4.1,99.00,99.00,99.00,999,1020.8,10.6,999.0,10.6,99.0,99.00,
2020,02,17,13,00,5,4.3,5.0,99.00,99.00,99.00,999,1021.1,10.9,999.0,10.9,99.0,99.00,
2020,02,17,14,00,19,5.1,6.2,99.00,99.00,99.00,999,1021.5,11.3,999.0,11.3,99.0,99.00,
2020,02,17,15,00,20,3.9,4.8,99.00,99.00,99.00,999,1021.7,12.4,999.0,12.0,99.0,99.00,
2020,02,17,16,00,49,5.9,6.4,99.00,99.00,99.00,999,1021.6,12.8,999.0,12.0,99.0,99.00,
2020,02,17,17,00,65,5.7,6.2,99.00,99.00,99.00,999,1021.8,13.1,999.0,12.2,99.0,99.00,
2020,02,17,18,00,57,6.6,7.4,99.00,99.00,99.00,999,1021.4,13.1,999.0,12.7,99.0,99.00,
2020,02,17,19,00,65,9.3,10.2,99.00,99.00,99.00,999,1021.0,13.0,999.0,12.6,99.0,99.00,
2020,02,17,20,00,67,9.3,10.4,99.00,99.00,99.00,999,1021.1,12.9,999.0,12.6,99.0,99.00,
2020,02,17,21,00,48,8.9,9.9,99.00,99.00,99.00,999,1021.4,12.8,999.0,12.5,99.0,99.00,
2020,02,17,22,00,51,8.7,9.8,99.00,99.00,99.00,999,1021.7,12.8,999.0,12.1,99.0,99.00,
2020,02,17,23,00,48,8.1,9.4,99.00,99.00,99.00,999,1022.1,13.0,999.0,11.9,99.0,99.00,
2020,02,18,00,00,49,7.1,8.4,99.00,99.00,99.00,999,1022.5,13.2,999.0,12.0,99.0,99.00,
2020,02,18,01,00,49,6.1,7.1,99.00,99.00,99.00,999,1022.9,13.3,999.0,12.0,99.0,99.00,
2020,02,18,02,00,48,6.2,7.7,99.00,99.00,99.00,999,1022.7,13.4,999.0,12.8,99.0,99.00,
2020,02,18,03,00,29,6.1,6.7,99.00,99.00,99.00,999,1023.0,13.3,999.0,12.9,99.0,99.00,
2020,02,18,04,00,22,5.3,6.2,99.00,99.00,99.00,999,1023.1,13.4,999.0,13.0,99.0,99.00,
2020,02,18,05,00,25,4.4,5.2,99.00,99.00,99.00,999,1022.9,13.5,999.0,13.1,99.0,99.00,
2020,02,18,06,00,36,5.2,6.3,99.00,99.00,99.00,999,1022.6,13.9,999.0,12.8,99.0,99.00,
2020,02,18,07,00,37,5.6,6.7,99.00,99.00,99.00,999,1022.4,14.1,999.0,12.4,99.0,99.00,
2020,02,18,08,00,35,4.9,5.7,99.00,99.00,99.00,999,1021.9,14.0,999.0,13.0,99.0,99.00,
2020,02,18,09,00,35,4.9,5.8,99.00,99.00,99.00,999,1021.6,13.9,999.0,13.4,99.0,99.00,
2020,02,18,10,00,32,3.8,4.4,99.00,99.00,99.00,999,1021.6,14.0,999.0,13.6,99.0,99.00,
2020,02,18,11,00,33,4.3,5.1,99.00,99.00,99.00,999,1021.8,14.1,999.0,13.9,99.0,99.00,
2020,02,18,12,00,32,4.7,5.5,99.00,99.00,99.00,999,1022.2,14.3,999.0,14.3,99.0,99.00,
2020,02,18,13,00,337,3.0,3.9,99.00,99.00,99.00,999,1022.9,14.2,999.0,14.2,99.0,99.00,
2020,02,18,14,00,1,2.9,3.7,99.00,99.00,99.00,999,1023.2,14.7,999.0,14.7,99.0,99.00,
2020,02,18,15,00,12,2.3,2.8,99.00,99.00,99.00,999,1023.5,15.2,999.0,15.2,99.0,99.00,
2020,02,18,16,00,358,1.6,2.3,99.00,99.00,99.00,999,1023.3,15.6,999.0,15.6,99.0,99.00,
2020,02,18,17,00,49,3.7,3.9,99.00,99.00,99.00,999,1022.2,15.3,999.0,15.3,99.0,99.00,
2020,02,18,18,00,14,1.5,2.1,99.00,99.00,99.00,999,1022.1,15.4,999.0,15.4,99.0,99.00,
2020,02,18,19,00,37,2.8,3.2,99.00,99.00,99.00,999,1021.0,14.5,999.0,14.5,99.0,99.00,
2020,02,18,20,00,62,1.6,2.2,99.00,99.00,99.00,999,1020.9,14.8,999.0,14.8,99.0,99.00,
2020,02,18,21,00,57,4.6,4.9,99.00,99.00,99.00,999,1020.0,14.6,999.0,14.6,99.0,99.00,
2020,02,18,22,00,315,0.4,1.2,99.00,99.00,99.00,999,1021.0,15.6,999.0,15.6,99.0,99.00,
2020,02,18,23,00,35,1.4,1.6,99.00,99.00,99.00,999,1020.7,14.8,999.0,14.8,99.0,99.00,
2020,02,19,00,00,85,2.5,2.8,99.00,99.00,99.00,999,1020.6,14.5,999.0,14.5,99.0,99.00,
2020,02,19,01,00,86,1.8,2.1,99.00,99.00,99.00,999,1020.8,14.6,999.0,14.6,99.0,99.00,
2020,02,19,02,00,150,2.7,3.1,99.00,99.00,99.00,999,1020.4,15.0,999.0,15.0,99.0,99.00,
2020,02,19,03,00,0,0.0,0.2,99.00,99.00,99.00,999,1020.3,15.4,999.0,15.4,99.0,99.00,
2020,02,19,04,00,94,0.8,0.9,99.00,99.00,99.00,999,1020.1,15.8,999.0,15.8,99.0,99.00,
2020,02,19,05,00,130,0.6,0.7,99.00,99.00,99.00,999,1020.3,15.2,999.0,15.2,99.0,99.00,
2020,02,19,06,00,197,2.1,2.3,99.00,99.00,99.00,999,1019.7,15.4,999.0,15.4,99.0,99.00,
2020,02,19,07,00,231,4.0,5.8,99.00,99.00,99.00,999,1019.4,17.0,999.0,17.0,99.0,99.00,
2020,02,19,08,00,302,3.3,4.4,99.00,99.00,99.00,999,1019.4,17.6,999.0,17.6,99.0,99.00,
2020,02,19,09,00,302,2.0,2.3,99.00,99.00,99.00,999,1019.6,16.7,999.0,16.7,99.0,99.00,
2020,02,19,10,00,310,2.3,2.9,99.00,99.00,99.00,999,1020.0,16.5,999.0,16.5,99.0,99.00,
2020,02,19,11,00,313,1.5,2.4,99.00,99.00,99.00,999,1021.1,16.3,999.0,16.3,99.0,99.00,
2020,02,19,12,00,335,0.7,1.1,99.00,99.00,99.00,999,1021.1,16.4,999.0,16.4,99.0,99.00,
2020,02,19,13,00,358,1.1,1.2,99.00,99.00,99.00,999,1021.6,16.0,999.0,16.0,99.0,99.00,
2020,02,19,14,00,291,1.2,1.8,99.00,99.00,99.00,999,1022.9,16.8,999.0,16.8,99.0,99.00,
2020,02,19,15,00,0,0.0,0.5,99.00,99.00,99.00,999,1023.3,16.6,999.0,16.6,99.0,99.00,
2020,02,19,16,00,186,0.5,0.7,99.00,99.00,99.00,999,1023.5,16.0,999.0,16.0,99.0,99.00,
2020,02,19,17,00,359,1.9,2.4,99.00,99.00,99.00,999,1023.7,17.1,999.0,17.1,99.0,99.00,
2020,02,19,18,00,349,3.0,3.7,99.00,99.00,99.00,999,1023.3,17.9,999.0,17.9,99.0,99.00,
2020,02,19,19,00,355,4.3,5.4,99.00,99.00,99.00,999,1022.8,18.0,999.0,17.5,99.0,99.00,
2020,02,19,20,00,358,6.4,7.3,99.00,99.00,99.00,999,1023.8,16.3,999.0,16.1,99.0,99.00,
2020,02,19,21,00,3,6.6,7.5,99.00,99.00,99.00,999,1024.9,14.5,999.0,14.5,99.0,99.00,
2020,02,19,22,00,43,11.7,13.8,99.00,99.00,99.00,999,1025.4,13.3,999.0,13.3,99.0,99.00,
2020,02,19,23,00,48,13.3,14.4,99.00,99.00,99.00,999,1026.0,11.8,999.0,11.6,99.0,99.00,
2020,02,20,00,00,37,9.8,11.8,99.00,99.00,99.00,999,1026.2,11.3,999.0,10.0,99.0,99.00,
2020,02,20,01,00,17,7.5,9.4,99.00,99.00,99.00,999,1027.1,10.9,999.0,9.1,99.0,99.00,
2020,02,20,02,00,17,7.6,10.0,99.00,99.00,99.00,999,1027.6,10.4,999.0,8.8,99.0,99.00,
2020,02,20,03,00,27,7.7,8.4,99.00,99.00,99.00,999,1027.4,10.2,999.0,8.7,99.0,99.00,
2020,02,20,04,00,20,6.9,8.3,99.00,99.00,99.00,999,1027.2,10.2,999.0,8.5,99.0,99.00,
2020,02,20,05,00,30,7.3,8.0,99.00,99.00,99.00,999,1026.7,10.2,999.0,8.4,99.0,99.00,
2020,02,20,06,00,20,7.3,9.2,99.00,99.00,99.00,999,1026.3,10.5,999.0,8.5,99.0,99.00,
2020,02,20,07,00,22,7.8,9.9,99.00,99.00,99.00,999,1025.5,10.3,999.0,7.8,99.0,99.00,
2020,02,20,08,00,10,7.1,8.5,99.00,99.00,99.00,999,1025.4,10.2,999.0,7.7,99.0,99.00,
2020,02,20,09,00,13,7.5,8.6,99.00,99.00,99.00,999,1025.1,10.2,999.0,7.5,99.0,99.00,
2020,02,20,10,00,35,7.9,9.0,99.00,99.00,99.00,999,1024.8,10.4,999.0,7.0,99.0,99.00,
2020,02,20,11,00,34,8.6,9.7,99.00,99.00,99.00,999,1024.7,10.7,999.0,6.5,99.0,99.00,
2020,02,20,12,00,17,6.7,7.7,99.00,99.00,99.00,999,1024.6,10.2,999.0,5.9,99.0,99.00,
2020,02,20,13,00,30,8.5,10.2,99.00,99.00,99.00,999,1024.7,10.9,999.0,7.3,99.0,99.00,
2020,02,20,14,00,12,6.7,7.6,99.00,99.00,99.00,999,1024.8,10.1,999.0,6.4,99.0,99.00,
2020,02,20,15,00,10,8.1,9.5,99.00,99.00,99.00,999,1024.5,9.8,999.0,6.6,99.0,99.00,
2020,02,20,16,00,9,9.1,10.2,99.00,99.00,99.00,999,1023.6,9.1,999.0,6.9,99.0,99.00,
2020,02,20,17,00,26,10.2,11.9,99.00,99.00,99.00,999,1022.2,8.6,999.0,8.0,99.0,99.00,
2020,02,20,18,00,26,10.2,11.6,99.00,99.00,99.00,999,1020.8,8.5,999.0,7.9,99.0,99.00,
2020,02,20,19,00,358,8.3,11.4,99.00,99.00,99.00,999,1021.5,7.8,999.0,7.8,99.0,99.00,
2020,02,20,20,00,16,9.0,10.8,99.00,99.00,99.00,999,1021.0,6.6,999.0,6.6,99.0,99.00,
2020,02,20,21,00,17,10.8,12.0,99.00,99.00,99.00,999,1019.8,7.2,999.0,7.0,99.0,99.00,
2020,02,20,22,00,7,9.1,10.8,99.00,99.00,99.00,999,1019.3,7.0,999.0,7.0,99.0,99.00,
2020,02,20,23,00,0,8.1,9.9,99.00,99.00,99.00,999,1021.1,6.2,999.0,6.2,99.0,99.00,
2020,02,21,00,00,6,11.8,13.9,99.00,99.00,99.00,999,1021.8,6.1,999.0,6.1,99.0,99.00,
2020,02,21,01,00,15,10.9,13.4,99.00,99.00,99.00,999,1021.8,6.1,999.0,5.9,99.0,99.00,
2020,02,21,02,00,15,8.9,10.5,99.00,99.00,99.00,999,1022.6,5.8,999.0,5.5,99.0,99.00,
2020,02,21,03,00,1,8.1,9.4,99.00,99.00,99.00,999,1022.7,5.3,999.0,5.2,99.0,99.00,
2020,02,21,04,00,4,10.1,11.9,99.00,99.00,99.00,999,1022.6,5.3,999.0,4.8,99.0,99.00,
2020,02,21,05,00,355,9.5,11.6,99.00,99.00,99.00,999,1023.2,5.1,999.0,4.3,99.0,99.00,
2020,02,21,06,00,352,8.8,11.8,99.00,99.00,99.00,999,1023.5,4.5,999.0,4.0,99.0,99.00,
2020,02,21,07,00,7,9.9,11.4,99.00,99.00,99.00,999,1023.4,4.4,999.0,3.2,99.0,99.00,
2020,02,21,08,00,14,9.9,13.2,99.00,99.00,99.00,999,1023.8,4.1,999.0,3.8,99.0,99.00,
2020,02,21,09,00,1,9.8,12.1,99.00,99.00,99.00,999,1023.9,4.2,999.0,3.1,99.0,99.00,
2020,02,21,10,00,5,10.2,11.5,99.00,99.00,99.00,999,1024.9,4.1,999.0,2.4,99.0,99.00,
2020,02,21,11,00,4,10.8,12.9,99.00,99.00,99.00,999,1025.5,4.4,999.0,2.4,99.0,99.00,
2020,02,21,12,00,5,10.1,12.6,99.00,99.00,99.00,999,1026.4,4.1,999.0,1.7,99.0,99.00,
2020,02,21,13,00,6,11.1,12.6,99.00,99.00,99.00,999,1027.8,3.6,999.0,0.5,99.0,99.00,
2020,02,21,14,00,5,7.7,9.6,99.00,99.00,99.00,999,1029.0,3.9,999.0,0.8,99.0,99.00,
2020,02,21,15,00,357,9.6,11.7,99.00,99.00,99.00,999,1029.6,4.0,999.0,0.0,99.0,99.00,
2020,02,21,16,00,358,9.4,11.1,99.00,99.00,99.00,999,1030.2,5.0,999.0,-0.2,99.0,99.00,
2020,02,21,17,00,9,10.7,11.9,99.00,99.00,99.00,999,1030.4,5.3,999.0,-2.0,99.0,99.00,
2020,02,21,18,00,350,9.2,11.5,99.00,99.00,99.00,999,1030.0,5.5,999.0,-1.8,99.0,99.00,
2020,02,21,19,00,357,7.2,9.9,99.00,99.00,99.00,999,1029.3,6.4,999.0,-2.5,99.0,99.00,
2020,02,21,20,00,359,8.6,11.0,99.00,99.00,99.00,999,1028.9,6.5,999.0,-4.0,99.0,99.00,
2020,02,21,21,00,8,9.7,11.7,99.00,99.00,99.00,999,1029.0,7.0,999.0,-3.5,99.0,99.00,
2020,02,21,22,00,350,9.4,11.1,99.00,99.00,99.00,999,1029.5,6.6,999.0,-4.8,99.0,99.00,
2020,02,21,23,00,6,9.6,11.3,99.00,99.00,99.00,999,1030.3,6.2,999.0,-5.1,99.0,99.00,
2020,02,22,00,00,0,7.3,9.4,99.00,99.00,99.00,999,1030.9,5.5,999.0,-3.6,99.0,99.00,
2020,02,22,01,00,15,8.8,11.0,99.00,99.00,99.00,999,1031.5,5.0,999.0,-3.8,99.0,99.00,
2020,02,22,02,00,19,9.2,11.5,99.00,99.00,99.00,999,1032.0,4.4,999.0,-3.1,99.0,99.00,
2020,02,22,03,00,16,8.5,10.2,99.00,99.00,99.00,999,1032.5,3.6,999.0,-3.4,99.0,99.00,
2020,02,22,04,00,20,8.0,9.2,99.00,99.00,99.00,999,1032.3,2.9,999.0,-3.4,99.0,99.00,
2020,02,22,05,00,10,7.3,9.1,99.00,99.00,99.00,999,1031.9,2.2,999.0,-3.2,99.0,99.00,
2020,02,22,06,00,16,7.4,9.3,99.00,99.00,99.00,999,1031.9,1.6,999.0,-3.4,99.0,99.00,
2020,02,22,07,00,20,8.2,10.2,99.00,99.00,99.00,999,1031.0,1.3,999.0,-4.2,99.0,99.00,
2020,02,22,08,00,18,7.7,8.7,99.00,99.00,99.00,999,1030.6,1.3,999.0,-3.4,99.0,99.00,
2020,02,22,09,00,13,6.5,7.6,99.00,99.00,99.00,999,1030.2,1.1,999.0,-2.9,99.0,99.00,
2020,02,22,10,00,12,5.2,6.4,99.00,99.00,99.00,999,1030.9,1.3,999.0,-2.2,99.0,99.00,
2020,02,22,11,00,15,5.5,7.1,99.00,99.00,99.00,999,1030.9,1.2,999.0,-2.0,99.0,99.00,
2020,02,22,12,00,7,7.4,8.6,99.00,99.00,99.00,999,1031.1,0.9,999.0,-1.9,99.0,99.00,
2020,02,22,13,00,13,5.9,7.1,99.00,99.00,99.00,999,1032.1,1.8,999.0,-1.0,99.0,99.00,
2020,02,22,14,00,4,5.7,6.8,99.00,99.00,99.00,999,1033.0,2.6,999.0,-1.3,99.0,99.00,
2020,02,22,15,00,7,5.3,6.2,99.00,99.00,99.00,999,1033.4,4.3,999.0,-2.6,99.0,99.00,
2020,02,22,16,00,27,6.1,7.2,99.00,99.00,99.00,999,1033.3,5.7,999.0,-7.5,99.0,99.00,
2020,02,22,17,00,35,6.1,7.1,99.00,99.00,99.00,999,1032.6,6.7,999.0,-9.0,99.0,99.00,
2020,02,22,18,00,59,7.3,8.0,99.00,99.00,99.00,999,1031.5,7.4,999.0,-6.1,99.0,99.00,
2020,02,22,19,00,78,6.4,7.0,99.00,99.00,99.00,999,1030.7,8.1,999.0,-4.7,99.0,99.00,
2020,02,22,20,00,78,5.3,6.3,99.00,99.00,99.00,999,1030.2,8.6,999.0,-3.8,99.0,99.00,
2020,02,22,21,00,81,4.6,5.1,99.00,99.00,99.00,999,1029.5,9.0,999.0,-2.4,99.0,99.00,
2020,02,22,22,00,83,4.1,4.6,99.00,99.00,99.00,999,1029.2,9.0,999.0,-2.3,99.0,99.00,
2020,02,22,23,00,42,3.2,3.6,99.00,99.00,99.00,999,1029.0,9.1,999.0,-0.7,99.0,99.00,
2020,02,23,00,00,47,3.2,3.6,99.00,99.00,99.00,999,1029.1,9.2,999.0,-1.2,99.0,99.00,
2020,02,23,01,00,22,2.4,2.7,99.00,99.00,99.00,999,1028.8,9.0,999.0,-0.1,99.0,99.00,
2020,02,23,02,00,353,1.5,1.8,99.00,99.00,99.00,999,1028.9,7.4,999.0,1.8,99.0,99.00,
2020,02,23,03,00,2,1.8,2.2,99.00,99.00,99.00,999,1028.9,7.7,999.0,1.9,99.0,99.00,
2020,02,23,04,00,359,1.6,2.0,99.00,99.00,99.00,999,1028.6,8.0,999.0,0.7,99.0,99.00,
2020,02,23,05,00,343,1.4,1.4,99.00,99.00,99.00,999,1028.3,5.8,999.0,4.1,99.0,99.00,
2020,02,23,06,00,311,1.8,1.9,99.00,99.00,99.00,999,1027.9,4.9,999.0,4.4,99.0,99.00,
2020,02,23,07,00,314,1.8,2.0,99.00,99.00,99.00,999,1027.6,4.3,999.0,3.8,99.0,99.00,
2020,02,23,08,00,328,1.5,1.7,99.00,99.00,99.00,999,1027.0,4.1,999.0,3.1,99.0,99.00,
2020,02,23,09,00,331,2.2,2.3,99.00,99.00,99.00,999,1027.1,4.8,999.0,4.1,99.0,99.00,
2020,02,23,10,00,317,2.2,2.6,99.00,99.00,99.00,999,1027.7,4.0,999.0,3.8,99.0,99.00,
2020,02,23,11,00,333,1.4,1.8,99.00,99.00,99.00,999,1027.4,4.8,999.0,4.7,99.0,99.00,
2020,02,23,12,00,29,3.8,4.4,99.00,99.00,99.00,999,1027.1,8.1,999.0,2.5,99.0,99.00,
2020,02,23,13,00,38,3.9,4.5,99.00,99.00,99.00,999,1027.6,8.8,999.0,2.3,99.0,99.00,
2020,02,23,14,00,40,3.4,4.0,99.00,99.00,99.00,999,1027.8,9.3,999.0,2.2,99.0,99.00,
2020,02,23,15,00,47,3.6,4.0,99.00,99.00,99.00,999,1027.8,9.7,999.0,3.1,99.0,99.00,
2020,02,23,16,00,37,2.9,3.4,99.00,99.00,99.00,999,1027.5,10.5,999.0,2.5,99.0,99.00,
2020,02,23,17,00,56,4.3,4.6,99.00,99.00,99.00,999,1026.8,11.1,999.0,2.2,99.0,99.00,
2020,02,23,18,00,64,3.4,3.8,99.00,99.00,99.00,999,1025.7,11.9,999.0,2.0,99.0,99.00,
2020,02,23,19,00,71,3.1,3.6,99.00,99.00,99.00,999,1024.7,12.4,999.0,2.0,99.0,99.00,
2020,02,23,20,00,66,2.8,3.1,99.00,99.00,99.00,999,1023.8,12.4,999.0,2.6,99.0,99.00,
2020,02,23,21,00,75,2.9,3.1,99.00,99.00,99.00,999,1023.6,12.5,999.0,4.7,99.0,99.00,
2020,02,23,22,00,97,2.1,2.2,99.00,99.00,99.00,999,1023.5,11.9,999.0,4.3,99.0,99.00,
2020,02,23,23,00,107,2.0,2.1,99.00,99.00,99.00,999,1023.8,11.8,999.0,5.1,99.0,99.00,
2020,02,24,00,00,133,1.7,1.8,99.00,99.00,99.00,999,1023.8,11.8,999.0,6.7,99.0,99.00,
2020,02,24,01,00,160,1.0,1.1,99.00,99.00,99.00,999,1023.6,11.8,999.0,8.5,99.0,99.00,
2020,02,24,02,00,160,0.4,0.6,99.00,99.00,99.00,999,1023.5,11.5,999.0,9.7,99.0,99.00,
2020,02,24,03,00,160,0.5,0.7,99.00,99.00,99.00,999,1023.4,11.8,999.0,10.4,99.0,99.00,
2020,02,24,04,00,0,0.0,0.1,99.00,99.00,99.00,999,1023.0,11.5,999.0,10.2,99.0,99.00,
2020,02,24,05,00,0,0.0,0.0,99.00,99.00,99.00,999,1022.3,12.4,999.0,11.0,99.0,99.00,
2020,02,24,06,00,7,1.2,1.3,99.00,99.00,99.00,999,1022.0,12.0,999.0,11.8,99.0,99.00,
2020,02,24,07,00,66,1.8,2.1,99.00,99.00,99.00,999,1021.3,12.0,999.0,12.0,99.0,99.00,
2020,02,24,08,00,79,2.4,2.7,99.00,99.00,99.00,999,1020.0,12.1,999.0,12.1,99.0,99.00,
2020,02,24,09,00,344,1.6,1.9,99.00,99.00,99.00,999,1020.2,11.7,999.0,11.6,99.0,99.00,
2020,02,24,10,00,51,1.6,1.7,99.00,99.00,99.00,999,1020.1,12.0,999.0,12.0,99.0,99.00,
2020,02,24,11,00,50,1.3,1.5,99.00,99.00,99.00,999,1020.0,11.8,999.0,11.6,99.0,99.00,
2020,02,24,12,00,80,1.7,1.9,99.00,99.00,99.00,999,1020.1,11.9,999.0,11.8,99.0,99.00,
2020,02,24,13,00,83,1.5,1.8,99.00,99.00,99.00,999,1020.0,12.1,999.0,12.1,99.0,99.00,
2020,02,24,14,00,48,1.4,1.5,99.00,99.00,99.00,999,1020.2,12.4,999.0,12.1,99.0,99.00,
2020,02,24,15,00,52,1.9,2.1,99.00,99.00,99.00,999,1020.0,12.7,999.0,12.2,99.0,99.00,
2020,02,24,16,00,9,0.9,1.4,99.00,99.00,99.00,999,1020.1,13.3,999.0,12.4,99.0,99.00,
2020,02,24,17,00,359,1.1,1.6,99.00,99.00,99.00,999,1019.5,14.5,999.0,12.2,99.0,99.00,
2020,02,24,18,00,30,1.1,1.4,99.00,99.00,99.00,999,1018.5,14.3,999.0,11.7,99.0,99.00,
2020,02,24,19,00,108,2.1,2.3,99.00,99.00,99.00,999,1017.6,14.2,999.0,12.9,99.0,99.00,
2020,02,24,20,00,43,2.6,3.0,99.00,99.00,99.00,999,1017.3,14.3,999.0,13.2,99.0,99.00,
2020,02,24,21,00,72,4.3,4.9,99.00,99.00,99.00,999,1017.0,13.6,999.0,12.6,99.0,99.00,
2020,02,24,22,00,65,5.7,6.3,99.00,99.00,99.00,999,1016.7,13.2,999.0,12.1,99.0,99.00,
2020,02,24,23,00,72,5.7,6.3,99.00,99.00,99.00,999,1017.0,12.8,999.0,11.4,99.0,99.00,
2020,02,25,00,00,63,7.7,8.4,99.00,99.00,99.00,999,1017.3,12.9,999.0,8.8,99.0,99.00,
2020,02,25,01,00,72,6.1,7.1,99.00,99.00,99.00,999,1016.4,12.4,999.0,11.4,99.0,99.00,
2020,02,25,02,00,81,6.2,7.2,99.00,99.00,99.00,999,1015.4,12.5,999.0,12.5,99.0,99.00,
2020,02,25,03,00,95,6.4,7.0,99.00,99.00,99.00,999,1014.3,13.1,999.0,13.1,99.0,99.00,
2020,02,25,04,00,15,2.3,2.4,99.00,99.00,99.00,999,1014.9,13.2,999.0,13.2,99.0,99.00,
2020,02,25,05,00,64,2.4,2.7,99.00,99.00,99.00,999,1014.4,13.7,999.0,13.7,99.0,99.00,
2020,02,25,06,00,55,1.4,1.5,99.00,99.00,99.00,999,1014.1,14.4,999.0,14.4,99.0,99.00,
2020,02,25,07,00,328,1.0,1.5,99.00,99.00,99.00,999,1013.8,14.4,999.0,14.4,99.0,99.00,
2020,02,25,08,00,313,1.5,1.8,99.00,99.00,99.00,999,1013.8,14.6,999.0,14.6,99.0,99.00,
2020,02,25,09,00,275,1.2,1.6,99.00,99.00,99.00,999,1013.1,15.3,999.0,15.3,99.0,99.00,
2020,02,25,10,00,254,1.8,2.7,99.00,99.00,99.00,999,1014.0,15.4,999.0,15.4,99.0,99.00,
2020,02,25,11,00,178,1.9,2.2,99.00,99.00,99.00,999,1013.6,13.4,999.0,13.4,99.0,99.00,
2020,02,25,12,00,187,5.1,5.6,99.00,99.00,99.00,999,1012.9,13.7,999.0,13.7,99.0,99.00,
2020,02,25,13,00,191,7.1,8.0,99.00,99.00,99.00,999,1012.3,14.3,999.0,14.3,99.0,99.00,
2020,02,25,14,00,190,6.8,7.6,99.00,99.00,99.00,999,1012.3,15.0,999.0,15.0,99.0,99.00,
2020,02,25,15,00,199,4.1,4.8,99.00,99.00,99.00,999,1012.7,14.3,999.0,14.3,99.0,99.00,
2020,02,25,16,00,214,5.7,5.9,99.00,99.00,99.00,999,1012.8,14.5,999.0,14.5,99.0,99.00,
2020,02,25,17,00,231,6.1,7.6,99.00,99.00,99.00,999,1012.9,16.3,999.0,16.3,99.0,99.00,
2020,02,25,18,00,215,5.8,6.5,99.00,99.00,99.00,999,1011.0,15.2,999.0,15.2,99.0,99.00,
2020,02,25,19,00,236,5.4,7.4,99.00,99.00,99.00,999,1011.6,18.5,999.0,17.0,99.0,99.00,
2020,02,25,20,00,227,6.4,8.6,99.00,99.00,99.00,999,1011.2,17.2,999.0,16.2,99.0,99.00,
2020,02,25,21,00,224,5.5,6.4,99.00,99.00,99.00,999,1010.9,16.1,999.0,15.7,99.0,99.00,
2020,02,25,22,00,222,5.9,6.8,99.00,99.00,99.00,999,1011.6,15.3,999.0,15.3,99.0,99.00,
2020,02,25,23,00,218,3.7,4.5,99.00,99.00,99.00,999,1011.2,14.3,999.0,14.3,99.0,99.00,
2020,02,26,00,00,228,5.7,7.8,99.00,99.00,99.00,999,1011.8,16.8,999.0,16.8,99.0,99.00,
2020,02,26,01,00,227,5.7,7.2,99.00,99.00,99.00,999,1011.8,16.6,999.0,16.6,99.0,99.00,
2020,02,26,02,00,224,4.6,5.9,99.00,99.00,99.00,999,1012.4,14.7,999.0,14.7,99.0,99.00,
2020,02,26,03,00,264,3.6,4.8,99.00,99.00,99.00,999,1012.4,15.5,999.0,15.5,99.0,99.00,
2020,02,26,04,00,227,2.9,4.4,99.00,99.00,99.00,999,1012.8,15.3,999.0,15.3,99.0,99.00,
2020,02,26,05,00,240,2.7,3.7,99.00,99.00,99.00,999,1012.2,14.8,999.0,14.8,99.0,99.00,
2020,02,26,06,00,223,2.7,3.0,99.00,99.00,99.00,999,1012.4,14.1,999.0,14.1,99.0,99.00,
2020,02,26,07,00,265,2.6,3.6,99.00,99.00,99.00,999,1012.5,16.0,999.0,16.0,99.0,99.00,
2020,02,26,08,00,196,2.6,3.4,99.00,99.00,99.00,999,1011.6,14.0,999.0,14.0,99.0,99.00,
2020,02,26,09,00,223,2.3,2.7,99.00,99.00,99.00,999,1011.2,14.7,999.0,14.7,99.0,99.00,
2020,02,26,10,00,233,3.6,5.3,99.00,99.00,99.00,999,1011.9,15.2,999.0,15.2,99.0,99.00,
2020,02,26,11,00,217,3.6,3.9,99.00,99.00,99.00,999,1012.2,13.8,999.0,13.8,99.0,99.00,
2020,02,26,12,00,217,2.5,2.7,99.00,99.00,99.00,999,1012.7,13.8,999.0,13.8,99.0,99.00,
2020,02,26,13,00,218,2.5,2.9,99.00,99.00,99.00,999,1012.4,14.0,999.0,14.0,99.0,99.00,
2020,02,26,14,00,217,3.8,4.0,99.00,99.00,99.00,999,1012.7,14.1,999.0,14.1,99.0,99.00,
2020,02,26,15,00,219,3.2,3.8,99.00,99.00,99.00,999,1013.0,14.4,999.0,14.4,99.0,99.00,
2020,02,26,16,00,210,4.5,5.0,99.00,99.00,99.00,999,1013.2,14.5,999.0,14.5,99.0,99.00,
2020,02,26,17,00,197,2.2,2.5,99.00,99.00,99.00,999,1013.1,14.2,999.0,14.2,99.0,99.00,
2020,02,26,18,00,209,5.9,6.5,99.00,99.00,99.00,999,1012.8,14.4,999.0,14.4,99.0,99.00,
2020,02,26,19,00,221,4.4,4.9,99.00,99.00,99.00,999,1011.4,14.7,999.0,14.7,99.0,99.00,
2020,02,26,20,00,231,5.1,6.5,99.00,99.00,99.00,999,1011.4,16.2,999.0,16.2,99.0,99.00,
2020,02,26,21,00,219,3.4,4.0,99.00,99.00,99.00,999,1010.9,14.9,999.0,14.9,99.0,99.00,
2020,02,26,22,00,270,2.2,3.3,99.00,99.00,99.00,999,1010.2,17.3,999.0,17.3,99.0,99.00,
2020,02,26,23,00,203,2.7,3.1,99.00,99.00,99.00,999,1010.3,14.6,999.0,14.6,99.0,99.00,
2020,02,27,00,00,185,4.3,4.7,99.00,99.00,99.00,999,1009.4,14.3,999.0,14.3,99.0,99.00,
2020,02,27,01,00,222,4.0,5.0,99.00,99.00,99.00,999,1009.4,14.3,999.0,14.3,99.0,99.00,
2020,02,27,02,00,267,3.5,4.7,99.00,99.00,99.00,999,1010.6,14.0,999.0,13.6,99.0,99.00,
2020,02,27,03,00,270,3.9,5.0,99.00,99.00,99.00,999,1010.9,13.7,999.0,12.1,99.0,99.00,
2020,02,27,04,00,264,4.5,5.9,99.00,99.00,99.00,999,1011.8,13.5,999.0,10.8,99.0,99.00,
2020,02,27,05,00,291,6.0,10.3,99.00,99.00,99.00,999,1011.3,12.5,999.0,7.2,99.0,99.00,
2020,02,27,06,00,296,5.8,8.0,99.00,99.00,99.00,999,1012.3,11.1,999.0,6.1,99.0,99.00,
2020,02,27,07,00,294,4.8,8.2,99.00,99.00,99.00,999,1012.8,9.4,999.0,4.0,99.0,99.00,
2020,02,27,08,00,295,6.5,8.4,99.00,99.00,99.00,999,1012.8,8.8,999.0,3.0,99.0,99.00,
2020,02,27,09,00,288,5.3,8.1,99.00,99.00,99.00,999,1013.7,7.5,999.0,2.3,99.0,99.00,
2020,02,27,10,00,288,5.0,8.2,99.00,99.00,99.00,999,1015.1,6.6,999.0,2.1,99.0,99.00,
2020,02,27,11,00,289,5.5,8.0,99.00,99.00,99.00,999,1016.0,6.0,999.0,1.4,99.0,99.00,
2020,02,27,12,00,292,6.2,9.2,99.00,99.00,99.00,999,1017.0,5.4,999.0,0.9,99.0,99.00,
2020,02,27,13,00,292,5.9,9.1,99.00,99.00,99.00,999,1018.0,5.9,999.0,0.7,99.0,99.00,
2020,02,27,14,00,298,5.7,7.9,99.00,99.00,99.00,999,1018.7,6.9,999.0,0.5,99.0,99.00,
2020,02,27,15,00,309,3.8,5.6,99.00,99.00,99.00,999,1019.0,8.0,999.0,0.2,99.0,99.00,
2020,02,27,16,00,320,4.1,6.2,99.00,99.00,99.00,999,1019.6,8.7,999.0,0.0,99.0,99.00,
2020,02,27,17,00,293,5.1,6.6,99.00,99.00,99.00,999,1019.1,9.7,999.0,-0.1,99.0,99.00,
2020,02,27,18,00,320,4.7,6.9,99.00,99.00,99.00,999,1018.9,10.4,999.0,-0.3,99.0,99.00,
2020,02,27,19,00,313,4.6,6.3,99.00,99.00,99.00,999,1018.5,11.4,999.0,-0.3,99.0,99.00,
2020,02,27,20,00,309,3.4,5.8,99.00,99.00,99.00,999,1018.4,12.1,999.0,-0.6,99.0,99.00,
2020,02,27,21,00,307,4.6,6.9,99.00,99.00,99.00,999,1018.7,12.2,999.0,-0.8,99.0,99.00,
2020,02,27,22,00,318,3.9,6.3,99.00,99.00,99.00,999,1019.2,11.9,999.0,-2.4,99.0,99.00,
2020,02,27,23,00,303,3.5,4.8,99.00,99.00,99.00,999,1019.8,10.9,999.0,-1.8,99.0,99.00,
2020,02,28,00,00,281,1.2,1.6,99.00,99.00,99.00,999,1020.4,8.9,999.0,-0.2,99.0,99.00,
2020,02,28,01,00,251,1.9,2.3,99.00,99.00,99.00,999,1021.0,8.8,999.0,-0.3,99.0,99.00,
2020,02,28,02,00,262,2.2,3.1,99.00,99.00,99.00,999,1021.4,7.8,999.0,1.2,99.0,99.00,
2020,02,28,03,00,267,2.3,3.1,99.00,99.00,99.00,999,1021.8,7.9,999.0,0.4,99.0,99.00,
2020,02,28,04,00,265,2.0,2.6,99.00,99.00,99.00,999,1022.1,7.8,999.0,1.8,99.0,99.00,
2020,02,28,05,00,258,2.7,3.7,99.00,99.00,99.00,999,1022.2,7.3,999.0,1.1,99.0,99.00,
2020,02,28,06,00,276,1.5,2.7,99.00,99.00,99.00,999,1022.2,6.2,999.0,0.6,99.0,99.00,
2020,02,28,07,00,284,1.8,2.7,99.00,99.00,99.00,999,1022.0,5.4,999.0,-0.3,99.0,99.00,
2020,02,28,08,00,270,1.4,2.2,99.00,99.00,99.00,999,1022.0,4.7,999.0,-0.8,99.0,99.00,
2020,02,28,09,00,286,2.6,3.3,99.00,99.00,99.00,999,1021.6,3.9,999.0,-1.2,99.0,99.00,
2020,02,28,10,00,292,2.8,3.8,99.00,99.00,99.00,999,1021.9,3.3,999.0,-1.0,99.0,99.00,
2020,02,28,11,00,282,2.4,3.4,99.00,99.00,99.00,999,1022.3,2.5,999.0,-1.0,99.0,99.00,
2020,02,28,12,00,274,1.1,2.1,99.00,99.00,99.00,999,1022.6,2.1,999.0,-1.2,99.0,99.00,
2020,02,28,13,00,297,3.1,4.2,99.00,99.00,99.00,999,1023.0,4.3,999.0,-1.0,99.0,99.00,
2020,02,28,14,00,305,3.0,5.5,99.00,99.00,99.00,999,1023.0,7.5,999.0,-1.4,99.0,99.00,
2020,02,28,15,00,310,3.4,5.1,99.00,99.00,99.00,999,1022.8,8.8,999.0,-3.2,99.0,99.00,
2020,02,28,16,00,289,1.3,3.1,99.00,99.00,99.00,999,1022.2,10.1,999.0,-3.9,99.0,99.00,
2020,02,28,17,00,203,4.9,6.1,99.00,99.00,99.00,999,1021.8,10.7,999.0,-1.5,99.0,99.00,
2020,02,28,18,00,216,8.1,10.0,99.00,99.00,99.00,999,1020.8,11.3,999.0,0.5,99.0,99.00,
2020,02,28,19,00,215,9.9,11.1,99.00,99.00,99.00,999,1019.6,11.5,999.0,0.1,99.0,99.00,
2020,02,28,20,00,210,10.6,11.7,99.00,99.00,99.00,999,1018.9,11.2,999.0,3.0,99.0,99.00,
2020,02,28,21,00,217,10.2,11.9,99.00,99.00,99.00,999,1018.5,11.7,999.0,3.2,99.0,99.00,
2020,02,28,22,00,210,10.3,12.5,99.00,99.00,99.00,999,1018.5,12.0,999.0,4.1,99.0,99.00,
2020,02,28,23,00,217,8.9,10.9,99.00,99.00,99.00,999,1018.6,12.2,999.0,5.6,99.0,99.00,
2020,02,29,00,00,244,2.8,3.3,99.00,99.00,99.00,999,1018.8,10.5,999.0,1.7,99.0,99.00,
2020,02,29,01,00,247,2.5,3.4,99.00,99.00,99.00,999,1019.1,10.2,999.0,1.6,99.0,99.00,
2020,02,29,02,00,244,2.8,3.7,99.00,99.00,99.00,999,1019.5,9.9,999.0,2.8,99.0,99.00,
2020,02,29,03,00,248,2.8,4.2,99.00,99.00,99.00,999,1019.7,11.0,999.0,2.4,99.0,99.00,
2020,02,29,04,00,306,4.0,6.4,99.00,99.00,99.00,999,1020.2,10.8,999.0,1.5,99.0,99.00,
2020,02,29,05,00,297,2.5,3.4,99.00,99.00,99.00,999,1020.0,10.0,999.0,1.8,99.0,99.00,
2020,02,29,06,00,285,2.9,3.9,99.00,99.00,99.00,999,1020.1,9.5,999.0,2.8,99.0,99.00,
2020,02,29,07,00,260,4.4,6.1,99.00,99.00,99.00,999,1020.4,9.2,999.0,1.7,99.0,99.00,
2020,02,29,08,00,272,2.5,3.3,99.00,99.00,99.00,999,1020.1,7.9,999.0,1.2,99.0,99.00,
2020,02,29,09,00,264,2.3,3.2,99.00,99.00,99.00,999,1020.2,6.6,999.0,0.3,99.0,99.00,
2020,02,29,10,00,258,2.4,3.0,99.00,99.00,99.00,999,1020.4,5.6,999.0,-0.1,99.0,99.00,
2020,02,29,11,00,243,2.2,2.5,99.00,99.00,99.00,999,1020.4,5.1,999.0,0.9,99.0,99.00,
2020,02,29,12,00,242,2.9,5.1,99.00,99.00,99.00,999,1020.7,5.2,999.0,1.3,99.0,99.00,
2020,02,29,13,00,253,4.0,5.0,99.00,99.00,99.00,999,1020.8,7.4,999.0,1.5,99.0,99.00,
2020,02,29,14,00,264,5.5,7.8,99.00,99.00,99.00,999,1021.0,9.4,999.0,0.8,99.0,99.00,
2020,02,29,15,00,274,4.7,7.4,99.00,99.00,99.00,999,1020.6,10.4,999.0,0.9,99.0,99.00,
2020,02,29,16,00,274,5.3,7.9,99.00,99.00,99.00,999,1020.4,11.1,999.0,0.6,99.0,99.00,
2020,02,29,17,00,287,5.5,8.2,99.00,99.00,99.00,999,1019.9,12.2,999.0,-1.0,99.0,99.00,
2020,02,29,18,00,290,7.1,8.6,99.00,99.00,99.00,999,1019.2,12.2,999.0,-1.1,99.0,99.00,
2020,02,29,19,00,296,7.2,10.0,99.00,99.00,99.00,999,1018.9,13.0,999.0,-1.5,99.0,99.00,
2020,02,29,20,00,302,5.4,9.6,99.00,99.00,99.00,999,1019.2,13.1,999.0,-1.3,99.0,99.00,
2020,02,29,21,00,301,5.7,10.3,99.00,99.00,99.00,999,1019.9,13.6,999.0,-0.8,99.0,99.00,
2020,02,29,22,00,300,4.6,6.9,99.00,99.00,99.00,999,1020.5,12.8,999.0,-2.2,99.0,99.00,
2020,02,29,23,00,309,3.6,5.0,99.00,99.00,99.00,999,1021.5,11.9,999.0,-1.8,99.0,99.00,
2020,03,01,00,00,281,1.3,2.2,99.00,99.00,99.00,999,1022.7,9.9,999.0,0.4,99.0,99.00,
2020,03,01,01,00,270,1.5,2.0,99.00,99.00,99.00,999,1023.2,9.8,999.0,-1.1,99.0,99.00,
2020,03,01,02,00,280,1.6,2.4,99.00,99.00,99.00,999,1023.8,8.9,999.0,-0.7,99.0,99.00,
2020,03,01,03,00,251,1.8,2.4,99.00,99.00,99.00,999,1024.7,8.4,999.0,0.3,99.0,99.00,
2020,03,01,04,00,260,2.2,2.9,99.00,99.00,99.00,999,1025.0,7.7,999.0,1.2,99.0,99.00,
2020,03,01,05,00,261,1.6,2.2,99.00,99.00,99.00,999,1025.1,7.5,999.0,0.5,99.0,99.00,
2020,03,01,06,00,325,1.6,2.3,99.00,99.00,99.00,999,1025.3,6.9,999.0,1.7,99.0,99.00,
2020,03,01,07,00,355,2.2,2.6,99.00,99.00,99.00,999,1025.0,7.9,999.0,1.3,99.0,99.00,
2020,03,01,08,00,307,1.7,1.8,99.00,99.00,99.00,999,1024.9,6.6,999.0,0.4,99.0,99.00,
2020,03,01,09,00,314,2.0,2.4,99.00,99.00,99.00,999,1025.2,5.8,999.0,0.7,99.0,99.00,
2020,03,01,10,00,16,4.4,5.0,99.00,99.00,99.00,999,1025.8,7.4,999.0,-0.8,99.0,99.00,
2020,03,01,11,00,29,4.2,5.1,99.00,99.00,99.00,999,1026.4,7.5,999.0,2.0,99.0,99.00,
2020,03,01,12,00,41,4.3,4.7,99.00,99.00,99.00,999,1027.0,7.7,999.0,3.7,99.0,99.00,
2020,03,01,13,00,70,4.3,4.9,99.00,99.00,99.00,999,1027.5,9.6,999.0,3.8,99.0,99.00,
2020,03,01,14,00,83,4.2,4.9,99.00,99.00,99.00,999,1028.3,10.7,999.0,1.8,99.0,99.00,
2020,03,01,15,00,82,4.9,5.6,99.00,99.00,99.00,999,1028.1,11.2,999.0,2.3,99.0,99.00,
2020,03,01,16,00,94,3.8,4.3,99.00,99.00,99.00,999,1028.3,11.1,999.0,1.8,99.0,99.00,
2020,03,01,17,00,100,4.2,5.1,99.00,99.00,99.00,999,1028.0,11.8,999.0,2.1,99.0,99.00,
2020,03,01,18,00,97,2.8,3.3,99.00,99.00,99.00,999,1027.6,12.3,999.0,1.9,99.0,99.00,
2020,03,01,19,00,106,2.2,2.7,99.00,99.00,99.00,999,1026.6,12.4,999.0,1.7,99.0,99.00,
2020,03,01,20,00,127,1.8,2.1,99.00,99.00,99.00,999,1026.6,12.6,999.0,2.1,99.0,99.00,
2020,03,01,21,00,134,1.1,1.4,99.00,99.00,99.00,999,1026.4,12.8,999.0,3.0,99.0,99.00,
2020,03,01,22,00,176,1.9,2.1,99.00,99.00,99.00,999,1026.3,12.4,999.0,3.3,99.0,99.00,
2020,03,01,23,00,137,2.5,2.7,99.00,99.00,99.00,999,1026.1,12.4,999.0,3.7,99.0,99.00,
2020,03,02,00,00,135,3.4,3.9,99.00,99.00,99.00,999,1025.8,12.5,999.0,4.9,99.0,99.00,
2020,03,02,01,00,152,3.0,3.1,99.00,99.00,99.00,999,1026.0,12.6,999.0,4.8,99.0,99.00,
2020,03,02,02,00,187,2.5,2.7,99.00,99.00,99.00,999,1026.0,12.4,999.0,6.8,99.0,99.00,
2020,03,02,03,00,196,2.2,2.4,99.00,99.00,99.00,999,1026.2,12.5,999.0,7.4,99.0,99.00,
2020,03,02,04,00,200,2.6,2.9,99.00,99.00,99.00,999,1025.8,12.6,999.0,8.5,99.0,99.00,
2020,03,02,05,00,230,1.8,2.0,99.00,99.00,99.00,999,1025.4,12.0,999.0,8.2,99.0,99.00,
2020,03,02,06,00,221,1.1,1.3,99.00,99.00,99.00,999,1025.0,11.9,999.0,9.4,99.0,99.00,
2020,03,02,07,00,220,2.1,2.4,99.00,99.00,99.00,999,1024.7,11.7,999.0,9.8,99.0,99.00,
2020,03,02,08,00,206,2.8,3.0,99.00,99.00,99.00,999,1023.7,12.2,999.0,10.5,99.0,99.00,
2020,03,02,09,00,197,2.0,2.2,99.00,99.00,99.00,999,1023.2,11.9,999.0,11.2,99.0,99.00,
2020,03,02,10,00,203,1.8,2.1,99.00,99.00,99.00,999,1023.4,12.3,999.0,11.2,99.0,99.00,
2020,03,02,11,00,189,1.4,1.5,99.00,99.00,99.00,999,1023.4,12.3,999.0,11.9,99.0,99.00,
2020,03,02,12,00,177,0.7,0.8,99.00,99.00,99.00,999,1023.2,12.5,999.0,12.3,99.0,99.00,
2020,03,02,13,00,129,1.4,2.3,99.00,99.00,99.00,999,1022.7,13.2,999.0,11.9,99.0,99.00,
2020,03,02,14,00,174,4.1,4.2,99.00,99.00,99.00,999,1022.9,14.6,999.0,11.8,99.0,99.00,
2020,03,02,15,00,192,2.2,2.4,99.00,99.00,99.00,999,1023.2,15.3,999.0,12.3,99.0,99.00,
2020,03,02,16,00,187,2.5,2.7,99.00,99.00,99.00,999,1022.5,16.0,999.0,12.5,99.0,99.00,
2020,03,02,17,00,204,4.2,5.8,99.00,99.00,99.00,999,1022.5,17.4,999.0,11.3,99.0,99.00,
2020,03,02,18,00,187,1.9,2.2,99.00,99.00,99.00,999,1021.5,16.6,999.0,13.6,99.0,99.00,
2020,03,02,19,00,220,5.8,6.9,99.00,99.00,99.00,999,1020.4,17.4,999.0,12.7,99.0,99.00,
2020,03,02,20,00,220,6.4,7.9,99.00,99.00,99.00,999,1019.1,16.8,999.0,12.4,99.0,99.00,
2020,03,02,21,00,217,3.6,4.2,99.00,99.00,99.00,999,1018.3,16.1,999.0,13.1,99.0,99.00,
2020,03,02,22,00,190,4.8,5.6,99.00,99.00,99.00,999,1017.9,15.7,999.0,13.3,99.0,99.00,
2020,03,02,23,00,205,5.1,5.7,99.00,99.00,99.00,999,1017.5,15.8,999.0,13.6,99.0,99.00,
2020,03,03,00,00,228,3.2,4.2,99.00,99.00,99.00,999,1017.7,15.6,999.0,13.9,99.0,99.00,
2020,03,03,01,00,207,6.3,6.8,99.00,99.00,99.00,999,1017.3,15.7,999.0,14.4,99.0,99.00,
2020,03,03,02,00,226,3.9,5.3,99.00,99.00,99.00,999,1017.4,15.8,999.0,14.8,99.0,99.00,
2020,03,03,03,00,219,5.3,6.3,99.00,99.00,99.00,999,1017.2,16.3,999.0,14.9,99.0,99.00,
2020,03,03,04,00,231,5.9,7.9,99.00,99.00,99.00,999,1017.4,16.3,999.0,15.4,99.0,99.00,
2020,03,03,05,00,233,4.5,6.5,99.00,99.00,99.00,999,1016.8,16.2,999.0,15.6,99.0,99.00,
2020,03,03,06,00,238,4.7,7.3,99.00,99.00,99.00,999,1016.4,15.7,999.0,15.3,99.0,99.00,
2020,03,03,07,00,227,4.8,6.0,99.00,99.00,99.00,999,1015.5,14.9,999.0,14.9,99.0,99.00,
2020,03,03,08,00,224,5.2,6.2,99.00,99.00,99.00,999,1014.4,14.9,999.0,14.8,99.0,99.00,
2020,03,03,09,00,227,4.0,5.9,99.00,99.00,99.00,999,1014.2,15.4,999.0,15.3,99.0,99.00,
2020,03,03,10,00,221,3.6,4.5,99.00,99.00,99.00,999,1014.7,15.0,999.0,15.0,99.0,99.00,
2020,03,03,11,00,193,3.2,3.8,99.00,99.00,99.00,999,1014.6,14.9,999.0,14.9,99.0,99.00,
2020,03,03,12,00,213,5.7,6.4,99.00,99.00,99.00,999,1014.2,14.5,999.0,14.5,99.0,99.00,
2020,03,03,13,00,215,4.2,4.7,99.00,99.00,99.00,999,1014.6,14.5,999.0,14.5,99.0,99.00,
2020,03,03,14,00,222,6.3,7.6,99.00,99.00,99.00,999,1014.6,14.9,999.0,14.8,99.0,99.00,
2020,03,03,15,00,227,6.6,9.2,99.00,99.00,99.00,999,1014.3,16.2,999.0,15.1,99.0,99.00,
2020,03,03,16,00,224,7.7,8.4,99.00,99.00,99.00,999,1014.8,16.8,999.0,14.9,99.0,99.00,
2020,03,03,17,00,218,7.5,8.6,99.00,99.00,99.00,999,1014.2,15.6,999.0,14.8,99.0,99.00,
2020,03,03,18,00,228,4.9,6.2,99.00,99.00,99.00,999,1014.1,16.4,999.0,15.2,99.0,99.00,
2020,03,03,19,00,220,4.4,4.9,99.00,99.00,99.00,999,1012.9,16.2,999.0,15.5,99.0,99.00,
2020,03,03,20,00,220,5.2,5.8,99.00,99.00,99.00,999,1012.3,16.6,999.0,15.2,99.0,99.00,
2020,03,03,21,00,216,5.9,6.4,99.00,99.00,99.00,999,1011.5,15.3,999.0,15.1,99.0,99.00,
2020,03,03,22,00,230,5.0,6.5,99.00,99.00,99.00,999,1011.4,17.1,999.0,15.4,99.0,99.00,
2020,03,03,23,00,248,4.7,6.8,99.00,99.00,99.00,999,1012.8,17.2,999.0,15.4,99.0,99.00,
2020,03,04,00,00,226,6.7,8.2,99.00,99.00,99.00,999,1012.9,17.5,999.0,15.1,99.0,99.00,
2020,03,04,01,00,216,4.8,5.3,99.00,99.00,99.00,999,1012.6,15.0,999.0,14.9,99.0,99.00,
2020,03,04,02,00,244,3.1,3.9,99.00,99.00,99.00,999,1013.5,16.1,999.0,15.9,99.0,99.00,
2020,03,04,03,00,234,2.9,3.9,99.00,99.00,99.00,999,1013.4,17.4,999.0,16.6,99.0,99.00,
2020,03,04,04,00,238,2.3,3.2,99.00,99.00,99.00,999,1013.6,17.0,999.0,16.7,99.0,99.00,
2020,03,04,05,00,231,3.8,4.8,99.00,99.00,99.00,999,1013.5,16.2,999.0,16.2,99.0,99.00,
2020,03,04,06,00,225,3.8,4.6,99.00,99.00,99.00,999,1013.3,15.3,999.0,15.3,99.0,99.00,
2020,03,04,07,00,238,3.6,4.8,99.00,99.00,99.00,999,1014.0,16.3,999.0,16.3,99.0,99.00,
2020,03,04,08,00,222,2.9,3.2,99.00,99.00,99.00,999,1014.0,15.2,999.0,15.2,99.0,99.00,
2020,03,04,09,00,256,0.8,1.1,99.00,99.00,99.00,999,1013.6,15.6,999.0,15.6,99.0,99.00,
2020,03,04,10,00,235,1.1,1.2,99.00,99.00,99.00,999,1013.9,14.6,999.0,14.6,99.0,99.00,
2020,03,04,11,00,229,1.6,1.8,99.00,99.00,99.00,999,1014.7,15.4,999.0,15.4,99.0,99.00,
2020,03,04,12,00,217,3.1,3.3,99.00,99.00,99.00,999,1014.9,14.5,999.0,14.5,99.0,99.00,
2020,03,04,13,00,244,1.5,2.1,99.00,99.00,99.00,999,1016.0,16.3,999.0,16.3,99.0,99.00,
2020,03,04,14,00,0,0.0,0.0,99.00,99.00,99.00,999,1016.0,16.7,999.0,16.7,99.0,99.00,
2020,03,04,15,00,280,1.0,1.1,99.00,99.00,99.00,999,1017.4,17.1,999.0,17.1,99.0,99.00,
2020,03,04,16,00,10,2.8,3.0,99.00,99.00,99.00,999,1016.7,17.3,999.0,17.2,99.0,99.00,
2020,03,04,17,00,347,3.6,4.3,99.00,99.00,99.00,999,1017.2,16.9,999.0,16.9,99.0,99.00,
2020,03,04,18,00,73,7.2,8.9,99.00,99.00,99.00,999,1017.0,13.3,999.0,12.8,99.0,99.00,
2020,03,04,19,00,54,6.7,7.5,99.00,99.00,99.00,999,1016.4,12.6,999.0,12.5,99.0,99.00,
2020,03,04,20,00,74,5.7,6.3,99.00,99.00,99.00,999,1015.6,13.6,999.0,13.6,99.0,99.00,
2020,03,04,21,00,88,3.0,3.3,99.00,99.00,99.00,999,1015.6,14.1,999.0,14.1,99.0,99.00,
2020,03,04,22,00,63,3.5,4.0,99.00,99.00,99.00,999,1015.2,14.3,999.0,14.3,99.0,99.00,
2020,03,04,23,00,32,1.4,1.7,99.00,99.00,99.00,999,1015.8,14.3,999.0,14.3,99.0,99.00,
2020,03,05,00,00,64,2.2,2.5,99.00,99.00,99.00,999,1015.2,14.1,999.0,14.1,99.0,99.00,
2020,03,05,01,00,330,0.4,0.5,99.00,99.00,99.00,999,1016.2,14.1,999.0,14.1,99.0,99.00,
2020,03,05,02,00,334,4.0,5.1,99.00,99.00,99.00,999,1016.4,14.3,999.0,14.3,99.0,99.00,
2020,03,05,03,00,318,3.5,5.8,99.00,99.00,99.00,999,1018.4,13.8,999.0,13.8,99.0,99.00,
2020,03,05,04,00,356,3.1,4.0,99.00,99.00,99.00,999,1017.3,13.5,999.0,13.5,99.0,99.00,
2020,03,05,05,00,11,3.1,3.4,99.00,99.00,99.00,999,1017.3,13.4,999.0,13.4,99.0,99.00,
2020,03,05,06,00,356,1.9,2.3,99.00,99.00,99.00,999,1017.4,13.3,999.0,13.3,99.0,99.00,
2020,03,05,07,00,17,2.4,2.6,99.00,99.00,99.00,999,1016.7,13.4,999.0,13.4,99.0,99.00,
2020,03,05,08,00,346,0.8,1.0,99.00,99.00,99.00,999,1016.2,13.4,999.0,13.4,99.0,99.00,
2020,03,05,09,00,349,2.2,2.7,99.00,99.00,99.00,999,1016.4,13.3,999.0,13.3,99.0,99.00,
2020,03,05,10,00,29,4.5,5.0,99.00,99.00,99.00,999,1016.8,13.5,999.0,13.5,99.0,99.00,
2020,03,05,11,00,45,7.0,7.9,99.00,99.00,99.00,999,1017.2,13.6,999.0,13.6,99.0,99.00,
2020,03,05,12,00,35,6.6,7.7,99.00,99.00,99.00,999,1018.2,13.3,999.0,13.2,99.0,99.00,
2020,03,05,13,00,45,9.0,10.2,99.00,99.00,99.00,999,1018.9,13.4,999.0,12.5,99.0,99.00,
2020,03,05,14,00,27,11.1,12.5,99.00,99.00,99.00,999,1019.9,12.7,999.0,11.2,99.0,99.00,
2020,03,05,15,00,23,11.5,13.4,99.00,99.00,99.00,999,1019.8,11.4,999.0,11.2,99.0,99.00,
2020,03,05,16,00,37,12.8,15.3,99.00,99.00,99.00,999,1018.8,11.3,999.0,11.3,99.0,99.00,
2020,03,05,17,00,25,11.1,13.4,99.00,99.00,99.00,999,1018.5,10.8,999.0,10.8,99.0,99.00,
2020,03,05,18,00,41,11.0,13.0,99.00,99.00,99.00,999,1016.9,11.4,999.0,11.4,99.0,99.00,
2020,03,05,19,00,63,12.5,14.3,99.00,99.00,99.00,999,1014.4,11.8,999.0,11.8,99.0,99.00,
2020,03,05,20,00,38,9.7,10.9,99.00,99.00,99.00,999,1014.7,12.7,999.0,12.7,99.0,99.00,
2020,03,05,21,00,55,9.5,10.8,99.00,99.00,99.00,999,1013.2,12.8,999.0,12.8,99.0,99.00,
2020,03,05,22,00,8,7.3,8.4,99.00,99.00,99.00,999,1013.9,13.2,999.0,13.2,99.0,99.00,
2020,03,05,23,00,6,6.0,7.3,99.00,99.00,99.00,999,1013.3,12.6,999.0,12.6,99.0,99.00,
2020,03,06,00,00,27,6.4,7.4,99.00,99.00,99.00,999,1013.1,12.5,999.0,12.5,99.0,99.00,
2020,03,06,01,00,340,6.1,8.1,99.00,99.00,99.00,999,1014.0,11.5,999.0,11.5,99.0,99.00,
2020,03,06,02,00,346,6.2,8.2,99.00,99.00,99.00,999,1014.6,11.1,999.0,11.1,99.0,99.00,
2020,03,06,03,00,358,5.8,7.6,99.00,99.00,99.00,999,1014.4,11.0,999.0,11.0,99.0,99.00,
2020,03,06,04,00,359,5.8,7.5,99.00,99.00,99.00,999,1013.2,10.6,999.0,10.6,99.0,99.00,
2020,03,06,05,00,341,3.9,5.3,99.00,99.00,99.00,999,1013.4,10.4,999.0,10.4,99.0,99.00,
2020,03,06,06,00,336,5.0,6.9,99.00,99.00,99.00,999,1013.9,10.2,999.0,10.2,99.0,99.00,
2020,03,06,07,00,333,5.0,7.1,99.00,99.00,99.00,999,1013.9,10.1,999.0,10.1,99.0,99.00,
2020,03,06,08,00,320,3.7,4.7,99.00,99.00,99.00,999,1013.4,10.1,999.0,10.1,99.0,99.00,
2020,03,06,09,00,307,3.7,5.4,99.00,99.00,99.00,999,1013.8,10.0,999.0,10.0,99.0,99.00,
2020,03,06,10,00,306,3.0,4.4,99.00,99.00,99.00,999,1014.4,9.9,999.0,9.9,99.0,99.00,
2020,03,06,11,00,303,3.2,4.5,99.00,99.00,99.00,999,1014.8,10.1,999.0,10.1,99.0,99.00,
2020,03,06,12,00,301,3.9,5.6,99.00,99.00,99.00,999,1015.2,10.0,999.0,10.0,99.0,99.00,
2020,03,06,13,00,295,5.1,7.9,99.00,99.00,99.00,999,1016.1,10.1,999.0,9.9,99.0,99.00,
2020,03,06,14,00,295,4.5,6.6,99.00,99.00,99.00,999,1016.6,10.9,999.0,9.8,99.0,99.00,
2020,03,06,15,00,281,3.7,5.4,99.00,99.00,99.00,999,1016.0,12.5,999.0,9.6,99.0,99.00,
2020,03,06,16,00,282,5.4,7.5,99.00,99.00,99.00,999,1016.0,13.9,999.0,9.3,99.0,99.00,
2020,03,06,17,00,274,6.3,9.3,99.00,99.00,99.00,999,1015.6,15.3,999.0,8.1,99.0,99.00,
2020,03,06,18,00,271,5.8,8.9,99.00,99.00,99.00,999,1014.9,16.7,999.0,6.0,99.0,99.00,
2020,03,06,19,00,289,6.6,10.2,99.00,99.00,99.00,999,1013.8,17.8,999.0,2.5,99.0,99.00,
2020,03,06,20,00,279,7.4,9.9,99.00,99.00,99.00,999,1013.8,17.9,999.0,0.6,99.0,99.00,
2020,03,06,21,00,304,8.5,12.0,99.00,99.00,99.00,999,1014.2,17.4,999.0,0.5,99.0,99.00,
2020,03,06,22,00,305,8.5,11.6,99.00,99.00,99.00,999,1015.2,16.3,999.0,0.6,99.0,99.00,
2020,03,06,23,00,299,7.4,11.1,99.00,99.00,99.00,999,1016.5,14.8,999.0,0.5,99.0,99.00,
2020,03,07,00,00,307,5.1,8.8,99.00,99.00,99.00,999,1018.1,13.5,999.0,0.5,99.0,99.00,
2020,03,07,01,00,308,5.6,8.5,99.00,99.00,99.00,999,1019.6,12.5,999.0,-1.1,99.0,99.00,
2020,03,07,02,00,341,9.5,12.3,99.00,99.00,99.00,999,1021.2,11.7,999.0,0.0,99.0,99.00,
2020,03,07,03,00,332,8.3,11.1,99.00,99.00,99.00,999,1022.7,10.4,999.0,-2.0,99.0,99.00,
2020,03,07,04,00,321,5.1,7.4,99.00,99.00,99.00,999,1023.5,8.8,999.0,-1.8,99.0,99.00,
2020,03,07,05,00,319,5.4,8.9,99.00,99.00,99.00,999,1023.9,8.2,999.0,-2.2,99.0,99.00,
2020,03,07,06,00,326,4.1,6.2,99.00,99.00,99.00,999,1024.4,7.7,999.0,-1.9,99.0,99.00,
2020,03,07,07,00,314,4.0,6.9,99.00,99.00,99.00,999,1024.5,6.9,999.0,-1.6,99.0,99.00,
2020,03,07,08,00,306,4.1,6.1,99.00,99.00,99.00,999,1024.5,6.3,999.0,-1.8,99.0,99.00,
2020,03,07,09,00,312,4.4,5.8,99.00,99.00,99.00,999,1024.8,5.9,999.0,-1.7,99.0,99.00,
2020,03,07,10,00,317,3.1,6.0,99.00,99.00,99.00,999,1025.2,5.6,999.0,-1.6,99.0,99.00,
2020,03,07,11,00,325,5.3,8.0,99.00,99.00,99.00,999,1026.1,5.3,999.0,-1.2,99.0,99.00,
2020,03,07,12,00,324,5.0,6.7,99.00,99.00,99.00,999,1026.9,5.0,999.0,-1.1,99.0,99.00,
2020,03,07,13,00,335,5.7,8.2,99.00,99.00,99.00,999,1028.1,6.5,999.0,-0.5,99.0,99.00,
2020,03,07,14,00,348,7.7,8.5,99.00,99.00,99.00,999,1028.8,7.8,999.0,-0.2,99.0,99.00,
2020,03,07,15,00,350,7.2,8.4,99.00,99.00,99.00,999,1029.1,9.1,999.0,-0.1,99.0,99.00,
2020,03,07,16,00,347,8.0,10.7,99.00,99.00,99.00,999,1029.5,9.8,999.0,-1.4,99.0,99.00,
2020,03,07,17,00,351,7.5,8.9,99.00,99.00,99.00,999,1029.8,10.3,999.0,-1.7,99.0,99.00,
2020,03,07,18,00,326,4.7,7.3,99.00,99.00,99.00,999,1029.3,11.3,999.0,-1.1,99.0,99.00,
2020,03,07,19,00,354,6.1,8.2,99.00,99.00,99.00,999,1028.8,12.1,999.0,-0.4,99.0,99.00,
2020,03,07,20,00,349,5.6,7.4,99.00,99.00,99.00,999,1028.8,12.4,999.0,-0.9,99.0,99.00,
2020,03,07,21,00,329,2.6,4.3,99.00,99.00,99.00,999,1028.8,12.8,999.0,-1.1,99.0,99.00,
2020,03,07,22,00,326,4.2,6.2,99.00,99.00,99.00,999,1029.0,12.8,999.0,-1.0,99.0,99.00,
2020,03,07,23,00,337,3.9,4.9,99.00,99.00,99.00,999,1029.8,12.3,999.0,-0.5,99.0,99.00,
2020,03,08,00,00,335,2.7,3.7,99.00,99.00,99.00,999,1030.5,11.5,999.0,0.0,99.0,99.00,
2020,03,08,01,00,346,2.2,2.5,99.00,99.00,99.00,999,1031.3,10.5,999.0,2.2,99.0,99.00,
2020,03,08,02,00,338,1.8,2.3,99.00,99.00,99.00,999,1032.1,10.1,999.0,3.0,99.0,99.00,
2020,03,08,03,00,332,2.2,2.6,99.00,99.00,99.00,999,1032.7,9.8,999.0,2.8,99.0,99.00,
2020,03,08,04,00,9,3.7,4.4,99.00,99.00,99.00,999,1033.0,9.8,999.0,3.2,99.0,99.00,
2020,03,08,05,00,20,5.3,6.4,99.00,99.00,99.00,999,1033.0,10.1,999.0,2.1,99.0,99.00,
2020,03,08,06,00,34,6.0,6.9,99.00,99.00,99.00,999,1033.2,10.1,999.0,1.8,99.0,99.00,
2020,03,08,07,00,32,5.6,6.4,99.00,99.00,99.00,999,1033.1,10.0,999.0,2.4,99.0,99.00,
2020,03,08,08,00,29,4.7,5.8,99.00,99.00,99.00,999,1032.9,10.0,999.0,2.8,99.0,99.00,
2020,03,08,09,00,27,4.7,5.2,99.00,99.00,99.00,999,1033.2,9.5,999.0,2.3,99.0,99.00,
2020,03,08,10,00,19,4.8,6.0,99.00,99.00,99.00,999,1033.9,9.4,999.0,2.3,99.0,99.00,
2020,03,08,11,00,349,3.3,4.0,99.00,99.00,99.00,999,1034.8,8.6,999.0,2.1,99.0,99.00,
2020,03,08,12,00,358,4.0,4.9,99.00,99.00,99.00,999,1035.7,8.1,999.0,2.6,99.0,99.00,
2020,03,08,13,00,11,4.7,5.4,99.00,99.00,99.00,999,1036.4,9.1,999.0,4.2,99.0,99.00,
2020,03,08,14,00,18,5.1,5.8,99.00,99.00,99.00,999,1037.0,10.9,999.0,3.9,99.0,99.00,
2020,03,08,15,00,28,5.5,6.1,99.00,99.00,99.00,999,1037.7,11.7,999.0,3.1,99.0,99.00,
2020,03,08,16,00,43,6.3,7.2,99.00,99.00,99.00,999,1037.9,12.2,999.0,2.3,99.0,99.00,
2020,03,08,17,00,38,6.0,7.2,99.00,99.00,99.00,999,1037.7,12.4,999.0,3.5,99.0,99.00,
2020,03,08,18,00,45,5.0,5.8,99.00,99.00,99.00,999,1037.6,12.4,999.0,3.3,99.0,99.00,
2020,03,08,19,00,52,6.2,6.8,99.00,99.00,99.00,999,1036.7,12.5,999.0,4.4,99.0,99.00,
2020,03,08,20,00,57,4.9,5.3,99.00,99.00,99.00,999,1036.7,12.5,999.0,5.3,99.0,99.00,
2020,03,08,21,00,62,4.3,5.0,99.00,99.00,99.00,999,1036.6,12.5,999.0,6.2,99.0,99.00,
2020,03,08,22,00,63,5.0,5.6,99.00,99.00,99.00,999,1036.4,12.4,999.0,6.6,99.0,99.00,
2020,03,08,23,00,72,5.8,6.4,99.00,99.00,99.00,999,1036.0,12.4,999.0,7.6,99.0,99.00,
2020,03,09,00,00,70,4.9,5.4,99.00,99.00,99.00,999,1035.8,12.6,999.0,8.5,99.0,99.00,
2020,03,09,01,00,80,5.1,5.7,99.00,99.00,99.00,999,1036.1,12.7,999.0,9.0,99.0,99.00,
2020,03,09,02,00,81,5.1,5.6,99.00,99.00,99.00,999,1036.0,13.0,999.0,9.4,99.0,99.00,
2020,03,09,03,00,84,4.5,5.0,99.00,99.00,99.00,999,1036.0,13.2,999.0,9.9,99.0,99.00,
2020,03,09,04,00,76,4.0,4.3,99.00,99.00,99.00,999,1035.9,13.2,999.0,10.6,99.0,99.00,
2020,03,09,05,00,33,2.4,2.8,99.00,99.00,99.00,999,1036.1,13.1,999.0,11.1,99.0,99.00,
2020,03,09,06,00,16,2.2,2.4,99.00,99.00,99.00,999,1036.1,12.3,999.0,11.5,99.0,99.00,
2020,03,09,07,00,19,2.5,2.8,99.00,99.00,99.00,999,1035.5,12.1,999.0,11.3,99.0,99.00,
2020,03,09,08,00,25,3.0,3.5,99.00,99.00,99.00,999,1034.9,12.6,999.0,11.5,99.0,99.00,
2020,03,09,09,00,33,3.4,3.9,99.00,99.00,99.00,999,1035.2,12.6,999.0,11.6,99.0,99.00,
2020,03,09,10,00,48,4.3,4.7,99.00,99.00,99.00,999,1035.5,12.6,999.0,11.3,99.0,99.00,
2020,03,09,11,00,51,3.4,3.9,99.00,99.00,99.00,999,1036.2,12.7,999.0,11.9,99.0,99.00,
2020,03,09,12,00,44,3.1,4.0,99.00,99.00,99.00,999,1036.5,13.1,999.0,12.4,99.0,99.00,
2020,03,09,13,00,24,2.6,3.0,99.00,99.00,99.00,999,1036.9,13.5,999.0,12.7,99.0,99.00,
2020,03,09,14,00,16,2.7,3.2,99.00,99.00,99.00,999,1037.2,14.0,999.0,13.3,99.0,99.00,
2020,03,09,15,00,42,2.5,2.9,99.00,99.00,99.00,999,1037.5,14.4,999.0,13.8,99.0,99.00,
2020,03,09,16,00,38,2.4,2.9,99.00,99.00,99.00,999,1037.4,15.0,999.0,14.1,99.0,99.00,
2020,03,09,17,00,52,3.1,3.6,99.00,99.00,99.00,999,1036.6,15.1,999.0,14.2,99.0,99.00,
2020,03,09,18,00,71,3.7,4.3,99.00,99.00,99.00,999,1035.5,16.3,999.0,14.7,99.0,99.00,
2020,03,09,19,00,71,3.2,3.7,99.00,99.00,99.00,999,1034.7,16.4,999.0,14.8,99.0,99.00,
2020,03,09,20,00,69,2.9,3.6,99.00,99.00,99.00,999,1034.1,16.0,999.0,14.7,99.0,99.00,
2020,03,09,21,00,83,2.9,3.2,99.00,99.00,99.00,999,1033.7,15.7,999.0,14.9,99.0,99.00,
2020,03,09,22,00,99,3.6,4.0,99.00,99.00,99.00,999,1033.0,15.2,999.0,14.6,99.0,99.00,
2020,03,09,23,00,95,2.5,2.8,99.00,99.00,99.00,999,1032.6,15.1,999.0,14.3,99.0,99.00,
2020,03,10,00,00,94,0.1,0.4,99.00,99.00,99.00,999,1032.6,14.2,999.0,14.2,99.0,99.00,
2020,03,10,01,00,0,0.0,0.0,99.00,99.00,99.00,999,1032.8,13.8,999.0,13.8,99.0,99.00,
2020,03,10,02,00,94,0.6,0.7,99.00,99.00,99.00,999,1033.1,15.0,999.0,14.5,99.0,99.00,
2020,03,10,03,00,98,1.2,1.4,99.00,99.00,99.00,999,1033.2,15.1,999.0,14.0,99.0,99.00,
2020,03,10,04,00,68,1.0,1.2,99.00,99.00,99.00,999,1033.0,14.8,999.0,13.9,99.0,99.00,
2020,03,10,05,00,70,1.1,1.3,99.00,99.00,99.00,999,1032.7,15.0,999.0,14.1,99.0,99.00,
2020,03,10,06,00,42,1.1,1.2,99.00,99.00,99.00,999,1032.0,14.7,999.0,14.4,99.0,99.00,
2020,03,10,07,00,30,1.3,1.5,99.00,99.00,99.00,999,1031.2,14.3,999.0,14.3,99.0,99.00,
2020,03,10,08,00,117,2.7,2.9,99.00,99.00,99.00,999,1030.2,15.8,999.0,15.8,99.0,99.00,
2020,03,10,09,00,151,2.0,2.2,99.00,99.00,99.00,999,1029.6,15.6,999.0,15.0,99.0,99.00,
2020,03,10,10,00,175,0.9,1.2,99.00,99.00,99.00,999,1029.7,15.4,999.0,15.0,99.0,99.00,
2020,03,10,11,00,179,5.3,5.5,99.00,99.00,99.00,999,1029.8,16.4,999.0,14.7,99.0,99.00,
2020,03,10,12,00,172,4.5,4.8,99.00,99.00,99.00,999,1029.9,16.0,999.0,14.7,99.0,99.00,
2020,03,10,13,00,186,3.8,4.1,99.00,99.00,99.00,999,1030.0,15.6,999.0,15.1,99.0,99.00,
2020,03,10,14,00,200,2.2,2.5,99.00,99.00,99.00,999,1030.0,15.8,999.0,15.4,99.0,99.00,
2020,03,10,15,00,180,2.8,2.8,99.00,99.00,99.00,999,1030.2,15.8,999.0,14.8,99.0,99.00,
2020,03,10,16,00,177,3.1,3.4,99.00,99.00,99.00,999,1030.1,18.4,999.0,15.0,99.0,99.00,
2020,03,10,17,00,208,4.4,5.2,99.00,99.00,99.00,999,1029.7,18.4,999.0,15.5,99.0,99.00,
2020,03,10,18,00,216,4.0,4.5,99.00,99.00,99.00,999,1028.8,18.2,999.0,15.6,99.0,99.00,
2020,03,10,19,00,218,2.7,3.3,99.00,99.00,99.00,999,1027.5,17.0,999.0,16.0,99.0,99.00,
2020,03,10,20,00,217,2.9,3.8,99.00,99.00,99.00,999,1026.4,16.8,999.0,15.9,99.0,99.00,
2020,03,10,21,00,223,2.9,3.5,99.00,99.00,99.00,999,1025.9,16.9,999.0,16.0,99.0,99.00,
2020,03,10,22,00,208,3.6,3.9,99.00,99.00,99.00,999,1025.5,16.5,999.0,15.5,99.0,99.00,
2020,03,10,23,00,200,2.9,3.2,99.00,99.00,99.00,999,1025.5,16.1,999.0,15.9,99.0,99.00,
2020,03,11,00,00,198,2.9,4.0,99.00,99.00,99.00,999,1025.4,15.8,999.0,15.8,99.0,99.00,
2020,03,11,01,00,217,3.8,4.3,99.00,99.00,99.00,999,1025.6,16.2,999.0,16.1,99.0,99.00,
2020,03,11,02,00,207,3.6,4.0,99.00,99.00,99.00,999,1025.3,16.0,999.0,15.8,99.0,99.00,
2020,03,11,03,00,207,4.3,4.7,99.00,99.00,99.00,999,1025.1,16.0,999.0,15.9,99.0,99.00,
2020,03,11,04,00,226,4.1,4.9,99.00,99.00,99.00,999,1025.0,15.8,999.0,15.8,99.0,99.00,
2020,03,11,05,00,229,4.2,5.5,99.00,99.00,99.00,999,1024.4,16.7,999.0,16.2,99.0,99.00,
2020,03,11,06,00,229,4.3,5.6,99.00,99.00,99.00,999,1023.9,16.5,999.0,15.8,99.0,99.00,
2020,03,11,07,00,233,3.5,5.4,99.00,99.00,99.00,999,1023.1,16.0,999.0,15.8,99.0,99.00,
2020,03,11,08,00,243,4.1,6.3,99.00,99.00,99.00,999,1022.4,15.9,999.0,15.5,99.0,99.00,
2020,03,11,09,00,250,3.0,4.3,99.00,99.00,99.00,999,1022.2,16.3,999.0,15.9,99.0,99.00,
2020,03,11,10,00,233,1.5,2.0,99.00,99.00,99.00,999,1022.1,15.8,999.0,15.4,99.0,99.00,
2020,03,11,11,00,224,2.5,2.8,99.00,99.00,99.00,999,1022.1,15.2,999.0,15.1,99.0,99.00,
2020,03,11,12,00,235,1.2,1.4,99.00,99.00,99.00,999,1022.5,15.4,999.0,15.4,99.0,99.00,
2020,03,11,13,00,217,2.4,2.7,99.00,99.00,99.00,999,1022.8,15.5,999.0,15.3,99.0,99.00,
2020,03,11,14,00,221,3.3,3.9,99.00,99.00,99.00,999,1023.1,15.5,999.0,15.4,99.0,99.00,
2020,03,11,15,00,209,3.2,3.8,99.00,99.00,99.00,999,1023.0,15.8,999.0,15.5,99.0,99.00,
2020,03,11,16,00,200,2.9,3.8,99.00,99.00,99.00,999,1022.3,16.8,999.0,16.0,99.0,99.00,
2020,03,11,17,00,211,4.5,5.3,99.00,99.00,99.00,999,1021.3,16.8,999.0,15.9,99.0,99.00,
2020,03,11,18,00,216,4.1,5.1,99.00,99.00,99.00,999,1020.3,17.6,999.0,16.3,99.0,99.00,
2020,03,11,19,00,215,4.7,5.7,99.00,99.00,99.00,999,1019.4,18.1,999.0,16.2,99.0,99.00,
2020,03,11,20,00,204,4.5,5.0,99.00,99.00,99.00,999,1018.7,17.4,999.0,16.1,99.0,99.00,
2020,03,11,21,00,211,4.9,5.6,99.00,99.00,99.00,999,1018.1,17.0,999.0,15.8,99.0,99.00,
2020,03,11,22,00,217,3.8,4.7,99.00,99.00,99.00,999,1017.8,16.9,999.0,16.0,99.0,99.00,
2020,03,11,23,00,214,3.3,3.9,99.00,99.00,99.00,999,1017.4,16.6,999.0,15.9,99.0,99.00,
2020,03,12,00,00,221,4.5,5.0,99.00,99.00,99.00,999,1017.6,16.6,999.0,15.7,99.0,99.00,
2020,03,12,01,00,220,6.1,7.5,99.00,99.00,99.00,999,1018.2,16.9,999.0,15.6,99.0,99.00,
2020,03,12,02,00,213,6.5,7.2,99.00,99.00,99.00,999,1018.3,16.4,999.0,15.6,99.0,99.00,
2020,03,12,03,00,221,3.9,4.3,99.00,99.00,99.00,999,1018.4,16.3,999.0,16.2,99.0,99.00,
2020,03,12,04,00,232,2.8,3.8,99.00,99.00,99.00,999,1018.3,16.1,999.0,16.1,99.0,99.00,
2020,03,12,05,00,235,3.8,4.9,99.00,99.00,99.00,999,1018.0,16.2,999.0,15.5,99.0,99.00,
2020,03,12,06,00,231,4.1,5.7,99.00,99.00,99.00,999,1017.4,16.1,999.0,15.4,99.0,99.00,
2020,03,12,07,00,233,5.0,6.8,99.00,99.00,99.00,999,1016.8,16.6,999.0,16.2,99.0,99.00,
2020,03,12,08,00,236,3.8,4.7,99.00,99.00,99.00,999,1016.3,16.3,999.0,16.2,99.0,99.00,
2020,03,12,09,00,252,2.3,3.0,99.00,99.00,99.00,999,1016.3,15.9,999.0,15.9,99.0,99.00,
2020,03,12,10,00,253,1.7,2.4,99.00,99.00,99.00,999,1016.8,15.6,999.0,15.6,99.0,99.00,
2020,03,12,11,00,255,0.9,1.1,99.00,99.00,99.00,999,1017.2,15.7,999.0,15.7,99.0,99.00,
2020,03,12,12,00,161,1.0,1.2,99.00,99.00,99.00,999,1017.5,15.4,999.0,15.4,99.0,99.00,
2020,03,12,13,00,252,1.5,2.1,99.00,99.00,99.00,999,1018.1,17.2,999.0,17.2,99.0,99.00,
2020,03,12,14,00,183,1.7,1.9,99.00,99.00,99.00,999,1018.5,16.5,999.0,16.3,99.0,99.00,
2020,03,12,15,00,191,2.3,2.6,99.00,99.00,99.00,999,1018.7,17.0,999.0,16.7,99.0,99.00,
2020,03,12,16,00,177,4.3,4.7,99.00,99.00,99.00,999,1018.6,16.3,999.0,16.3,99.0,99.00,
2020,03,12,17,00,183,4.2,4.7,99.00,99.00,99.00,999,1018.7,16.7,999.0,16.7,99.0,99.00,
2020,03,12,18,00,206,4.3,5.0,99.00,99.00,99.00,999,1018.1,17.4,999.0,16.8,99.0,99.00,
2020,03,12,19,00,203,4.6,5.3,99.00,99.00,99.00,999,1017.3,17.4,999.0,16.8,99.0,99.00,
2020,03,12,20,00,216,5.1,5.7,99.00,99.00,99.00,999,1016.6,17.7,999.0,16.8,99.0,99.00,
2020,03,12,21,00,208,4.3,4.8,99.00,99.00,99.00,999,1016.5,17.5,999.0,16.8,99.0,99.00,
2020,03,12,22,00,203,3.9,4.5,99.00,99.00,99.00,999,1016.6,17.3,999.0,16.7,99.0,99.00,
2020,03,12,23,00,188,5.4,5.9,99.00,99.00,99.00,999,1016.4,17.0,999.0,16.8,99.0,99.00,
2020,03,13,00,00,196,4.9,5.9,99.00,99.00,99.00,999,1016.7,17.0,999.0,17.0,99.0,99.00,
2020,03,13,01,00,215,2.8,3.2,99.00,99.00,99.00,999,1017.0,16.7,999.0,16.7,99.0,99.00,
2020,03,13,02,00,192,3.2,3.7,99.00,99.00,99.00,999,1017.3,16.5,999.0,16.5,99.0,99.00,
2020,03,13,03,00,216,3.7,4.2,99.00,99.00,99.00,999,1018.0,16.5,999.0,16.5,99.0,99.00,
2020,03,13,04,00,230,4.0,5.1,99.00,99.00,99.00,999,1018.0,17.1,999.0,17.1,99.0,99.00,
2020,03,13,05,00,226,2.8,3.4,99.00,99.00,99.00,999,1017.7,16.2,999.0,16.2,99.0,99.00,
2020,03,13,06,00,217,3.3,3.6,99.00,99.00,99.00,999,1017.6,16.1,999.0,16.1,99.0,99.00,
2020,03,13,07,00,241,3.0,3.9,99.00,99.00,99.00,999,1018.3,16.7,999.0,16.7,99.0,99.00,
2020,03,13,08,00,215,4.5,5.0,99.00,99.00,99.00,999,1018.3,16.1,999.0,16.1,99.0,99.00,
2020,03,13,09,00,227,4.7,6.2,99.00,99.00,99.00,999,1018.4,16.4,999.0,16.3,99.0,99.00,
2020,03,13,10,00,227,4.5,5.5,99.00,99.00,99.00,999,1018.4,16.1,999.0,16.1,99.0,99.00,
2020,03,13,11,00,230,4.2,6.0,99.00,99.00,99.00,999,1019.0,16.1,999.0,15.9,99.0,99.00,
2020,03,13,12,00,228,4.6,5.8,99.00,99.00,99.00,999,1019.6,16.2,999.0,16.2,99.0,99.00,
2020,03,13,13,00,222,5.4,7.4,99.00,99.00,99.00,999,1020.2,16.7,999.0,16.0,99.0,99.00,
2020,03,13,14,00,219,5.1,6.4,99.00,99.00,99.00,999,1020.3,17.0,999.0,15.9,99.0,99.00,
2020,03,13,15,00,220,6.3,7.6,99.00,99.00,99.00,999,1020.5,16.9,999.0,16.0,99.0,99.00,
2020,03,13,16,00,214,7.5,8.7,99.00,99.00,99.00,999,1020.5,17.0,999.0,15.9,99.0,99.00,
2020,03,13,17,00,217,6.5,7.5,99.00,99.00,99.00,999,1020.2,17.6,999.0,16.3,99.0,99.00,
2020,03,13,18,00,218,5.4,6.8,99.00,99.00,99.00,999,1019.9,18.1,999.0,17.0,99.0,99.00,
2020,03,13,19,00,224,6.5,7.8,99.00,99.00,99.00,999,1019.6,18.0,999.0,17.1,99.0,99.00,
2020,03,13,20,00,219,6.3,7.8,99.00,99.00,99.00,999,1019.6,18.5,999.0,17.2,99.0,99.00,
2020,03,13,21,00,225,6.3,6.9,99.00,99.00,99.00,999,1019.5,18.0,999.0,17.3,99.0,99.00,
2020,03,13,22,00,218,5.1,6.1,99.00,99.00,99.00,999,1019.7,17.8,999.0,17.0,99.0,99.00,
2020,03,13,23,00,220,5.1,5.6,99.00,99.00,99.00,999,1020.6,16.9,999.0,16.9,99.0,99.00,
2020,03,14,00,00,225,4.5,6.0,99.00,99.00,99.00,999,1021.0,17.1,999.0,17.1,99.0,99.00,
2020,03,14,01,00,226,4.4,5.9,99.00,99.00,99.00,999,1021.8,17.1,999.0,17.0,99.0,99.00,
2020,03,14,02,00,235,4.4,6.1,99.00,99.00,99.00,999,1022.4,17.9,999.0,16.9,99.0,99.00,
2020,03,14,03,00,227,2.9,3.3,99.00,99.00,99.00,999,1023.1,17.8,999.0,16.9,99.0,99.00,
2020,03,14,04,00,237,2.5,3.2,99.00,99.00,99.00,999,1023.0,18.1,999.0,17.2,99.0,99.00,
2020,03,14,05,00,229,3.7,4.5,99.00,99.00,99.00,999,1023.1,17.2,999.0,16.9,99.0,99.00,
2020,03,14,06,00,228,4.0,5.1,99.00,99.00,99.00,999,1022.8,17.7,999.0,16.6,99.0,99.00,
2020,03,14,07,00,231,2.6,3.6,99.00,99.00,99.00,999,1023.0,17.6,999.0,16.9,99.0,99.00,
2020,03,14,08,00,249,1.5,1.7,99.00,99.00,99.00,999,1023.3,17.5,999.0,17.2,99.0,99.00,
2020,03,14,09,00,279,0.7,1.0,99.00,99.00,99.00,999,1023.3,17.6,999.0,17.4,99.0,99.00,
2020,03,14,10,00,307,2.1,2.4,99.00,99.00,99.00,999,1023.7,17.6,999.0,17.6,99.0,99.00,
2020,03,14,11,00,10,2.4,2.8,99.00,99.00,99.00,999,1025.0,17.3,999.0,17.3,99.0,99.00,
2020,03,14,12,00,47,5.7,6.4,99.00,99.00,99.00,999,1025.7,18.1,999.0,16.8,99.0,99.00,
2020,03,14,13,00,59,6.6,7.4,99.00,99.00,99.00,999,1026.1,17.2,999.0,15.8,99.0,99.00,
2020,03,14,14,00,53,7.9,9.0,99.00,99.00,99.00,999,1026.6,17.3,999.0,12.9,99.0,99.00,
2020,03,14,15,00,53,8.6,9.6,99.00,99.00,99.00,999,1026.9,17.0,999.0,12.2,99.0,99.00,
2020,03,14,16,00,46,8.6,9.7,99.00,99.00,99.00,999,1027.1,16.6,999.0,11.7,99.0,99.00,
2020,03,14,17,00,45,8.5,10.1,99.00,99.00,99.00,999,1027.4,16.4,999.0,12.3,99.0,99.00,
2020,03,14,18,00,45,8.9,9.8,99.00,99.00,99.00,999,1026.9,16.5,999.0,13.5,99.0,99.00,
2020,03,14,19,00,35,6.7,8.1,99.00,99.00,99.00,999,1026.4,16.9,999.0,12.9,99.0,99.00,
2020,03,14,20,00,44,7.1,8.1,99.00,99.00,99.00,999,1025.6,16.7,999.0,13.3,99.0,99.00,
2020,03,14,21,00,45,6.8,7.5,99.00,99.00,99.00,999,1025.3,16.7,999.0,13.2,99.0,99.00,
2020,03,14,22,00,47,6.6,8.0,99.00,99.00,99.00,999,1025.4,16.5,999.0,13.7,99.0,99.00,
2020,03,14,23,00,50,8.0,9.1,99.00,99.00,99.00,999,1025.4,16.2,999.0,14.2,99.0,99.00,
2020,03,15,00,00,36,6.0,7.4,99.00,99.00,99.00,999,1025.8,16.1,999.0,14.2,99.0,99.00,
2020,03,15,01,00,38,4.7,5.8,99.00,99.00,99.00,999,1026.1,16.0,999.0,14.6,99.0,99.00,
2020,03,15,02,00,36,3.8,4.5,99.00,99.00,99.00,999,1026.1,15.8,999.0,14.6,99.0,99.00,
2020,03,15,03,00,34,2.8,3.2,99.00,99.00,99.00,999,1025.9,15.7,999.0,14.7,99.0,99.00,
2020,03,15,04,00,72,2.7,3.0,99.00,99.00,99.00,999,1025.1,15.6,999.0,15.0,99.0,99.00,
2020,03,15,05,00,38,3.8,4.1,99.00,99.00,99.00,999,1024.7,15.5,999.0,15.4,99.0,99.00,
2020,03,15,06,00,36,2.8,3.2,99.00,99.00,99.00,999,1024.5,15.5,999.0,15.5,99.0,99.00,
2020,03,15,07,00,40,2.1,2.4,99.00,99.00,99.00,999,1023.9,15.7,999.0,15.7,99.0,99.00,
2020,03,15,08,00,352,1.3,1.4,99.00,99.00,99.00,999,1023.9,15.3,999.0,15.3,99.0,99.00,
2020,03,15,09,00,300,0.6,1.3,99.00,99.00,99.00,999,1023.6,15.0,999.0,15.0,99.0,99.00,
2020,03,15,10,00,212,2.5,2.7,99.00,99.00,99.00,999,1023.4,15.5,999.0,15.5,99.0,99.00,
2020,03,15,11,00,194,3.7,4.1,99.00,99.00,99.00,999,1023.2,15.5,999.0,15.5,99.0,99.00,
2020,03,15,12,00,224,3.2,3.9,99.00,99.00,99.00,999,1023.0,15.5,999.0,15.5,99.0,99.00,
2020,03,15,13,00,220,5.4,6.5,99.00,99.00,99.00,999,1022.7,16.5,999.0,16.5,99.0,99.00,
2020,03,15,14,00,225,5.0,6.7,99.00,99.00,99.00,999,1022.8,17.0,999.0,17.0,99.0,99.00,
2020,03,15,15,00,265,2.5,4.1,99.00,99.00,99.00,999,1023.6,20.6,999.0,20.6,99.0,99.00,
2020,03,15,16,00,334,3.3,4.6,99.00,99.00,99.00,999,1024.5,21.7,999.0,17.6,99.0,99.00,
2020,03,15,17,00,358,2.5,3.6,99.00,99.00,99.00,999,1024.3,23.1,999.0,17.4,99.0,99.00,
2020,03,15,18,00,350,5.4,6.5,99.00,99.00,99.00,999,1024.1,22.5,999.0,16.2,99.0,99.00,
2020,03,15,19,00,6,5.5,6.0,99.00,99.00,99.00,999,1023.8,20.1,999.0,15.9,99.0,99.00,
2020,03,15,20,00,57,5.3,6.7,99.00,99.00,99.00,999,1023.6,19.3,999.0,16.1,99.0,99.00,
2020,03,15,21,00,78,6.9,7.7,99.00,99.00,99.00,999,1024.2,16.0,999.0,15.7,99.0,99.00,
2020,03,15,22,00,67,8.3,9.2,99.00,99.00,99.00,999,1024.5,15.4,999.0,15.1,99.0,99.00,
2020,03,15,23,00,59,9.9,11.1,99.00,99.00,99.00,999,1025.1,14.8,999.0,14.5,99.0,99.00,
2020,03,16,00,00,60,9.8,10.6,99.00,99.00,99.00,999,1025.6,15.0,999.0,14.4,99.0,99.00,
2020,03,16,01,00,62,11.1,11.9,99.00,99.00,99.00,999,1026.4,14.4,999.0,13.6,99.0,99.00,
2020,03,16,02,00,37,10.8,12.5,99.00,99.00,99.00,999,1027.0,14.3,999.0,13.1,99.0,99.00,
2020,03,16,03,00,55,8.3,9.6,99.00,99.00,99.00,999,1027.9,14.1,999.0,13.1,99.0,99.00,
2020,03,16,04,00,44,10.5,11.6,99.00,99.00,99.00,999,1027.8,13.8,999.0,11.9,99.0,99.00,
2020,03,16,05,00,49,11.0,12.4,99.00,99.00,99.00,999,1027.5,13.4,999.0,11.9,99.0,99.00,
2020,03,16,06,00,49,9.3,10.5,99.00,99.00,99.00,999,1027.6,13.2,999.0,11.9,99.0,99.00,
2020,03,16,07,00,40,9.6,11.5,99.00,99.00,99.00,999,1027.7,13.0,999.0,11.4,99.0,99.00,
2020,03,16,08,00,38,8.6,10.2,99.00,99.00,99.00,999,1027.2,12.9,999.0,11.0,99.0,99.00,
2020,03,16,09,00,37,7.8,8.8,99.00,99.00,99.00,999,1027.5,12.8,999.0,10.5,99.0,99.00,
2020,03,16,10,00,29,7.8,9.5,99.00,99.00,99.00,999,1027.6,12.7,999.0,10.3,99.0,99.00,
2020,03,16,11,00,33,7.2,8.6,99.00,99.00,99.00,999,1027.9,12.6,999.0,10.2,99.0,99.00,
2020,03,16,12,00,42,7.8,9.3,99.00,99.00,99.00,999,1028.3,12.5,999.0,9.9,99.0,99.00,
2020,03,16,13,00,25,6.1,7.4,99.00,99.00,99.00,999,1028.7,12.3,999.0,9.5,99.0,99.00,
2020,03,16,14,00,50,5.8,6.7,99.00,99.00,99.00,999,1029.0,12.5,999.0,10.3,99.0,99.00,
2020,03,16,15,00,38,5.4,6.3,99.00,99.00,99.00,999,1030.0,12.5,999.0,10.1,99.0,99.00,
2020,03,16,16,00,53,4.9,5.5,99.00,99.00,99.00,999,1030.0,12.9,999.0,10.1,99.0,99.00,
2020,03,16,17,00,55,4.7,5.3,99.00,99.00,99.00,999,1029.5,13.3,999.0,10.2,99.0,99.00,
2020,03,16,18,00,86,4.9,5.5,99.00,99.00,99.00,999,1028.6,13.4,999.0,10.4,99.0,99.00,
2020,03,16,19,00,89,5.1,5.6,99.00,99.00,99.00,999,1027.7,13.2,999.0,10.6,99.0,99.00,
2020,03,16,20,00,95,4.2,4.7,99.00,99.00,99.00,999,1027.0,13.6,999.0,11.6,99.0,99.00,
2020,03,16,21,00,81,5.4,5.9,99.00,99.00,99.00,999,1026.4,14.0,999.0,12.3,99.0,99.00,
2020,03,16,22,00,78,5.4,6.0,99.00,99.00,99.00,999,1026.2,14.1,999.0,12.5,99.0,99.00,
2020,03,16,23,00,73,5.5,6.2,99.00,99.00,99.00,999,1026.5,14.3,999.0,13.0,99.0,99.00,
2020,03,17,00,00,84,5.4,6.2,99.00,99.00,99.00,999,1026.8,14.5,999.0,13.1,99.0,99.00,
2020,03,17,01,00,86,5.3,5.7,99.00,99.00,99.00,999,1027.2,14.7,999.0,13.1,99.0,99.00,
2020,03,17,02,00,88,5.1,6.0,99.00,99.00,99.00,999,1027.4,14.8,999.0,13.4,99.0,99.00,
2020,03,17,03,00,83,5.6,6.2,99.00,99.00,99.00,999,1026.8,14.8,999.0,13.6,99.0,99.00,
2020,03,17,04,00,76,2.5,2.8,99.00,99.00,99.00,999,1026.8,15.0,999.0,13.9,99.0,99.00,
2020,03,17,05,00,85,2.6,2.8,99.00,99.00,99.00,999,1026.0,15.2,999.0,14.3,99.0,99.00,
2020,03,17,06,00,81,2.3,2.6,99.00,99.00,99.00,999,1025.5,15.3,999.0,14.5,99.0,99.00,
2020,03,17,07,00,85,1.2,1.5,99.00,99.00,99.00,999,1024.6,15.3,999.0,14.8,99.0,99.00,
2020,03,17,08,00,94,2.6,3.0,99.00,99.00,99.00,999,1023.6,15.3,999.0,14.9,99.0,99.00,
2020,03,17,09,00,81,2.0,2.2,99.00,99.00,99.00,999,1023.5,15.5,999.0,15.3,99.0,99.00,
2020,03,17,10,00,4,2.8,3.3,99.00,99.00,99.00,999,1023.9,15.6,999.0,15.6,99.0,99.00,
2020,03,17,11,00,357,2.5,3.1,99.00,99.00,99.00,999,1024.4,15.4,999.0,15.3,99.0,99.00,
2020,03,17,12,00,58,2.8,3.1,99.00,99.00,99.00,999,1024.4,15.3,999.0,15.0,99.0,99.00,
2020,03,17,13,00,64,2.2,2.4,99.00,99.00,99.00,999,1024.4,15.5,999.0,15.2,99.0,99.00,
2020,03,17,14,00,32,2.2,2.5,99.00,99.00,99.00,999,1024.8,15.7,999.0,15.5,99.0,99.00,
2020,03,17,15,00,30,3.9,4.5,99.00,99.00,99.00,999,1025.1,16.0,999.0,15.7,99.0,99.00,
2020,03,17,16,00,64,2.1,2.5,99.00,99.00,99.00,999,1025.1,16.4,999.0,16.2,99.0,99.00,
2020,03,17,17,00,56,2.8,3.0,99.00,99.00,99.00,999,1025.1,16.1,999.0,16.1,99.0,99.00,
2020,03,17,18,00,79,2.8,3.1,99.00,99.00,99.00,999,1024.5,16.9,999.0,16.9,99.0,99.00,
2020,03,17,19,00,77,3.6,4.0,99.00,99.00,99.00,999,1023.7,16.8,999.0,16.8,99.0,99.00,
2020,03,17,20,00,79,5.7,6.3,99.00,99.00,99.00,999,1023.2,16.2,999.0,16.2,99.0,99.00,
2020,03,17,21,00,74,3.3,4.2,99.00,99.00,99.00,999,1023.0,16.3,999.0,16.2,99.0,99.00,
2020,03,17,22,00,58,4.0,4.6,99.00,99.00,99.00,999,1022.8,16.1,999.0,16.1,99.0,99.00,
2020,03,17,23,00,88,3.6,3.9,99.00,99.00,99.00,999,1023.1,16.2,999.0,16.2,99.0,99.00,
2020,03,18,00,00,106,2.7,2.9,99.00,99.00,99.00,999,1023.6,16.5,999.0,16.5,99.0,99.00,
2020,03,18,01,00,109,2.5,2.7,99.00,99.00,99.00,999,1024.1,16.7,999.0,16.7,99.0,99.00,
2020,03,18,02,00,122,3.0,3.4,99.00,99.00,99.00,999,1024.4,16.6,999.0,16.6,99.0,99.00,
2020,03,18,03,00,29,4.0,4.4,99.00,99.00,99.00,999,1025.0,16.5,999.0,16.5,99.0,99.00,
2020,03,18,04,00,36,2.4,2.9,99.00,99.00,99.00,999,1025.2,16.5,999.0,16.5,99.0,99.00,
2020,03,18,05,00,45,3.7,4.0,99.00,99.00,99.00,999,1025.0,16.4,999.0,16.4,99.0,99.00,
2020,03,18,06,00,45,4.1,4.4,99.00,99.00,99.00,999,1024.8,16.2,999.0,16.2,99.0,99.00,
2020,03,18,07,00,41,4.0,4.4,99.00,99.00,99.00,999,1024.9,16.0,999.0,16.0,99.0,99.00,
2020,03,18,08,00,24,2.9,3.2,99.00,99.00,99.00,999,1024.8,16.0,999.0,16.0,99.0,99.00,
2020,03,18,09,00,37,3.4,4.0,99.00,99.00,99.00,999,1024.8,16.1,999.0,16.1,99.0,99.00,
2020,03,18,10,00,55,4.5,5.1,99.00,99.00,99.00,999,1024.9,16.1,999.0,16.1,99.0,99.00,
2020,03,18,11,00,41,5.0,5.6,99.00,99.00,99.00,999,1025.6,16.1,999.0,16.1,99.0,99.00,
2020,03,18,12,00,45,4.4,5.1,99.00,99.00,99.00,999,1026.4,16.2,999.0,16.2,99.0,99.00,
2020,03,18,13,00,46,5.6,6.3,99.00,99.00,99.00,999,1026.9,16.4,999.0,16.4,99.0,99.00,
2020,03,18,14,00,59,6.3,7.2,99.00,99.00,99.00,999,1027.4,16.6,999.0,16.6,99.0,99.00,
2020,03,18,15,00,60,7.5,8.4,99.00,99.00,99.00,999,1028.2,16.8,999.0,16.8,99.0,99.00,
2020,03,18,16,00,66,7.3,8.2,99.00,99.00,99.00,999,1029.1,15.8,999.0,15.8,99.0,99.00,
2020,03,18,17,00,46,7.4,8.1,99.00,99.00,99.00,999,1028.8,16.3,999.0,16.3,99.0,99.00,
2020,03,18,18,00,55,8.4,9.2,99.00,99.00,99.00,999,1028.3,16.4,999.0,16.4,99.0,99.00,
2020,03,18,19,00,60,7.8,8.8,99.00,99.00,99.00,999,1027.3,16.5,999.0,16.5,99.0,99.00,
2020,03,18,20,00,54,7.3,7.9,99.00,99.00,99.00,999,1027.1,16.6,999.0,16.6,99.0,99.00,
2020,03,18,21,00,60,7.5,8.3,99.00,99.00,99.00,999,1027.0,16.5,999.0,16.5,99.0,99.00,
2020,03,18,22,00,57,6.8,7.8,99.00,99.00,99.00,999,1026.8,16.2,999.0,16.2,99.0,99.00,
2020,03,18,23,00,57,6.4,7.1,99.00,99.00,99.00,999,1027.0,16.3,999.0,16.3,99.0,99.00,
2020,03,19,00,00,62,6.3,6.9,99.00,99.00,99.00,999,1027.1,16.5,999.0,16.5,99.0,99.00,
2020,03,19,01,00,67,5.8,6.4,99.00,99.00,99.00,999,1027.0,16.6,999.0,16.6,99.0,99.00,
2020,03,19,02,00,70,4.1,4.7,99.00,99.00,99.00,999,1026.9,16.9,999.0,16.9,99.0,99.00,
2020,03,19,03,00,71,2.8,3.3,99.00,99.00,99.00,999,1026.7,17.0,999.0,17.0,99.0,99.00,
2020,03,19,04,00,85,2.1,2.4,99.00,99.00,99.00,999,1026.5,17.2,999.0,17.2,99.0,99.00,
2020,03,19,05,00,145,3.8,4.1,99.00,99.00,99.00,999,1025.9,17.7,999.0,17.7,99.0,99.00,
2020,03,19,06,00,160,5.1,5.5,99.00,99.00,99.00,999,1025.4,18.0,999.0,18.0,99.0,99.00,
2020,03,19,07,00,188,3.1,3.3,99.00,99.00,99.00,999,1025.5,18.1,999.0,18.1,99.0,99.00,
2020,03,19,08,00,207,2.8,3.0,99.00,99.00,99.00,999,1025.2,17.6,999.0,17.6,99.0,99.00,
2020,03,19,09,00,222,2.4,2.5,99.00,99.00,99.00,999,1025.4,17.8,999.0,17.8,99.0,99.00,
2020,03,19,10,00,245,2.3,3.1,99.00,99.00,99.00,999,1026.1,18.5,999.0,18.5,99.0,99.00,
2020,03,19,11,00,219,2.1,2.3,99.00,99.00,99.00,999,1026.3,17.5,999.0,17.5,99.0,99.00,
2020,03,19,12,00,219,1.6,1.9,99.00,99.00,99.00,999,1026.9,17.3,999.0,17.3,99.0,99.00,
2020,03,19,13,00,215,1.6,2.0,99.00,99.00,99.00,999,1027.3,17.6,999.0,17.6,99.0,99.00,
2020,03,19,14,00,216,2.7,3.2,99.00,99.00,99.00,999,1027.6,18.5,999.0,18.5,99.0,99.00,
2020,03,19,15,00,193,2.0,2.5,99.00,99.00,99.00,999,1027.8,19.0,999.0,19.0,99.0,99.00,
2020,03,19,16,00,205,2.9,3.3,99.00,99.00,99.00,999,1027.8,19.4,999.0,19.4,99.0,99.00,
2020,03,19,17,00,199,3.5,4.0,99.00,99.00,99.00,999,1027.6,20.5,999.0,20.4,99.0,99.00,
2020,03,19,18,00,202,3.7,4.6,99.00,99.00,99.00,999,1026.8,21.0,999.0,20.6,99.0,99.00,
2020,03,19,19,00,209,4.3,4.9,99.00,99.00,99.00,999,1026.0,20.4,999.0,20.4,99.0,99.00,
2020,03,19,20,00,214,4.0,4.6,99.00,99.00,99.00,999,1025.8,20.9,999.0,20.6,99.0,99.00,
2020,03,19,21,00,210,3.6,4.1,99.00,99.00,99.00,999,1025.8,20.5,999.0,20.5,99.0,99.00,
2020,03,19,22,00,208,3.6,4.0,99.00,99.00,99.00,999,1025.8,20.4,999.0,20.4,99.0,99.00,
2020,03,19,23,00,203,2.4,2.9,99.00,99.00,99.00,999,1026.0,20.0,999.0,20.0,99.0,99.00,
2020,03,20,00,00,182,2.1,2.3,99.00,99.00,99.00,999,1026.3,19.2,999.0,19.2,99.0,99.00,
2020,03,20,01,00,171,3.1,3.2,99.00,99.00,99.00,999,1026.6,19.1,999.0,19.1,99.0,99.00,
2020,03,20,02,00,173,2.9,3.1,99.00,99.00,99.00,999,1027.1,19.4,999.0,19.4,99.0,99.00,
2020,03,20,03,00,168,3.2,3.6,99.00,99.00,99.00,999,1027.1,19.4,999.0,19.4,99.0,99.00,
2020,03,20,04,00,162,3.6,3.9,99.00,99.00,99.00,999,1026.9,19.6,999.0,19.6,99.0,99.00,
2020,03,20,05,00,171,3.9,4.3,99.00,99.00,99.00,999,1026.4,19.5,999.0,19.5,99.0,99.00,
2020,03,20,06,00,205,2.2,2.4,99.00,99.00,99.00,999,1026.5,19.3,999.0,19.3,99.0,99.00,
2020,03,20,07,00,194,3.3,3.6,99.00,99.00,99.00,999,1026.1,19.1,999.0,19.1,99.0,99.00,
2020,03,20,08,00,208,3.1,3.4,99.00,99.00,99.00,999,1025.8,19.0,999.0,19.0,99.0,99.00,
2020,03,20,09,00,205,4.1,4.8,99.00,99.00,99.00,999,1025.8,19.0,999.0,19.0,99.0,99.00,
2020,03,20,10,00,218,3.2,3.4,99.00,99.00,99.00,999,1026.1,18.5,999.0,18.5,99.0,99.00,
2020,03,20,11,00,228,3.7,4.6,99.00,99.00,99.00,999,1026.7,18.6,999.0,18.6,99.0,99.00,
2020,03,20,12,00,218,4.0,4.3,99.00,99.00,99.00,999,1027.0,18.3,999.0,18.3,99.0,99.00,
2020,03,20,13,00,222,4.3,5.3,99.00,99.00,99.00,999,1027.3,18.8,999.0,18.8,99.0,99.00,
2020,03,20,14,00,224,5.0,6.1,99.00,99.00,99.00,999,1027.6,19.8,999.0,19.8,99.0,99.00,
2020,03,20,15,00,221,5.8,7.1,99.00,99.00,99.00,999,1027.9,20.4,999.0,20.3,99.0,99.00,
2020,03,20,16,00,219,8.1,9.9,99.00,99.00,99.00,999,1028.0,21.7,999.0,20.2,99.0,99.00,
2020,03,20,17,00,217,4.5,5.4,99.00,99.00,99.00,999,1027.2,21.0,999.0,20.3,99.0,99.00,
2020,03,20,18,00,213,5.4,6.1,99.00,99.00,99.00,999,1026.3,20.8,999.0,20.0,99.0,99.00,
2020,03,20,19,00,201,5.5,6.5,99.00,99.00,99.00,999,1025.1,20.9,999.0,20.2,99.0,99.00,
2020,03,20,20,00,201,5.9,6.8,99.00,99.00,99.00,999,1024.1,21.0,999.0,20.4,99.0,99.00,
2020,03,20,21,00,197,5.8,7.3,99.00,99.00,99.00,999,1023.7,20.8,999.0,20.4,99.0,99.00,
2020,03,20,22,00,204,5.7,6.4,99.00,99.00,99.00,999,1023.5,20.1,999.0,20.0,99.0,99.00,
2020,03,20,23,00,212,6.2,6.9,99.00,99.00,99.00,999,1023.6,19.7,999.0,19.7,99.0,99.00,
2020,03,21,00,00,214,4.6,5.4,99.00,99.00,99.00,999,1023.6,19.0,999.0,19.0,99.0,99.00,
2020,03,21,01,00,217,3.9,4.4,99.00,99.00,99.00,999,1024.0,18.7,999.0,18.7,99.0,99.00,
2020,03,21,02,00,222,3.7,4.3,99.00,99.00,99.00,999,1024.1,18.7,999.0,18.7,99.0,99.00,
2020,03,21,03,00,225,4.2,5.2,99.00,99.00,99.00,999,1024.0,18.9,999.0,18.9,99.0,99.00,
2020,03,21,04,00,225,4.9,6.3,99.00,99.00,99.00,999,1024.3,19.3,999.0,19.3,99.0,99.00,
2020,03,21,05,00,227,4.0,5.6,99.00,99.00,99.00,999,1024.2,19.2,999.0,19.2,99.0,99.00,
2020,03,21,06,00,232,4.7,5.8,99.00,99.00,99.00,999,1023.9,19.8,999.0,19.8,99.0,99.00,
2020,03,21,07,00,223,4.8,5.9,99.00,99.00,99.00,999,1023.3,18.9,999.0,18.9,99.0,99.00,
2020,03,21,08,00,222,4.2,4.8,99.00,99.00,99.00,999,1022.5,18.6,999.0,18.6,99.0,99.00,
2020,03,21,09,00,213,5.1,5.8,99.00,99.00,99.00,999,1021.9,18.3,999.0,18.3,99.0,99.00,
2020,03,21,10,00,229,4.4,5.5,99.00,99.00,99.00,999,1022.2,18.2,999.0,18.2,99.0,99.00,
2020,03,21,11,00,229,4.3,5.1,99.00,99.00,99.00,999,1022.7,18.2,999.0,18.2,99.0,99.00,
2020,03,21,12,00,231,4.3,5.4,99.00,99.00,99.00,999,1023.3,18.7,999.0,18.7,99.0,99.00,
2020,03,21,13,00,219,5.5,6.4,99.00,99.00,99.00,999,1023.9,18.7,999.0,18.7,99.0,99.00,
2020,03,21,14,00,219,5.4,6.3,99.00,99.00,99.00,999,1024.1,19.0,999.0,19.0,99.0,99.00,
2020,03,21,15,00,216,6.0,7.3,99.00,99.00,99.00,999,1024.3,19.4,999.0,19.4,99.0,99.00,
2020,03,21,16,00,211,5.6,6.2,99.00,99.00,99.00,999,1024.0,19.4,999.0,19.4,99.0,99.00,
2020,03,21,17,00,213,5.5,6.1,99.00,99.00,99.00,999,1023.7,20.0,999.0,20.0,99.0,99.00,
2020,03,21,18,00,201,5.4,6.5,99.00,99.00,99.00,999,1022.8,20.4,999.0,20.4,99.0,99.00,
2020,03,21,19,00,213,6.1,6.8,99.00,99.00,99.00,999,1022.0,20.4,999.0,20.4,99.0,99.00,
2020,03,21,20,00,212,6.3,6.9,99.00,99.00,99.00,999,1021.5,20.2,999.0,20.2,99.0,99.00,
2020,03,21,21,00,220,5.5,6.0,99.00,99.00,99.00,999,1021.2,20.4,999.0,20.4,99.0,99.00,
2020,03,21,22,00,223,4.8,6.1,99.00,99.00,99.00,999,1021.4,20.4,999.0,20.4,99.0,99.00,
2020,03,21,23,00,235,3.8,5.4,99.00,99.00,99.00,999,1021.7,21.3,999.0,20.4,99.0,99.00,
2020,03,22,00,00,234,3.8,5.6,99.00,99.00,99.00,999,1021.9,20.6,999.0,20.4,99.0,99.00,
2020,03,22,01,00,222,4.1,5.0,99.00,99.00,99.00,999,1022.2,20.6,999.0,20.5,99.0,99.00,
2020,03,22,02,00,238,3.2,4.3,99.00,99.00,99.00,999,1022.7,20.2,999.0,20.2,99.0,99.00,
2020,03,22,03,00,214,3.3,3.7,99.00,99.00,99.00,999,1023.0,19.2,999.0,19.2,99.0,99.00,
2020,03,22,04,00,215,3.7,4.3,99.00,99.00,99.00,999,1023.1,18.9,999.0,18.9,99.0,99.00,
2020,03,22,05,00,221,3.4,3.7,99.00,99.00,99.00,999,1022.8,18.2,999.0,18.2,99.0,99.00,
2020,03,22,06,00,243,1.7,2.1,99.00,99.00,99.00,999,1022.7,18.5,999.0,18.5,99.0,99.00,
2020,03,22,07,00,256,1.5,2.1,99.00,99.00,99.00,999,1022.3,18.5,999.0,18.5,99.0,99.00,
2020,03,22,08,00,358,2.4,2.9,99.00,99.00,99.00,999,1022.2,18.9,999.0,18.9,99.0,99.00,
2020,03,22,09,00,49,9.6,11.0,99.00,99.00,99.00,999,1022.7,16.8,999.0,16.8,99.0,99.00,
2020,03,22,10,00,38,10.0,11.3,99.00,99.00,99.00,999,1023.7,15.8,999.0,15.8,99.0,99.00,
2020,03,22,11,00,49,11.9,14.0,99.00,99.00,99.00,999,1024.2,15.6,999.0,15.6,99.0,99.00,
2020,03,22,12,00,42,11.3,12.8,99.00,99.00,99.00,999,1025.4,15.3,999.0,15.3,99.0,99.00,
2020,03,22,13,00,41,10.6,12.4,99.00,99.00,99.00,999,1026.3,14.9,999.0,14.9,99.0,99.00,
2020,03,22,14,00,51,10.4,11.5,99.00,99.00,99.00,999,1026.9,14.3,999.0,14.3,99.0,99.00,
2020,03,22,15,00,46,9.4,10.3,99.00,99.00,99.00,999,1028.2,14.0,999.0,14.0,99.0,99.00,
2020,03,22,16,00,48,10.9,11.9,99.00,99.00,99.00,999,1028.1,13.8,999.0,13.8,99.0,99.00,
2020,03,22,17,00,46,9.7,11.1,99.00,99.00,99.00,999,1028.0,14.0,999.0,14.0,99.0,99.00,
2020,03,22,18,00,40,10.0,12.4,99.00,99.00,99.00,999,1027.6,14.4,999.0,14.0,99.0,99.00,
2020,03,22,19,00,39,8.9,10.1,99.00,99.00,99.00,999,1026.5,14.8,999.0,14.0,99.0,99.00,
2020,03,22,20,00,49,8.5,9.5,99.00,99.00,99.00,999,1026.2,15.1,999.0,14.3,99.0,99.00,
2020,03,22,21,00,47,10.2,11.2,99.00,99.00,99.00,999,1026.3,15.0,999.0,13.8,99.0,99.00,
2020,03,22,22,00,53,8.9,9.8,99.00,99.00,99.00,999,1026.2,15.4,999.0,13.9,99.0,99.00,
2020,03,22,23,00,50,10.1,11.4,99.00,99.00,99.00,999,1026.6,15.2,999.0,13.9,99.0,99.00,
2020,03,23,00,00,31,8.6,10.2,99.00,99.00,99.00,999,1027.2,15.1,999.0,13.9,99.0,99.00,
2020,03,23,01,00,43,11.0,12.0,99.00,99.00,99.00,999,1027.0,14.7,999.0,13.8,99.0,99.00,
2020,03,23,02,00,44,10.2,11.6,99.00,99.00,99.00,999,1026.9,14.0,999.0,13.4,99.0,99.00,
2020,03,23,03,00,58,9.9,11.5,99.00,99.00,99.00,999,1026.4,13.9,999.0,13.9,99.0,99.00,
2020,03,23,04,00,44,7.6,8.3,99.00,99.00,99.00,999,1026.8,14.5,999.0,14.5,99.0,99.00,
2020,03,23,05,00,0,4.6,6.0,99.00,99.00,99.00,999,1026.7,13.4,999.0,13.4,99.0,99.00,
2020,03,23,06,00,14,3.5,4.4,99.00,99.00,99.00,999,1026.2,13.0,999.0,13.0,99.0,99.00,
2020,03,23,07,00,27,4.2,5.1,99.00,99.00,99.00,999,1025.5,13.3,999.0,13.3,99.0,99.00,
2020,03,23,08,00,17,5.0,5.9,99.00,99.00,99.00,999,1024.5,13.4,999.0,13.4,99.0,99.00,
2020,03,23,09,00,29,4.3,4.8,99.00,99.00,99.00,999,1023.9,13.0,999.0,13.0,99.0,99.00,
2020,03,23,10,00,3,3.5,3.9,99.00,99.00,99.00,999,1024.1,13.0,999.0,13.0,99.0,99.00,
2020,03,23,11,00,0,3.8,4.5,99.00,99.00,99.00,999,1024.1,12.7,999.0,12.7,99.0,99.00,
2020,03,23,12,00,345,5.5,6.6,99.00,99.00,99.00,999,1024.6,12.5,999.0,12.5,99.0,99.00,
2020,03,23,13,00,355,4.4,5.7,99.00,99.00,99.00,999,1024.5,12.4,999.0,12.4,99.0,99.00,
2020,03,23,14,00,9,2.4,3.6,99.00,99.00,99.00,999,1024.7,12.7,999.0,12.7,99.0,99.00,
2020,03,23,15,00,51,1.6,2.0,99.00,99.00,99.00,999,1024.8,13.3,999.0,13.3,99.0,99.00,
2020,03,23,16,00,56,1.3,2.1,99.00,99.00,99.00,999,1024.8,14.2,999.0,14.2,99.0,99.00,
2020,03,23,17,00,4,2.7,3.2,99.00,99.00,99.00,999,1024.4,15.5,999.0,15.5,99.0,99.00,
2020,03,23,18,00,78,1.4,1.8,99.00,99.00,99.00,999,1023.3,16.0,999.0,15.6,99.0,99.00,
2020,03,23,19,00,63,1.5,1.9,99.00,99.00,99.00,999,1022.7,15.9,999.0,15.9,99.0,99.00,
2020,03,23,20,00,147,2.1,2.3,99.00,99.00,99.00,999,1022.1,16.1,999.0,16.1,99.0,99.00,
2020,03,23,21,00,162,2.7,2.9,99.00,99.00,99.00,999,1021.4,16.2,999.0,16.2,99.0,99.00,
2020,03,23,22,00,191,2.4,2.8,99.00,99.00,99.00,999,1021.4,17.0,999.0,17.0,99.0,99.00,
2020,03,23,23,00,172,4.3,4.7,99.00,99.00,99.00,999,1020.9,16.3,999.0,16.3,99.0,99.00,
2020,03,24,00,00,204,3.9,4.8,99.00,99.00,99.00,999,1021.2,16.5,999.0,16.5,99.0,99.00,
2020,03,24,01,00,213,4.9,5.4,99.00,99.00,99.00,999,1020.9,16.5,999.0,16.5,99.0,99.00,
2020,03,24,02,00,235,1.6,2.1,99.00,99.00,99.00,999,1021.1,16.5,999.0,16.5,99.0,99.00,
2020,03,24,03,00,210,3.3,3.8,99.00,99.00,99.00,999,1020.7,16.8,999.0,16.8,99.0,99.00,
2020,03,24,04,00,202,1.9,2.4,99.00,99.00,99.00,999,1020.5,16.8,999.0,16.8,99.0,99.00,
2020,03,24,05,00,212,2.0,2.3,99.00,99.00,99.00,999,1020.4,16.7,999.0,16.7,99.0,99.00,
2020,03,24,06,00,324,2.3,3.4,99.00,99.00,99.00,999,1021.0,17.0,999.0,17.0,99.0,99.00,
2020,03,24,07,00,263,0.8,1.1,99.00,99.00,99.00,999,1020.3,17.2,999.0,17.2,99.0,99.00,
2020,03,24,08,00,185,2.0,2.1,99.00,99.00,99.00,999,1019.2,17.2,999.0,17.2,99.0,99.00,
2020,03,24,09,00,153,2.0,2.1,99.00,99.00,99.00,999,1018.4,17.3,999.0,17.3,99.0,99.00,
2020,03,24,10,00,200,2.5,2.9,99.00,99.00,99.00,999,1018.3,17.5,999.0,17.5,99.0,99.00,
2020,03,24,11,00,209,3.2,3.5,99.00,99.00,99.00,999,1018.6,17.8,999.0,17.8,99.0,99.00,
2020,03,24,12,00,260,1.9,2.6,99.00,99.00,99.00,999,1019.5,17.8,999.0,17.8,99.0,99.00,
2020,03,24,13,00,222,3.0,3.4,99.00,99.00,99.00,999,1019.4,18.4,999.0,18.4,99.0,99.00,
2020,03,24,14,00,212,0.6,1.3,99.00,99.00,99.00,999,1019.2,18.2,999.0,18.2,99.0,99.00,
2020,03,24,15,00,218,1.8,2.2,99.00,99.00,99.00,999,1019.7,17.8,999.0,17.8,99.0,99.00,
2020,03,24,16,00,204,1.7,2.2,99.00,99.00,99.00,999,1019.6,18.2,999.0,18.2,99.0,99.00,
2020,03,24,17,00,169,1.8,2.2,99.00,99.00,99.00,999,1018.4,18.4,999.0,18.4,99.0,99.00,
2020,03,24,18,00,62,6.1,6.7,99.00,99.00,99.00,999,1017.8,17.7,999.0,17.7,99.0,99.00,
2020,03,24,19,00,69,4.9,6.2,99.00,99.00,99.00,999,1017.0,17.6,999.0,17.6,99.0,99.00,
2020,03,24,20,00,70,3.5,4.0,99.00,99.00,99.00,999,1016.6,18.1,999.0,18.1,99.0,99.00,
2020,03,24,21,00,122,2.4,2.7,99.00,99.00,99.00,999,1016.2,18.1,999.0,18.1,99.0,99.00,
2020,03,24,22,00,123,2.4,2.6,99.00,99.00,99.00,999,1015.8,18.5,999.0,18.5,99.0,99.00,
2020,03,24,23,00,93,3.5,3.7,99.00,99.00,99.00,999,1015.1,18.2,999.0,18.2,99.0,99.00,
2020,03,25,00,00,99,3.0,3.4,99.00,99.00,99.00,999,1015.0,18.0,999.0,18.0,99.0,99.00,
2020,03,25,01,00,135,3.2,3.3,99.00,99.00,99.00,999,1014.9,18.6,999.0,18.6,99.0,99.00,
2020,03,25,02,00,42,1.3,1.6,99.00,99.00,99.00,999,1015.2,18.7,999.0,18.7,99.0,99.00,
2020,03,25,03,00,37,1.2,1.4,99.00,99.00,99.00,999,1014.4,18.1,999.0,18.1,99.0,99.00,
2020,03,25,04,00,185,6.1,7.3,99.00,99.00,99.00,999,1013.1,20.2,999.0,20.2,99.0,99.00,
2020,03,25,05,00,196,7.9,9.0,99.00,99.00,99.00,999,1011.8,19.2,999.0,19.2,99.0,99.00,
2020,03,25,06,00,199,8.2,9.6,99.00,99.00,99.00,999,1010.4,19.4,999.0,19.4,99.0,99.00,
2020,03,25,07,00,227,8.2,10.6,99.00,99.00,99.00,999,1010.3,19.6,999.0,19.6,99.0,99.00,
2020,03,25,08,00,231,7.0,9.1,99.00,99.00,99.00,999,1009.7,19.2,999.0,19.2,99.0,99.00,
2020,03,25,09,00,230,6.2,8.4,99.00,99.00,99.00,999,1009.3,19.1,999.0,19.1,99.0,99.00,
2020,03,25,10,00,229,5.3,7.2,99.00,99.00,99.00,999,1009.7,19.3,999.0,19.3,99.0,99.00,
2020,03,25,11,00,219,5.9,6.8,99.00,99.00,99.00,999,1009.9,18.4,999.0,18.4,99.0,99.00,
2020,03,25,12,00,206,9.4,10.6,99.00,99.00,99.00,999,1008.9,18.2,999.0,18.2,99.0,99.00,
2020,03,25,13,00,240,5.5,7.7,99.00,99.00,99.00,999,1009.3,18.6,999.0,18.6,99.0,99.00,
2020,03,25,14,00,239,6.4,9.9,99.00,99.00,99.00,999,1009.5,20.2,999.0,20.2,99.0,99.00,
2020,03,25,15,00,247,5.1,6.8,99.00,99.00,99.00,999,1009.6,21.5,999.0,21.5,99.0,99.00,
2020,03,25,16,00,264,5.4,6.7,99.00,99.00,99.00,999,1009.6,24.2,999.0,21.1,99.0,99.00,
2020,03,25,17,00,301,5.1,8.1,99.00,99.00,99.00,999,1010.2,25.7,999.0,19.1,99.0,99.00,
2020,03,25,18,00,302,5.3,8.5,99.00,99.00,99.00,999,1009.8,26.4,999.0,18.1,99.0,99.00,
2020,03,25,19,00,302,4.9,7.7,99.00,99.00,99.00,999,1009.3,26.8,999.0,18.2,99.0,99.00,
2020,03,25,20,00,313,4.5,7.7,99.00,99.00,99.00,999,1009.3,26.6,999.0,18.0,99.0,99.00,
2020,03,25,21,00,324,5.1,6.6,99.00,99.00,99.00,999,1009.7,26.9,999.0,17.3,99.0,99.00,
2020,03,25,22,00,2,6.5,7.9,99.00,99.00,99.00,999,1010.6,22.7,999.0,18.9,99.0,99.00,
2020,03,25,23,00,1,4.5,6.1,99.00,99.00,99.00,999,1011.1,21.7,999.0,18.4,99.0,99.00,
2020,03,26,00,00,350,4.4,5.5,99.00,99.00,99.00,999,1011.8,20.8,999.0,17.4,99.0,99.00,
2020,03,26,01,00,27,2.3,2.7,99.00,99.00,99.00,999,1012.8,19.6,999.0,18.4,99.0,99.00,
2020,03,26,02,00,38,5.6,6.8,99.00,99.00,99.00,999,1014.3,19.6,999.0,17.8,99.0,99.00,
2020,03,26,03,00,52,6.1,6.7,99.00,99.00,99.00,999,1014.5,18.7,999.0,17.6,99.0,99.00,
2020,03,26,04,00,64,10.7,11.8,99.00,99.00,99.00,999,1015.4,17.6,999.0,15.5,99.0,99.00,
2020,03,26,05,00,65,9.9,10.9,99.00,99.00,99.00,999,1015.6,17.3,999.0,15.1,99.0,99.00,
2020,03,26,06,00,62,10.9,11.7,99.00,99.00,99.00,999,1015.9,16.3,999.0,14.7,99.0,99.00,
2020,03,26,07,00,58,11.1,11.9,99.00,99.00,99.00,999,1015.9,15.5,999.0,14.1,99.0,99.00,
2020,03,26,08,00,52,10.3,11.2,99.00,99.00,99.00,999,1016.1,15.0,999.0,14.5,99.0,99.00,
2020,03,26,09,00,56,9.8,11.7,99.00,99.00,99.00,999,1016.5,14.9,999.0,14.6,99.0,99.00,
2020,03,26,10,00,48,9.1,10.6,99.00,99.00,99.00,999,1017.2,14.7,999.0,14.4,99.0,99.00,
2020,03,26,11,00,63,8.8,10.1,99.00,99.00,99.00,999,1018.3,14.8,999.0,14.4,99.0,99.00,
2020,03,26,12,00,55,9.0,10.0,99.00,99.00,99.00,999,1019.1,14.9,999.0,14.3,99.0,99.00,
2020,03,26,13,00,57,9.4,10.7,99.00,99.00,99.00,999,1019.8,15.1,999.0,14.1,99.0,99.00,
2020,03,26,14,00,52,8.9,9.8,99.00,99.00,99.00,999,1020.5,15.0,999.0,13.7,99.0,99.00,
2020,03,26,15,00,53,7.8,9.3,99.00,99.00,99.00,999,1020.7,15.0,999.0,13.8,99.0,99.00,
2020,03,26,16,00,44,7.0,7.8,99.00,99.00,99.00,999,1020.6,14.6,999.0,13.4,99.0,99.00,
2020,03,26,17,00,43,6.6,8.1,99.00,99.00,99.00,999,1020.6,14.7,999.0,13.3,99.0,99.00,
2020,03,26,18,00,51,6.6,7.3,99.00,99.00,99.00,999,1019.9,14.7,999.0,13.2,99.0,99.00,
2020,03,26,19,00,57,5.8,6.5,99.00,99.00,99.00,999,1019.5,14.9,999.0,13.4,99.0,99.00,
2020,03,26,20,00,65,4.5,5.5,99.00,99.00,99.00,999,1019.2,15.7,999.0,14.0,99.0,99.00,
2020,03,26,21,00,64,4.8,6.2,99.00,99.00,99.00,999,1019.0,15.6,999.0,14.1,99.0,99.00,
2020,03,26,22,00,77,5.1,5.6,99.00,99.00,99.00,999,1018.6,15.7,999.0,14.5,99.0,99.00,
2020,03,26,23,00,85,5.1,5.8,99.00,99.00,99.00,999,1018.5,15.8,999.0,15.0,99.0,99.00,
2020,03,27,00,00,97,4.8,5.5,99.00,99.00,99.00,999,1017.9,15.7,999.0,15.4,99.0,99.00,
2020,03,27,01,00,112,4.8,5.5,99.00,99.00,99.00,999,1017.6,16.3,999.0,16.2,99.0,99.00,
2020,03,27,02,00,124,4.6,5.4,99.00,99.00,99.00,999,1017.8,17.0,999.0,17.0,99.0,99.00,
2020,03,27,03,00,125,2.6,3.0,99.00,99.00,99.00,999,1018.1,17.4,999.0,17.4,99.0,99.00,
2020,03,27,04,00,141,1.9,2.1,99.00,99.00,99.00,999,1017.6,17.7,999.0,17.7,99.0,99.00,
2020,03,27,05,00,181,2.9,3.2,99.00,99.00,99.00,999,1017.2,18.0,999.0,18.0,99.0,99.00,
2020,03,27,06,00,186,2.9,3.1,99.00,99.00,99.00,999,1016.7,17.9,999.0,17.9,99.0,99.00,
2020,03,27,07,00,208,3.6,4.0,99.00,99.00,99.00,999,1016.3,18.1,999.0,18.1,99.0,99.00,
2020,03,27,08,00,209,3.8,4.0,99.00,99.00,99.00,999,1015.8,18.2,999.0,18.2,99.0,99.00,
2020,03,27,09,00,198,3.8,4.3,99.00,99.00,99.00,999,1015.2,18.1,999.0,18.1,99.0,99.00,
2020,03,27,10,00,208,4.9,5.3,99.00,99.00,99.00,999,1015.3,18.4,999.0,18.4,99.0,99.00,
2020,03,27,11,00,197,5.0,5.7,99.00,99.00,99.00,999,1015.1,18.5,999.0,18.5,99.0,99.00,
2020,03,27,12,00,201,3.4,4.1,99.00,99.00,99.00,999,1015.7,18.4,999.0,18.4,99.0,99.00,
2020,03,27,13,00,221,2.9,3.2,99.00,99.00,99.00,999,1016.3,18.6,999.0,18.6,99.0,99.00,
2020,03,27,14,00,206,4.1,4.7,99.00,99.00,99.00,999,1016.4,19.0,999.0,19.0,99.0,99.00,
2020,03,27,15,00,216,5.4,6.9,99.00,99.00,99.00,999,1017.3,19.9,999.0,19.9,99.0,99.00,
2020,03,27,16,00,216,5.8,6.7,99.00,99.00,99.00,999,1017.6,20.7,999.0,20.7,99.0,99.00,
2020,03,27,17,00,201,5.5,6.5,99.00,99.00,99.00,999,1017.1,20.0,999.0,20.0,99.0,99.00,
2020,03,27,18,00,204,5.5,6.4,99.00,99.00,99.00,999,1016.5,19.8,999.0,19.8,99.0,99.00,
2020,03,27,19,00,210,6.4,7.2,99.00,99.00,99.00,999,1015.5,19.4,999.0,19.4,99.0,99.00,
2020,03,27,20,00,206,6.5,7.2,99.00,99.00,99.00,999,1015.0,19.2,999.0,19.2,99.0,99.00,
2020,03,27,21,00,205,6.6,7.6,99.00,99.00,99.00,999,1014.8,18.8,999.0,18.8,99.0,99.00,
2020,03,27,22,00,211,6.7,7.2,99.00,99.00,99.00,999,1015.0,18.3,999.0,18.3,99.0,99.00,
2020,03,27,23,00,201,4.4,5.0,99.00,99.00,99.00,999,1014.9,18.6,999.0,18.6,99.0,99.00,
2020,03,28,00,00,212,5.5,5.9,99.00,99.00,99.00,999,1015.1,18.9,999.0,18.9,99.0,99.00,
2020,03,28,01,00,221,4.0,4.5,99.00,99.00,99.00,999,1015.4,18.9,999.0,18.9,99.0,99.00,
2020,03,28,02,00,223,3.9,4.6,99.00,99.00,99.00,999,1015.9,19.0,999.0,19.0,99.0,99.00,
2020,03,28,03,00,232,5.7,8.3,99.00,99.00,99.00,999,1015.9,19.5,999.0,19.5,99.0,99.00,
2020,03,28,04,00,234,4.8,6.8,99.00,99.00,99.00,999,1016.6,19.8,999.0,19.8,99.0,99.00,
2020,03,28,05,00,239,4.3,6.4,99.00,99.00,99.00,999,1016.8,20.1,999.0,20.1,99.0,99.00,
2020,03,28,06,00,224,3.5,4.5,99.00,99.00,99.00,999,1016.7,19.7,999.0,19.7,99.0,99.00,
2020,03,28,07,00,225,1.7,2.1,99.00,99.00,99.00,999,1016.4,18.2,999.0,18.2,99.0,99.00,
2020,03,28,08,00,204,3.1,3.4,99.00,99.00,99.00,999,1015.9,18.5,999.0,18.5,99.0,99.00,
2020,03,28,09,00,203,3.1,3.4,99.00,99.00,99.00,999,1015.8,18.5,999.0,18.5,99.0,99.00,
2020,03,28,10,00,218,4.1,4.5,99.00,99.00,99.00,999,1016.1,18.4,999.0,18.4,99.0,99.00,
2020,03,28,11,00,231,3.0,4.1,99.00,99.00,99.00,999,1016.6,18.4,999.0,18.4,99.0,99.00,
2020,03,28,12,00,226,3.2,4.1,99.00,99.00,99.00,999,1017.2,18.7,999.0,18.7,99.0,99.00,
2020,03,28,13,00,215,3.8,4.2,99.00,99.00,99.00,999,1017.4,18.7,999.0,18.7,99.0,99.00,
2020,03,28,14,00,221,4.6,5.4,99.00,99.00,99.00,999,1017.7,19.4,999.0,19.4,99.0,99.00,
2020,03,28,15,00,223,5.6,7.1,99.00,99.00,99.00,999,1018.0,20.1,999.0,20.1,99.0,99.00,
2020,03,28,16,00,215,4.7,5.4,99.00,99.00,99.00,999,1017.9,20.1,999.0,20.1,99.0,99.00,
2020,03,28,17,00,215,5.3,6.0,99.00,99.00,99.00,999,1017.8,20.8,999.0,20.8,99.0,99.00,
2020,03,28,18,00,216,6.2,7.6,99.00,99.00,99.00,999,1017.4,21.4,999.0,21.4,99.0,99.00,
2020,03,28,19,00,215,5.4,6.7,99.00,99.00,99.00,999,1016.8,21.5,999.0,21.5,99.0,99.00,
2020,03,28,20,00,212,5.7,6.3,99.00,99.00,99.00,999,1016.0,21.3,999.0,21.3,99.0,99.00,
2020,03,28,21,00,206,5.0,5.9,99.00,99.00,99.00,999,1015.9,20.8,999.0,20.8,99.0,99.00,
2020,03,28,22,00,200,5.3,6.1,99.00,99.00,99.00,999,1015.9,20.8,999.0,20.8,99.0,99.00,
2020,03,28,23,00,209,5.4,6.2,99.00,99.00,99.00,999,1016.2,20.1,999.0,20.1,99.0,99.00,
2020,03,29,00,00,216,4.8,5.5,99.00,99.00,99.00,999,1016.4,19.9,999.0,19.9,99.0,99.00,
2020,03,29,01,00,215,4.5,5.0,99.00,99.00,99.00,999,1017.0,19.9,999.0,19.9,99.0,99.00,
2020,03,29,02,00,226,4.5,5.3,99.00,99.00,99.00,999,1017.6,20.1,999.0,20.1,99.0,99.00,
2020,03,29,03,00,217,4.9,5.3,99.00,99.00,99.00,999,1017.5,19.7,999.0,19.7,99.0,99.00,
2020,03,29,04,00,223,3.9,4.5,99.00,99.00,99.00,999,1017.4,19.5,999.0,19.5,99.0,99.00,
2020,03,29,05,00,219,3.6,4.0,99.00,99.00,99.00,999,1017.5,19.1,999.0,19.1,99.0,99.00,
2020,03,29,06,00,222,3.6,4.1,99.00,99.00,99.00,999,1017.7,19.2,999.0,19.2,99.0,99.00,
2020,03,29,07,00,232,3.4,4.8,99.00,99.00,99.00,999,1017.6,19.6,999.0,19.6,99.0,99.00,
2020,03,29,08,00,213,3.8,4.3,99.00,99.00,99.00,999,1017.3,19.1,999.0,19.1,99.0,99.00,
2020,03,29,09,00,207,5.8,6.5,99.00,99.00,99.00,999,1017.0,19.2,999.0,19.2,99.0,99.00,
2020,03,29,10,00,236,3.4,4.8,99.00,99.00,99.00,999,1017.4,19.4,999.0,19.4,99.0,99.00,
2020,03,29,11,00,230,2.4,3.1,99.00,99.00,99.00,999,1018.4,18.9,999.0,18.9,99.0,99.00,
2020,03,29,12,00,226,2.4,2.9,99.00,99.00,99.00,999,1019.6,19.1,999.0,19.1,99.0,99.00,
2020,03,29,13,00,229,4.0,5.3,99.00,99.00,99.00,999,1020.1,20.0,999.0,20.0,99.0,99.00,
2020,03,29,14,00,216,5.3,6.2,99.00,99.00,99.00,999,1020.4,20.2,999.0,20.2,99.0,99.00,
2020,03,29,15,00,217,5.5,6.3,99.00,99.00,99.00,999,1020.6,20.7,999.0,20.7,99.0,99.00,
2020,03,29,16,00,201,6.4,7.6,99.00,99.00,99.00,999,1019.9,20.5,999.0,20.5,99.0,99.00,
2020,03,29,17,00,206,7.2,7.9,99.00,99.00,99.00,999,1019.3,20.6,999.0,20.6,99.0,99.00,
2020,03,29,18,00,216,5.9,7.2,99.00,99.00,99.00,999,1018.8,21.2,999.0,21.2,99.0,99.00,
2020,03,29,19,00,222,6.9,8.1,99.00,99.00,99.00,999,1018.2,21.6,999.0,21.6,99.0,99.00,
2020,03,29,20,00,220,7.2,8.0,99.00,99.00,99.00,999,1017.8,21.3,999.0,21.3,99.0,99.00,
2020,03,29,21,00,214,6.9,8.1,99.00,99.00,99.00,999,1017.1,21.2,999.0,21.2,99.0,99.00,
2020,03,29,22,00,219,6.4,7.4,99.00,99.00,99.00,999,1017.5,21.4,999.0,21.4,99.0,99.00,
2020,03,29,23,00,221,6.0,6.6,99.00,99.00,99.00,999,1017.7,20.8,999.0,20.8,99.0,99.00,
2020,03,30,00,00,226,4.6,5.3,99.00,99.00,99.00,999,1017.9,20.2,999.0,20.2,99.0,99.00,
2020,03,30,01,00,220,5.8,6.6,99.00,99.00,99.00,999,1018.0,20.2,999.0,20.2,99.0,99.00,
2020,03,30,02,00,228,5.4,7.0,99.00,99.00,99.00,999,1018.3,20.3,999.0,20.3,99.0,99.00,
2020,03,30,03,00,236,4.9,6.3,99.00,99.00,99.00,999,1018.7,21.0,999.0,21.0,99.0,99.00,
2020,03,30,04,00,235,5.1,6.6,99.00,99.00,99.00,999,1018.8,21.3,999.0,21.3,99.0,99.00,
2020,03,30,05,00,229,6.0,8.2,99.00,99.00,99.00,999,1018.5,21.8,999.0,21.8,99.0,99.00,
2020,03,30,06,00,232,5.6,8.0,99.00,99.00,99.00,999,1018.1,21.2,999.0,21.2,99.0,99.00,
2020,03,30,07,00,237,5.1,7.0,99.00,99.00,99.00,999,1018.2,21.6,999.0,21.6,99.0,99.00,
2020,03,30,08,00,237,2.3,3.0,99.00,99.00,99.00,999,1017.9,20.8,999.0,20.8,99.0,99.00,
2020,03,30,09,00,258,2.3,3.0,99.00,99.00,99.00,999,1018.4,20.4,999.0,20.4,99.0,99.00,
2020,03,30,10,00,253,2.0,2.6,99.00,99.00,99.00,999,1018.4,20.3,999.0,20.3,99.0,99.00,
2020,03,30,11,00,246,1.9,2.5,99.00,99.00,99.00,999,1018.9,19.8,999.0,19.8,99.0,99.00,
2020,03,30,12,00,257,1.8,2.3,99.00,99.00,99.00,999,1019.6,19.8,999.0,19.8,99.0,99.00,
2020,03,30,13,00,288,3.3,4.4,99.00,99.00,99.00,999,1019.9,21.9,999.0,16.4,99.0,99.00,
2020,03,30,14,00,299,2.8,3.8,99.00,99.00,99.00,999,1019.6,23.4,999.0,14.7,99.0,99.00,
2020,03,30,15,00,311,2.9,4.7,99.00,99.00,99.00,999,1019.9,24.7,999.0,13.5,99.0,99.00,
2020,03,30,16,00,328,3.4,4.8,99.00,99.00,99.00,999,1019.4,25.4,999.0,13.5,99.0,99.00,
2020,03,30,17,00,357,2.2,3.4,99.00,99.00,99.00,999,1018.4,26.7,999.0,13.0,99.0,99.00,
2020,03,30,18,00,287,3.0,4.7,99.00,99.00,99.00,999,1017.9,27.2,999.0,13.1,99.0,99.00,
2020,03,30,19,00,179,4.1,4.7,99.00,99.00,99.00,999,1016.7,23.3,999.0,18.6,99.0,99.00,
2020,03,30,20,00,185,4.3,4.8,99.00,99.00,99.00,999,1015.7,22.9,999.0,19.5,99.0,99.00,
2020,03,30,21,00,211,5.4,6.1,99.00,99.00,99.00,999,1015.2,22.5,999.0,18.3,99.0,99.00,
2020,03,30,22,00,229,3.8,5.0,99.00,99.00,99.00,999,1015.7,22.5,999.0,18.9,99.0,99.00,
2020,03,30,23,00,221,5.4,5.9,99.00,99.00,99.00,999,1015.8,21.3,999.0,19.7,99.0,99.00,
2020,03,31,00,00,241,3.0,4.3,99.00,99.00,99.00,999,1015.9,21.6,999.0,17.4,99.0,99.00,
2020,03,31,01,00,222,2.7,3.7,99.00,99.00,99.00,999,1015.4,20.9,999.0,19.8,99.0,99.00,
2020,03,31,02,00,226,3.2,3.8,99.00,99.00,99.00,999,1015.4,20.9,999.0,19.6,99.0,99.00,
2020,03,31,03,00,233,2.8,3.7,99.00,99.00,99.00,999,1015.2,20.6,999.0,20.1,99.0,99.00,
2020,03,31,04,00,245,2.1,2.7,99.00,99.00,99.00,999,1014.7,20.2,999.0,19.7,99.0,99.00,
2020,03,31,05,00,265,0.4,0.6,99.00,99.00,99.00,999,1014.2,19.7,999.0,19.3,99.0,99.00,
2020,03,31,06,00,282,1.0,1.4,99.00,99.00,99.00,999,1013.3,19.1,999.0,16.0,99.0,99.00,
2020,03,31,07,00,272,0.4,0.5,99.00,99.00,99.00,999,1012.5,19.1,999.0,15.5,99.0,99.00,
2020,03,31,08,00,319,1.1,1.3,99.00,99.00,99.00,999,1012.1,19.0,999.0,16.4,99.0,99.00,
2020,03,31,09,00,214,1.8,1.8,99.00,99.00,99.00,999,1011.7,18.9,999.0,17.2,99.0,99.00,
2020,03,31,10,00,252,2.2,2.7,99.00,99.00,99.00,999,1012.0,18.2,999.0,15.9,99.0,99.00,
2020,03,31,11,00,257,2.1,2.4,99.00,99.00,99.00,999,1011.9,18.1,999.0,14.8,99.0,99.00,
2020,03,31,12,00,334,1.3,1.9,99.00,99.00,99.00,999,1011.9,18.1,999.0,16.6,99.0,99.00,
2020,03,31,13,00,7,1.7,2.1,99.00,99.00,99.00,999,1011.2,18.9,999.0,16.3,99.0,99.00,
2020,03,31,14,00,38,4.2,5.0,99.00,99.00,99.00,999,1010.5,19.5,999.0,14.6,99.0,99.00,
2020,03,31,15,00,53,7.4,8.1,99.00,99.00,99.00,999,1009.9,19.6,999.0,16.2,99.0,99.00,
2020,03,31,16,00,62,8.4,9.5,99.00,99.00,99.00,999,1009.0,20.2,999.0,15.6,99.0,99.00,
2020,03,31,17,00,46,6.9,8.0,99.00,99.00,99.00,999,1008.7,19.5,999.0,16.8,99.0,99.00,
2020,03,31,18,00,59,8.8,10.1,99.00,99.00,99.00,999,1007.0,19.3,999.0,18.2,99.0,99.00,
2020,03,31,19,00,69,7.8,8.8,99.00,99.00,99.00,999,1005.3,18.6,999.0,18.6,99.0,99.00,
2020,03,31,20,00,78,6.3,7.2,99.00,99.00,99.00,999,1004.0,19.1,999.0,19.1,99.0,99.00,
2020,03,31,21,00,96,5.1,5.8,99.00,99.00,99.00,999,1002.2,19.4,999.0,19.4,99.0,99.00,
2020,03,31,22,00,166,7.7,8.6,99.00,99.00,99.00,999,1000.3,19.6,999.0,19.6,99.0,99.00,
2020,03,31,23,00,307,4.0,5.9,99.00,99.00,99.00,999,1001.4,17.6,999.0,17.6,99.0,99.00,
2020,04,01,00,00,358,4.7,5.8,99.00,99.00,99.00,999,1001.2,15.8,999.0,15.8,99.0,99.00,
2020,04,01,01,00,23,1.0,1.6,99.00,99.00,99.00,999,1002.1,16.0,999.0,16.0,99.0,99.00,
2020,04,01,02,00,220,1.6,1.9,99.00,99.00,99.00,999,1002.0,16.3,999.0,16.3,99.0,99.00,
2020,04,01,03,00,285,4.5,8.2,99.00,99.00,99.00,999,1002.0,15.8,999.0,15.8,99.0,99.00,
2020,04,01,04,00,277,4.8,6.7,99.00,99.00,99.00,999,1002.4,15.0,999.0,15.0,99.0,99.00,
2020,04,01,05,00,290,4.6,6.0,99.00,99.00,99.00,999,1002.6,14.7,999.0,14.7,99.0,99.00,
2020,04,01,06,00,289,3.5,4.9,99.00,99.00,99.00,999,1002.7,14.4,999.0,14.4,99.0,99.00,
2020,04,01,07,00,336,8.8,10.9,99.00,99.00,99.00,999,1003.9,12.9,999.0,12.9,99.0,99.00,
2020,04,01,08,00,332,7.6,9.7,99.00,99.00,99.00,999,1004.8,12.0,999.0,12.0,99.0,99.00,
2020,04,01,09,00,331,6.0,9.0,99.00,99.00,99.00,999,1005.4,11.8,999.0,11.8,99.0,99.00,
2020,04,01,10,00,332,4.4,5.6,99.00,99.00,99.00,999,1006.3,11.6,999.0,11.3,99.0,99.00,
2020,04,01,11,00,317,4.3,6.3,99.00,99.00,99.00,999,1007.2,11.4,999.0,10.9,99.0,99.00,
2020,04,01,12,00,325,3.3,5.0,99.00,99.00,99.00,999,1008.4,11.3,999.0,10.6,99.0,99.00,
2020,04,01,13,00,322,3.8,5.2,99.00,99.00,99.00,999,1009.2,11.3,999.0,10.4,99.0,99.00,
2020,04,01,14,00,335,6.4,8.3,99.00,99.00,99.00,999,1009.9,11.7,999.0,9.6,99.0,99.00,
2020,04,01,15,00,328,4.3,6.6,99.00,99.00,99.00,999,1010.5,12.5,999.0,9.0,99.0,99.00,
2020,04,01,16,00,352,7.6,8.9,99.00,99.00,99.00,999,1010.9,13.7,999.0,8.7,99.0,99.00,
2020,04,01,17,00,338,5.2,7.2,99.00,99.00,99.00,999,1011.2,13.7,999.0,9.0,99.0,99.00,
2020,04,01,18,00,344,6.6,9.3,99.00,99.00,99.00,999,1011.1,15.0,999.0,8.1,99.0,99.00,
2020,04,01,19,00,347,7.4,10.2,99.00,99.00,99.00,999,1011.0,15.5,999.0,8.7,99.0,99.00,
2020,04,01,20,00,353,7.8,9.6,99.00,99.00,99.00,999,1011.2,15.0,999.0,8.1,99.0,99.00,
2020,04,01,21,00,343,5.5,6.8,99.00,99.00,99.00,999,1011.3,15.7,999.0,7.8,99.0,99.00,
2020,04,01,22,00,345,4.8,6.2,99.00,99.00,99.00,999,1011.9,15.4,999.0,7.9,99.0,99.00,
2020,04,01,23,00,352,4.4,5.5,99.00,99.00,99.00,999,1012.4,15.2,999.0,8.5,99.0,99.00,
2020,04,02,00,00,350,4.0,4.8,99.00,99.00,99.00,999,1013.4,14.9,999.0,8.4,99.0,99.00,
2020,04,02,01,00,338,1.9,2.6,99.00,99.00,99.00,999,1014.4,14.2,999.0,8.9,99.0,99.00,
2020,04,02,02,00,1,3.0,3.5,99.00,99.00,99.00,999,1015.3,14.8,999.0,8.2,99.0,99.00,
2020,04,02,03,00,7,3.0,3.6,99.00,99.00,99.00,999,1015.7,14.9,999.0,7.8,99.0,99.00,
2020,04,02,04,00,2,2.6,3.0,99.00,99.00,99.00,999,1016.1,14.6,999.0,7.6,99.0,99.00,
2020,04,02,05,00,339,1.6,2.1,99.00,99.00,99.00,999,1015.8,13.9,999.0,7.7,99.0,99.00,
2020,04,02,06,00,316,1.6,2.0,99.00,99.00,99.00,999,1016.0,13.9,999.0,8.0,99.0,99.00,
2020,04,02,07,00,308,1.6,2.0,99.00,99.00,99.00,999,1015.8,13.7,999.0,8.8,99.0,99.00,
2020,04,02,08,00,315,2.5,3.4,99.00,99.00,99.00,999,1015.7,13.1,999.0,10.1,99.0,99.00,
2020,04,02,09,00,334,3.0,4.2,99.00,99.00,99.00,999,1015.9,12.5,999.0,9.1,99.0,99.00,
2020,04,02,10,00,349,6.1,7.5,99.00,99.00,99.00,999,1016.4,11.9,999.0,8.0,99.0,99.00,
2020,04,02,11,00,347,4.5,6.2,99.00,99.00,99.00,999,1017.3,10.9,999.0,7.6,99.0,99.00,
2020,04,02,12,00,351,5.5,7.0,99.00,99.00,99.00,999,1018.1,11.4,999.0,7.0,99.0,99.00,
2020,04,02,13,00,354,5.4,7.1,99.00,99.00,99.00,999,1018.2,12.2,999.0,6.8,99.0,99.00,
2020,04,02,14,00,341,3.9,5.2,99.00,99.00,99.00,999,1018.4,13.6,999.0,6.9,99.0,99.00,
2020,04,02,15,00,359,2.9,3.8,99.00,99.00,99.00,999,1018.5,14.8,999.0,6.5,99.0,99.00,
2020,04,02,16,00,350,1.8,2.8,99.00,99.00,99.00,999,1017.9,16.5,999.0,7.5,99.0,99.00,
2020,04,02,17,00,4,2.3,2.8,99.00,99.00,99.00,999,1017.1,17.1,999.0,6.3,99.0,99.00,
2020,04,02,18,00,296,5.0,6.8,99.00,99.00,99.00,999,1016.8,18.1,999.0,6.5,99.0,99.00,
2020,04,02,19,00,339,3.7,5.1,99.00,99.00,99.00,999,1015.7,18.6,999.0,6.4,99.0,99.00,
2020,04,02,20,00,325,4.7,6.4,99.00,99.00,99.00,999,1015.2,18.7,999.0,7.3,99.0,99.00,
2020,04,02,21,00,329,3.4,5.2,99.00,99.00,99.00,999,1014.8,19.0,999.0,6.3,99.0,99.00,
2020,04,02,22,00,302,3.1,4.5,99.00,99.00,99.00,999,1014.8,18.9,999.0,7.6,99.0,99.00,
2020,04,02,23,00,311,1.9,2.8,99.00,99.00,99.00,999,1015.0,18.2,999.0,7.6,99.0,99.00,
2020,04,03,00,00,289,1.5,1.9,99.00,99.00,99.00,999,1015.2,15.8,999.0,9.4,99.0,99.00,
2020,04,03,01,00,264,1.8,2.2,99.00,99.00,99.00,999,1015.6,15.8,999.0,8.3,99.0,99.00,
2020,04,03,02,00,256,2.0,2.4,99.00,99.00,99.00,999,1016.0,15.1,999.0,8.1,99.0,99.00,
2020,04,03,03,00,274,1.2,1.6,99.00,99.00,99.00,999,1016.2,14.2,999.0,9.5,99.0,99.00,
2020,04,03,04,00,254,2.5,3.0,99.00,99.00,99.00,999,1016.4,13.7,999.0,9.5,99.0,99.00,
2020,04,03,05,00,262,1.9,2.6,99.00,99.00,99.00,999,1016.2,13.3,999.0,9.1,99.0,99.00,
2020,04,03,06,00,262,2.0,2.8,99.00,99.00,99.00,999,1015.8,13.3,999.0,9.4,99.0,99.00,
2020,04,03,07,00,284,2.0,3.0,99.00,99.00,99.00,999,1015.1,13.5,999.0,9.2,99.0,99.00,
2020,04,03,08,00,320,2.1,3.2,99.00,99.00,99.00,999,1014.9,13.3,999.0,8.8,99.0,99.00,
2020,04,03,09,00,319,2.7,4.3,99.00,99.00,99.00,999,1015.2,12.9,999.0,8.7,99.0,99.00,
2020,04,03,10,00,333,2.4,3.6,99.00,99.00,99.00,999,1015.9,12.7,999.0,9.1,99.0,99.00,
2020,04,03,11,00,2,4.7,5.5,99.00,99.00,99.00,999,1016.1,14.0,999.0,7.5,99.0,99.00,
2020,04,03,12,00,341,2.4,3.0,99.00,99.00,99.00,999,1016.9,13.8,999.0,7.9,99.0,99.00,
2020,04,03,13,00,2,2.8,3.8,99.00,99.00,99.00,999,1017.3,15.6,999.0,6.3,99.0,99.00,
2020,04,03,14,00,14,4.8,5.5,99.00,99.00,99.00,999,1017.5,16.2,999.0,5.0,99.0,99.00,
2020,04,03,15,00,328,2.6,3.9,99.00,99.00,99.00,999,1017.3,18.2,999.0,6.4,99.0,99.00,
2020,04,03,16,00,357,2.2,2.9,99.00,99.00,99.00,999,1016.8,19.0,999.0,6.9,99.0,99.00,
2020,04,03,17,00,313,4.4,6.0,99.00,99.00,99.00,999,1015.9,20.3,999.0,4.5,99.0,99.00,
2020,04,03,18,00,190,6.0,7.0,99.00,99.00,99.00,999,1015.0,18.4,999.0,9.6,99.0,99.00,
2020,04,03,19,00,204,6.8,7.9,99.00,99.00,99.00,999,1014.2,18.6,999.0,10.5,99.0,99.00,
2020,04,03,20,00,216,9.0,10.1,99.00,99.00,99.00,999,1013.6,18.7,999.0,11.4,99.0,99.00,
2020,04,03,21,00,221,8.9,10.4,99.00,99.00,99.00,999,1013.0,19.0,999.0,11.9,99.0,99.00,
2020,04,03,22,00,228,7.6,9.7,99.00,99.00,99.00,999,1013.0,18.9,999.0,12.1,99.0,99.00,
2020,04,03,23,00,243,5.1,7.1,99.00,99.00,99.00,999,1013.1,18.7,999.0,13.2,99.0,99.00,
2020,04,04,00,00,236,3.2,3.8,99.00,99.00,99.00,999,1013.1,17.7,999.0,14.2,99.0,99.00,
2020,04,04,01,00,243,2.9,3.8,99.00,99.00,99.00,999,1013.3,17.1,999.0,16.0,99.0,99.00,
2020,04,04,02,00,241,4.1,5.0,99.00,99.00,99.00,999,1013.4,16.7,999.0,16.2,99.0,99.00,
2020,04,04,03,00,249,3.3,4.9,99.00,99.00,99.00,999,1013.8,16.4,999.0,15.6,99.0,99.00,
2020,04,04,04,00,260,2.6,3.8,99.00,99.00,99.00,999,1013.7,16.0,999.0,14.1,99.0,99.00,
2020,04,04,05,00,265,2.1,3.0,99.00,99.00,99.00,999,1013.6,15.7,999.0,13.3,99.0,99.00,
2020,04,04,06,00,272,1.3,2.0,99.00,99.00,99.00,999,1013.1,15.5,999.0,13.1,99.0,99.00,
2020,04,04,07,00,272,1.5,2.4,99.00,99.00,99.00,999,1012.8,15.6,999.0,13.4,99.0,99.00,
2020,04,04,08,00,323,2.0,2.3,99.00,99.00,99.00,999,1012.6,16.3,999.0,12.9,99.0,99.00,
2020,04,04,09,00,320,2.5,3.3,99.00,99.00,99.00,999,1013.1,16.1,999.0,11.2,99.0,99.00,
2020,04,04,10,00,346,3.0,4.1,99.00,99.00,99.00,999,1013.4,15.9,999.0,11.3,99.0,99.00,
2020,04,04,11,00,354,4.0,4.8,99.00,99.00,99.00,999,1014.2,16.1,999.0,8.4,99.0,99.00,
2020,04,04,12,00,5,4.9,5.8,99.00,99.00,99.00,999,1014.8,16.7,999.0,7.3,99.0,99.00,
2020,04,04,13,00,16,4.4,5.1,99.00,99.00,99.00,999,1015.6,17.3,999.0,7.3,99.0,99.00,
2020,04,04,14,00,33,4.7,5.9,99.00,99.00,99.00,999,1015.6,18.2,999.0,7.3,99.0,99.00,
2020,04,04,15,00,55,4.5,5.0,99.00,99.00,99.00,999,1016.2,18.4,999.0,11.4,99.0,99.00,
2020,04,04,16,00,49,6.2,6.7,99.00,99.00,99.00,999,1016.0,18.6,999.0,10.1,99.0,99.00,
2020,04,04,17,00,63,6.6,7.6,99.00,99.00,99.00,999,1015.5,19.1,999.0,10.4,99.0,99.00,
2020,04,04,18,00,82,4.7,5.9,99.00,99.00,99.00,999,1015.5,19.4,999.0,12.8,99.0,99.00,
2020,04,04,19,00,95,5.6,6.0,99.00,99.00,99.00,999,1014.9,18.5,999.0,12.9,99.0,99.00,
2020,04,04,20,00,98,5.1,5.5,99.00,99.00,99.00,999,1014.6,18.1,999.0,14.1,99.0,99.00,
2020,04,04,21,00,100,5.8,6.2,99.00,99.00,99.00,999,1013.9,18.1,999.0,14.5,99.0,99.00,
2020,04,04,22,00,97,4.5,4.9,99.00,99.00,99.00,999,1014.3,18.4,999.0,14.1,99.0,99.00,
2020,04,04,23,00,102,3.4,3.8,99.00,99.00,99.00,999,1014.9,18.8,999.0,13.1,99.0,99.00,
2020,04,05,00,00,117,3.5,3.8,99.00,99.00,99.00,999,1015.5,18.7,999.0,13.5,99.0,99.00,
2020,04,05,01,00,116,2.2,2.7,99.00,99.00,99.00,999,1016.5,18.8,999.0,14.3,99.0,99.00,
2020,04,05,02,00,96,2.8,3.2,99.00,99.00,99.00,999,1016.8,18.8,999.0,15.2,99.0,99.00,
2020,04,05,03,00,114,3.3,3.8,99.00,99.00,99.00,999,1016.6,18.8,999.0,15.5,99.0,99.00,
2020,04,05,04,00,119,3.9,4.5,99.00,99.00,99.00,999,1016.6,18.9,999.0,15.8,99.0,99.00,
2020,04,05,05,00,104,4.5,4.9,99.00,99.00,99.00,999,1016.4,19.0,999.0,15.6,99.0,99.00,
2020,04,05,06,00,114,4.2,4.6,99.00,99.00,99.00,999,1015.9,19.0,999.0,15.4,99.0,99.00,
2020,04,05,07,00,105,4.0,4.6,99.00,99.00,99.00,999,1015.6,19.0,999.0,15.2,99.0,99.00,
2020,04,05,08,00,123,3.7,4.1,99.00,99.00,99.00,999,1015.6,19.0,999.0,15.4,99.0,99.00,
2020,04,05,09,00,96,4.4,4.7,99.00,99.00,99.00,999,1015.5,18.9,999.0,15.7,99.0,99.00,
2020,04,05,10,00,109,4.4,5.0,99.00,99.00,99.00,999,1016.1,19.1,999.0,15.3,99.0,99.00,
2020,04,05,11,00,94,4.7,5.6,99.00,99.00,99.00,999,1016.7,19.1,999.0,15.6,99.0,99.00,
2020,04,05,12,00,90,4.1,4.6,99.00,99.00,99.00,999,1018.6,19.1,999.0,16.0,99.0,99.00,
2020,04,05,13,00,86,5.0,5.8,99.00,99.00,99.00,999,1018.6,19.2,999.0,15.8,99.0,99.00,
2020,04,05,14,00,101,4.6,5.2,99.00,99.00,99.00,999,1019.0,19.3,999.0,15.8,99.0,99.00,
2020,04,05,15,00,100,4.5,5.0,99.00,99.00,99.00,999,1019.4,19.5,999.0,16.0,99.0,99.00,
2020,04,05,16,00,87,5.2,5.7,99.00,99.00,99.00,999,1019.7,19.9,999.0,16.2,99.0,99.00,
2020,04,05,17,00,92,5.1,5.6,99.00,99.00,99.00,999,1019.6,20.0,999.0,16.3,99.0,99.00,
2020,04,05,18,00,93,5.0,5.5,99.00,99.00,99.00,999,1019.5,19.9,999.0,16.5,99.0,99.00,
2020,04,05,19,00,92,5.4,6.1,99.00,99.00,99.00,999,1019.0,19.5,999.0,16.1,99.0,99.00,
2020,04,05,20,00,90,5.6,6.1,99.00,99.00,99.00,999,1018.7,19.3,999.0,15.9,99.0,99.00,
2020,04,05,21,00,95,6.0,6.7,99.00,99.00,99.00,999,1018.7,19.3,999.0,14.5,99.0,99.00,
2020,04,05,22,00,89,5.9,6.5,99.00,99.00,99.00,999,1018.7,19.2,999.0,14.8,99.0,99.00,
2020,04,05,23,00,90,5.3,5.7,99.00,99.00,99.00,999,1018.7,19.0,999.0,15.4,99.0,99.00,
2020,04,06,00,00,98,5.0,5.9,99.00,99.00,99.00,999,1018.7,18.9,999.0,15.5,99.0,99.00,
2020,04,06,01,00,116,4.8,5.7,99.00,99.00,99.00,999,1019.3,18.9,999.0,16.1,99.0,99.00,
2020,04,06,02,00,121,4.2,4.6,99.00,99.00,99.00,999,1019.6,19.0,999.0,16.7,99.0,99.00,
2020,04,06,03,00,136,4.4,4.9,99.00,99.00,99.00,999,1019.8,19.2,999.0,16.7,99.0,99.00,
2020,04,06,04,00,144,4.2,4.5,99.00,99.00,99.00,999,1019.7,19.2,999.0,17.0,99.0,99.00,
2020,04,06,05,00,149,4.0,4.5,99.00,99.00,99.00,999,1019.6,19.3,999.0,17.6,99.0,99.00,
2020,04,06,06,00,157,3.1,3.5,99.00,99.00,99.00,999,1019.3,19.1,999.0,18.1,99.0,99.00,
2020,04,06,07,00,177,2.4,2.8,99.00,99.00,99.00,999,1019.0,19.0,999.0,18.5,99.0,99.00,
2020,04,06,08,00,309,1.5,1.6,99.00,99.00,99.00,999,1018.9,16.9,999.0,16.9,99.0,99.00,
2020,04,06,09,00,296,1.6,1.9,99.00,99.00,99.00,999,1019.0,16.7,999.0,16.7,99.0,99.00,
2020,04,06,10,00,303,1.0,1.0,99.00,99.00,99.00,999,1019.3,16.9,999.0,16.9,99.0,99.00,
2020,04,06,11,00,240,0.9,1.2,99.00,99.00,99.00,999,1019.5,17.0,999.0,17.0,99.0,99.00,
2020,04,06,12,00,325,0.9,1.2,99.00,99.00,99.00,999,1020.7,17.7,999.0,17.7,99.0,99.00,
2020,04,06,13,00,267,1.0,1.4,99.00,99.00,99.00,999,1021.2,19.0,999.0,19.0,99.0,99.00,
2020,04,06,14,00,251,1.5,2.5,99.00,99.00,99.00,999,1021.4,20.8,999.0,17.0,99.0,99.00,
2020,04,06,15,00,179,2.0,2.6,99.00,99.00,99.00,999,1021.6,20.9,999.0,17.8,99.0,99.00,
2020,04,06,16,00,176,3.5,4.0,99.00,99.00,99.00,999,1021.3,20.7,999.0,18.7,99.0,99.00,
2020,04,06,17,00,195,5.3,5.9,99.00,99.00,99.00,999,1020.7,21.7,999.0,17.4,99.0,99.00,
2020,04,06,18,00,197,5.6,7.2,99.00,99.00,99.00,999,1020.2,22.0,999.0,17.7,99.0,99.00,
2020,04,06,19,00,197,6.3,7.4,99.00,99.00,99.00,999,1019.7,22.0,999.0,17.8,99.0,99.00,
2020,04,06,20,00,197,6.0,6.8,99.00,99.00,99.00,999,1019.2,21.7,999.0,18.6,99.0,99.00,
2020,04,06,21,00,195,5.4,6.3,99.00,99.00,99.00,999,1018.9,21.2,999.0,18.6,99.0,99.00,
2020,04,06,22,00,196,5.7,6.6,99.00,99.00,99.00,999,1018.6,21.0,999.0,18.7,99.0,99.00,
2020,04,06,23,00,212,7.1,8.2,99.00,99.00,99.00,999,1018.3,20.6,999.0,18.8,99.0,99.00,
2020,04,07,00,00,211,8.5,9.6,99.00,99.00,99.00,999,1018.1,20.4,999.0,18.9,99.0,99.00,
2020,04,07,01,00,216,6.8,7.9,99.00,99.00,99.00,999,1018.5,20.2,999.0,19.1,99.0,99.00,
2020,04,07,02,00,222,5.7,7.1,99.00,99.00,99.00,999,1019.1,20.0,999.0,19.2,99.0,99.00,
2020,04,07,03,00,222,5.6,6.8,99.00,99.00,99.00,999,1019.4,19.9,999.0,19.3,99.0,99.00,
2020,04,07,04,00,226,4.6,6.4,99.00,99.00,99.00,999,1019.2,20.0,999.0,19.1,99.0,99.00,
2020,04,07,05,00,231,4.6,6.0,99.00,99.00,99.00,999,1019.2,19.8,999.0,19.0,99.0,99.00,
2020,04,07,06,00,230,5.1,6.7,99.00,99.00,99.00,999,1018.6,19.8,999.0,18.6,99.0,99.00,
2020,04,07,07,00,233,4.6,5.6,99.00,99.00,99.00,999,1018.2,19.6,999.0,18.6,99.0,99.00,
2020,04,07,08,00,233,5.4,7.1,99.00,99.00,99.00,999,1018.0,19.8,999.0,18.6,99.0,99.00,
2020,04,07,09,00,232,5.7,7.1,99.00,99.00,99.00,999,1017.9,19.9,999.0,18.9,99.0,99.00,
2020,04,07,10,00,234,5.0,7.2,99.00,99.00,99.00,999,1018.0,19.9,999.0,19.0,99.0,99.00,
2020,04,07,11,00,239,5.0,6.9,99.00,99.00,99.00,999,1018.2,19.8,999.0,19.0,99.0,99.00,
2020,04,07,12,00,232,4.9,6.6,99.00,99.00,99.00,999,1018.5,20.0,999.0,18.4,99.0,99.00,
2020,04,07,13,00,237,5.8,7.3,99.00,99.00,99.00,999,1018.6,20.4,999.0,18.4,99.0,99.00,
2020,04,07,14,00,235,5.6,7.1,99.00,99.00,99.00,999,1018.8,21.3,999.0,18.5,99.0,99.00,
2020,04,07,15,00,221,7.3,8.6,99.00,99.00,99.00,999,1018.8,20.8,999.0,19.7,99.0,99.00,
2020,04,07,16,00,210,8.1,9.1,99.00,99.00,99.00,999,1018.3,20.6,999.0,19.5,99.0,99.00,
2020,04,07,17,00,218,7.9,9.5,99.00,99.00,99.00,999,1017.5,21.5,999.0,20.1,99.0,99.00,
2020,04,07,18,00,217,8.2,9.4,99.00,99.00,99.00,999,1016.7,21.5,999.0,20.4,99.0,99.00,
2020,04,07,19,00,218,7.8,9.0,99.00,99.00,99.00,999,1015.8,21.8,999.0,20.8,99.0,99.00,
2020,04,07,20,00,220,7.1,8.2,99.00,99.00,99.00,999,1014.9,21.0,999.0,20.6,99.0,99.00,
2020,04,07,21,00,225,6.9,9.5,99.00,99.00,99.00,999,1014.8,21.4,999.0,20.6,99.0,99.00,
2020,04,07,22,00,230,5.6,7.3,99.00,99.00,99.00,999,1014.8,21.9,999.0,20.7,99.0,99.00,
2020,04,07,23,00,229,6.2,7.4,99.00,99.00,99.00,999,1014.6,21.1,999.0,20.6,99.0,99.00,
2020,04,08,00,00,231,5.6,7.5,99.00,99.00,99.00,999,1014.3,21.2,999.0,20.7,99.0,99.00,
2020,04,08,01,00,227,6.4,8.4,99.00,99.00,99.00,999,1013.9,21.1,999.0,20.7,99.0,99.00,
2020,04,08,02,00,240,4.2,6.0,99.00,99.00,99.00,999,1014.8,21.2,999.0,20.9,99.0,99.00,
2020,04,08,03,00,229,3.9,5.0,99.00,99.00,99.00,999,1014.6,21.1,999.0,21.1,99.0,99.00,
2020,04,08,04,00,236,6.0,8.4,99.00,99.00,99.00,999,1013.6,21.9,999.0,20.2,99.0,99.00,
2020,04,08,05,00,243,3.2,4.6,99.00,99.00,99.00,999,1013.6,21.0,999.0,20.0,99.0,99.00,
2020,04,08,06,00,234,3.7,4.4,99.00,99.00,99.00,999,1013.1,20.3,999.0,20.0,99.0,99.00,
2020,04,08,07,00,229,3.5,4.4,99.00,99.00,99.00,999,1012.4,20.4,999.0,19.7,99.0,99.00,
2020,04,08,08,00,240,2.8,3.6,99.00,99.00,99.00,999,1012.1,19.6,999.0,19.6,99.0,99.00,
2020,04,08,09,00,245,2.3,2.9,99.00,99.00,99.00,999,1011.5,19.4,999.0,19.4,99.0,99.00,
2020,04,08,10,00,247,2.3,3.4,99.00,99.00,99.00,999,1011.4,19.7,999.0,19.0,99.0,99.00,
2020,04,08,11,00,251,1.9,2.4,99.00,99.00,99.00,999,1011.6,19.6,999.0,18.5,99.0,99.00,
2020,04,08,12,00,246,2.1,3.0,99.00,99.00,99.00,999,1011.9,20.0,999.0,18.9,99.0,99.00,
2020,04,08,13,00,231,5.4,7.1,99.00,99.00,99.00,999,1011.5,21.2,999.0,18.8,99.0,99.00,
2020,04,08,14,00,246,4.4,6.2,99.00,99.00,99.00,999,1011.9,22.0,999.0,19.2,99.0,99.00,
2020,04,08,15,00,244,3.9,4.9,99.00,99.00,99.00,999,1011.9,23.4,999.0,20.3,99.0,99.00,
2020,04,08,16,00,248,4.3,6.5,99.00,99.00,99.00,999,1011.0,24.2,999.0,20.3,99.0,99.00,
2020,04,08,17,00,258,3.3,4.7,99.00,99.00,99.00,999,1010.0,25.6,999.0,20.7,99.0,99.00,
2020,04,08,18,00,216,7.7,9.6,99.00,99.00,99.00,999,1009.2,23.6,999.0,21.8,99.0,99.00,
2020,04,08,19,00,209,8.1,9.0,99.00,99.00,99.00,999,1008.5,23.0,999.0,21.8,99.0,99.00,
2020,04,08,20,00,217,6.7,7.7,99.00,99.00,99.00,999,1008.0,23.1,999.0,22.4,99.0,99.00,
2020,04,08,21,00,219,8.0,8.9,99.00,99.00,99.00,999,1007.6,22.7,999.0,22.3,99.0,99.00,
2020,04,08,22,00,224,6.6,8.3,99.00,99.00,99.00,999,1007.1,23.2,999.0,22.6,99.0,99.00,
2020,04,08,23,00,259,5.7,7.4,99.00,99.00,99.00,999,1007.3,26.5,999.0,20.7,99.0,99.00,
2020,04,09,00,00,254,3.8,5.0,99.00,99.00,99.00,999,1007.4,25.5,999.0,20.8,99.0,99.00,
2020,04,09,01,00,239,2.9,3.7,99.00,99.00,99.00,999,1008.1,24.8,999.0,21.0,99.0,99.00,
2020,04,09,02,00,219,4.4,5.1,99.00,99.00,99.00,999,1007.8,21.4,999.0,21.4,99.0,99.00,
2020,04,09,03,00,221,5.4,6.3,99.00,99.00,99.00,999,1007.1,20.9,999.0,20.9,99.0,99.00,
2020,04,09,04,00,217,3.3,3.8,99.00,99.00,99.00,999,1006.8,21.3,999.0,21.3,99.0,99.00,
2020,04,09,05,00,222,2.6,3.4,99.00,99.00,99.00,999,1006.7,21.0,999.0,21.0,99.0,99.00,
2020,04,09,06,00,238,3.9,5.4,99.00,99.00,99.00,999,1006.6,21.4,999.0,21.4,99.0,99.00,
2020,04,09,07,00,230,3.5,4.7,99.00,99.00,99.00,999,1005.8,21.3,999.0,21.3,99.0,99.00,
2020,04,09,08,00,234,2.2,2.8,99.00,99.00,99.00,999,1005.4,20.8,999.0,20.8,99.0,99.00,
2020,04,09,09,00,242,2.7,3.6,99.00,99.00,99.00,999,1005.0,20.1,999.0,20.1,99.0,99.00,
2020,04,09,10,00,242,3.5,4.6,99.00,99.00,99.00,999,1005.4,19.9,999.0,19.9,99.0,99.00,
2020,04,09,11,00,256,5.3,7.9,99.00,99.00,99.00,999,1005.7,20.3,999.0,20.3,99.0,99.00,
2020,04,09,12,00,258,5.3,7.3,99.00,99.00,99.00,999,1006.0,20.9,999.0,20.8,99.0,99.00,
2020,04,09,13,00,250,6.1,8.1,99.00,99.00,99.00,999,1005.5,22.2,999.0,20.4,99.0,99.00,
2020,04,09,14,00,260,4.8,7.1,99.00,99.00,99.00,999,1005.3,22.7,999.0,19.5,99.0,99.00,
2020,04,09,15,00,265,2.6,4.4,99.00,99.00,99.00,999,1005.5,23.8,999.0,19.5,99.0,99.00,
2020,04,09,16,00,235,4.2,5.9,99.00,99.00,99.00,999,1005.5,26.5,999.0,18.6,99.0,99.00,
2020,04,09,17,00,223,6.8,8.2,99.00,99.00,99.00,999,1004.6,23.7,999.0,21.4,99.0,99.00,
2020,04,09,18,00,221,7.8,8.9,99.00,99.00,99.00,999,1003.9,24.0,999.0,21.6,99.0,99.00,
2020,04,09,19,00,258,5.9,8.2,99.00,99.00,99.00,999,1003.1,29.7,999.0,15.9,99.0,99.00,
2020,04,09,20,00,263,4.5,6.8,99.00,99.00,99.00,999,1002.6,30.6,999.0,16.5,99.0,99.00,
2020,04,09,21,00,247,6.3,9.0,99.00,99.00,99.00,999,1002.2,30.2,999.0,17.2,99.0,99.00,
2020,04,09,22,00,257,6.3,8.6,99.00,99.00,99.00,999,1002.4,29.7,999.0,16.8,99.0,99.00,
2020,04,09,23,00,258,5.5,7.2,99.00,99.00,99.00,999,1003.0,28.6,999.0,15.5,99.0,99.00,
2020,04,10,00,00,258,3.5,5.0,99.00,99.00,99.00,999,1003.4,26.6,999.0,15.9,99.0,99.00,
2020,04,10,01,00,250,4.0,5.9,99.00,99.00,99.00,999,1004.0,25.8,999.0,16.3,99.0,99.00,
2020,04,10,02,00,254,4.0,6.2,99.00,99.00,99.00,999,1004.9,24.6,999.0,16.5,99.0,99.00,
2020,04,10,03,00,259,4.2,5.6,99.00,99.00,99.00,999,1005.2,24.4,999.0,15.3,99.0,99.00,
2020,04,10,04,00,277,3.0,4.2,99.00,99.00,99.00,999,1005.2,23.2,999.0,14.4,99.0,99.00,
2020,04,10,05,00,271,3.1,4.8,99.00,99.00,99.00,999,1005.6,22.3,999.0,13.8,99.0,99.00,
2020,04,10,06,00,295,4.8,6.3,99.00,99.00,99.00,999,1005.7,20.9,999.0,12.1,99.0,99.00,
2020,04,10,07,00,306,4.8,7.9,99.00,99.00,99.00,999,1005.1,20.0,999.0,9.6,99.0,99.00,
2020,04,10,08,00,309,4.1,6.4,99.00,99.00,99.00,999,1005.1,19.3,999.0,7.5,99.0,99.00,
2020,04,10,09,00,304,2.9,4.2,99.00,99.00,99.00,999,1005.4,18.4,999.0,7.8,99.0,99.00,
2020,04,10,10,00,308,2.3,4.1,99.00,99.00,99.00,999,1005.8,17.8,999.0,7.3,99.0,99.00,
2020,04,10,11,00,310,3.0,4.6,99.00,99.00,99.00,999,1006.8,18.2,999.0,5.8,99.0,99.00,
2020,04,10,12,00,306,3.1,4.6,99.00,99.00,99.00,999,1008.5,17.2,999.0,8.2,99.0,99.00,
2020,04,10,13,00,260,3.8,5.1,99.00,99.00,99.00,999,1009.8,16.9,999.0,7.1,99.0,99.00,
2020,04,10,14,00,298,4.6,6.2,99.00,99.00,99.00,999,1009.8,17.4,999.0,6.7,99.0,99.00,
2020,04,10,15,00,331,6.2,11.4,99.00,99.00,99.00,999,1010.1,19.5,999.0,5.2,99.0,99.00,
2020,04,10,16,00,308,4.4,6.7,99.00,99.00,99.00,999,1010.5,18.9,999.0,4.7,99.0,99.00,
2020,04,10,17,00,321,5.3,8.2,99.00,99.00,99.00,999,1009.9,20.4,999.0,4.5,99.0,99.00,
2020,04,10,18,00,343,8.7,12.1,99.00,99.00,99.00,999,1010.3,19.6,999.0,5.3,99.0,99.00,
2020,04,10,19,00,317,3.7,5.1,99.00,99.00,99.00,999,1010.6,20.2,999.0,3.0,99.0,99.00,
2020,04,10,20,00,336,7.2,9.7,99.00,99.00,99.00,999,1010.8,19.8,999.0,0.6,99.0,99.00,
2020,04,10,21,00,319,2.2,4.1,99.00,99.00,99.00,999,1011.3,19.6,999.0,-2.3,99.0,99.00,
2020,04,10,22,00,342,3.3,4.7,99.00,99.00,99.00,999,1012.0,19.4,999.0,-2.5,99.0,99.00,
2020,04,10,23,00,305,3.8,5.1,99.00,99.00,99.00,999,1012.8,18.4,999.0,-1.4,99.0,99.00,
2020,04,11,00,00,322,2.4,3.7,99.00,99.00,99.00,999,1013.4,17.3,999.0,-0.7,99.0,99.00,
2020,04,11,01,00,330,3.0,4.3,99.00,99.00,99.00,999,1014.4,16.9,999.0,-1.5,99.0,99.00,
2020,04,11,02,00,16,3.8,5.3,99.00,99.00,99.00,999,1015.4,16.9,999.0,1.3,99.0,99.00,
2020,04,11,03,00,23,4.2,4.8,99.00,99.00,99.00,999,1015.6,16.8,999.0,0.0,99.0,99.00,
2020,04,11,04,00,29,3.4,4.1,99.00,99.00,99.00,999,1015.9,16.7,999.0,0.0,99.0,99.00,
2020,04,11,05,00,34,3.2,4.1,99.00,99.00,99.00,999,1016.4,16.7,999.0,0.7,99.0,99.00,
2020,04,11,06,00,35,2.8,3.7,99.00,99.00,99.00,999,1016.4,16.6,999.0,2.0,99.0,99.00,
2020,04,11,07,00,25,3.4,3.8,99.00,99.00,99.00,999,1016.5,16.5,999.0,5.0,99.0,99.00,
2020,04,11,08,00,40,2.9,3.4,99.00,99.00,99.00,999,1016.8,16.6,999.0,2.2,99.0,99.00,
2020,04,11,09,00,19,3.8,4.6,99.00,99.00,99.00,999,1017.2,16.1,999.0,6.3,99.0,99.00,
2020,04,11,10,00,23,3.9,4.5,99.00,99.00,99.00,999,1017.7,15.9,999.0,4.6,99.0,99.00,
2020,04,11,11,00,24,4.3,5.1,99.00,99.00,99.00,999,1018.7,16.0,999.0,3.5,99.0,99.00,
2020,04,11,12,00,26,7.4,8.0,99.00,99.00,99.00,999,1019.9,14.2,999.0,5.0,99.0,99.00,
2020,04,11,13,00,36,5.9,7.0,99.00,99.00,99.00,999,1020.5,14.5,999.0,6.1,99.0,99.00,
2020,04,11,14,00,44,6.7,7.7,99.00,99.00,99.00,999,1021.1,15.4,999.0,9.1,99.0,99.00,
2020,04,11,15,00,63,6.5,8.0,99.00,99.00,99.00,999,1021.4,16.8,999.0,9.6,99.0,99.00,
2020,04,11,16,00,76,6.0,6.9,99.00,99.00,99.00,999,1021.3,17.7,999.0,8.6,99.0,99.00,
2020,04,11,17,00,86,6.2,7.5,99.00,99.00,99.00,999,1020.7,17.4,999.0,9.1,99.0,99.00,
2020,04,11,18,00,81,4.6,5.6,99.00,99.00,99.00,999,1020.7,18.2,999.0,8.7,99.0,99.00,
2020,04,11,19,00,108,3.9,4.6,99.00,99.00,99.00,999,1020.2,18.0,999.0,6.2,99.0,99.00,
2020,04,11,20,00,101,3.4,3.8,99.00,99.00,99.00,999,1019.8,17.9,999.0,6.0,99.0,99.00,
2020,04,11,21,00,115,3.1,3.4,99.00,99.00,99.00,999,1019.6,17.9,999.0,6.1,99.0,99.00,
2020,04,11,22,00,115,4.2,4.7,99.00,99.00,99.00,999,1019.3,18.1,999.0,7.4,99.0,99.00,
2020,04,11,23,00,117,3.9,4.3,99.00,99.00,99.00,999,1019.6,18.3,999.0,7.4,99.0,99.00,
2020,04,12,00,00,129,4.3,4.7,99.00,99.00,99.00,999,1019.5,18.5,999.0,9.2,99.0,99.00,
2020,04,12,01,00,125,5.0,5.6,99.00,99.00,99.00,999,1019.5,18.8,999.0,9.9,99.0,99.00,
2020,04,12,02,00,133,6.2,6.8,99.00,99.00,99.00,999,1019.5,19.1,999.0,11.1,99.0,99.00,
2020,04,12,03,00,141,6.7,7.5,99.00,99.00,99.00,999,1019.2,19.6,999.0,12.7,99.0,99.00,
2020,04,12,04,00,145,4.0,4.5,99.00,99.00,99.00,999,1019.6,19.9,999.0,14.6,99.0,99.00,
2020,04,12,05,00,164,4.7,5.2,99.00,99.00,99.00,999,1019.3,20.2,999.0,16.3,99.0,99.00,
2020,04,12,06,00,194,3.6,4.0,99.00,99.00,99.00,999,1018.9,20.0,999.0,16.1,99.0,99.00,
2020,04,12,07,00,180,3.4,4.0,99.00,99.00,99.00,999,1018.9,20.2,999.0,17.3,99.0,99.00,
2020,04,12,08,00,160,5.7,6.4,99.00,99.00,99.00,999,1018.5,20.3,999.0,17.7,99.0,99.00,
2020,04,12,09,00,158,4.8,5.6,99.00,99.00,99.00,999,1019.2,20.3,999.0,18.1,99.0,99.00,
2020,04,12,10,00,137,4.6,5.4,99.00,99.00,99.00,999,1019.1,20.2,999.0,18.4,99.0,99.00,
2020,04,12,11,00,143,5.4,6.1,99.00,99.00,99.00,999,1019.5,20.3,999.0,18.7,99.0,99.00,
2020,04,12,12,00,144,5.9,6.3,99.00,99.00,99.00,999,1020.0,20.6,999.0,18.7,99.0,99.00,
2020,04,12,13,00,144,6.2,6.8,99.00,99.00,99.00,999,1020.6,20.9,999.0,18.1,99.0,99.00,
2020,04,12,14,00,151,6.6,7.5,99.00,99.00,99.00,999,1021.3,21.0,999.0,18.5,99.0,99.00,
2020,04,12,15,00,145,7.9,8.9,99.00,99.00,99.00,999,1021.2,21.3,999.0,18.2,99.0,99.00,
2020,04,12,16,00,140,7.4,7.9,99.00,99.00,99.00,999,1021.0,21.3,999.0,18.9,99.0,99.00,
2020,04,12,17,00,135,9.0,10.3,99.00,99.00,99.00,999,1019.7,21.3,999.0,18.7,99.0,99.00,
2020,04,12,18,00,140,7.1,7.9,99.00,99.00,99.00,999,1020.0,21.4,999.0,19.1,99.0,99.00,
2020,04,12,19,00,139,8.6,9.6,99.00,99.00,99.00,999,1019.0,21.5,999.0,19.5,99.0,99.00,
2020,04,12,20,00,141,10.1,11.1,99.00,99.00,99.00,999,1018.1,21.6,999.0,19.3,99.0,99.00,
2020,04,12,21,00,147,8.8,10.6,99.00,99.00,99.00,999,1018.1,21.6,999.0,19.4,99.0,99.00,
2020,04,12,22,00,149,10.0,10.9,99.00,99.00,99.00,999,1017.7,21.6,999.0,19.9,99.0,99.00,
2020,04,12,23,00,139,11.0,12.4,99.00,99.00,99.00,999,1016.5,21.7,999.0,20.0,99.0,99.00,
2020,04,13,00,00,142,10.3,11.9,99.00,99.00,99.00,999,1016.2,21.7,999.0,20.4,99.0,99.00,
2020,04,13,01,00,145,10.0,11.4,99.00,99.00,99.00,999,1016.2,21.8,999.0,21.2,99.0,99.00,
2020,04,13,02,00,149,10.7,12.9,99.00,99.00,99.00,999,1015.8,22.0,999.0,21.8,99.0,99.00,
2020,04,13,03,00,150,12.7,14.5,99.00,99.00,99.00,999,1014.5,22.1,999.0,22.1,99.0,99.00,
2020,04,13,04,00,156,12.7,14.6,99.00,99.00,99.00,999,1013.8,22.1,999.0,22.1,99.0,99.00,
2020,04,13,05,00,161,13.0,14.8,99.00,99.00,99.00,999,1013.6,22.3,999.0,22.3,99.0,99.00,
2020,04,13,06,00,164,12.5,13.9,99.00,99.00,99.00,999,1012.8,22.4,999.0,22.4,99.0,99.00,
2020,04,13,07,00,166,12.7,14.0,99.00,99.00,99.00,999,1012.1,22.4,999.0,22.4,99.0,99.00,
2020,04,13,08,00,181,11.3,13.3,99.00,99.00,99.00,999,1011.6,22.4,999.0,22.4,99.0,99.00,
2020,04,13,09,00,176,13.7,15.1,99.00,99.00,99.00,999,1011.5,22.7,999.0,22.7,99.0,99.00,
2020,04,13,10,00,173,11.6,13.3,99.00,99.00,99.00,999,1011.0,22.5,999.0,22.5,99.0,99.00,
2020,04,13,11,00,189,11.1,12.0,99.00,99.00,99.00,999,1012.0,22.4,999.0,22.4,99.0,99.00,
2020,04,13,12,00,190,12.3,14.6,99.00,99.00,99.00,999,1012.3,22.6,999.0,22.6,99.0,99.00,
2020,04,13,13,00,232,10.7,17.5,99.00,99.00,99.00,999,1013.4,19.6,999.0,19.6,99.0,99.00,
2020,04,13,14,00,189,8.6,9.4,99.00,99.00,99.00,999,1013.3,18.5,999.0,18.5,99.0,99.00,
2020,04,13,15,00,174,11.0,12.4,99.00,99.00,99.00,999,1013.7,19.5,999.0,19.0,99.0,99.00,
2020,04,13,16,00,205,8.3,9.9,99.00,99.00,99.00,999,1013.9,20.3,999.0,19.8,99.0,99.00,
2020,04,13,17,00,205,10.7,12.0,99.00,99.00,99.00,999,1013.8,20.8,999.0,20.8,99.0,99.00,
2020,04,13,18,00,214,8.2,10.3,99.00,99.00,99.00,999,1013.5,21.4,999.0,20.8,99.0,99.00,
2020,04,13,19,00,220,9.4,11.1,99.00,99.00,99.00,999,1013.6,21.2,999.0,20.2,99.0,99.00,
2020,04,13,20,00,216,9.6,11.0,99.00,99.00,99.00,999,1013.2,21.4,999.0,18.5,99.0,99.00,
2020,04,13,21,00,217,8.4,9.3,99.00,99.00,99.00,999,1013.5,21.8,999.0,18.6,99.0,99.00,
2020,04,13,22,00,222,7.7,9.4,99.00,99.00,99.00,999,1013.9,21.7,999.0,18.5,99.0,99.00,
2020,04,13,23,00,224,6.4,7.2,99.00,99.00,99.00,999,1014.5,21.3,999.0,19.7,99.0,99.00,
2020,04,14,00,00,227,4.6,6.1,99.00,99.00,99.00,999,1015.2,21.3,999.0,19.6,99.0,99.00,
2020,04,14,01,00,226,3.8,5.0,99.00,99.00,99.00,999,1016.0,21.4,999.0,19.3,99.0,99.00,
2020,04,14,02,00,227,2.4,3.0,99.00,99.00,99.00,999,1016.4,21.3,999.0,19.6,99.0,99.00,
2020,04,14,03,00,238,3.0,4.0,99.00,99.00,99.00,999,1016.7,20.9,999.0,19.7,99.0,99.00,
2020,04,14,04,00,241,3.1,4.1,99.00,99.00,99.00,999,1017.0,21.3,999.0,18.0,99.0,99.00,
2020,04,14,05,00,242,3.2,4.2,99.00,99.00,99.00,999,1016.9,21.4,999.0,18.3,99.0,99.00,
2020,04,14,06,00,232,2.7,3.2,99.00,99.00,99.00,999,1016.3,21.0,999.0,17.8,99.0,99.00,
2020,04,14,07,00,247,2.5,3.1,99.00,99.00,99.00,999,1016.2,20.5,999.0,19.7,99.0,99.00,
2020,04,14,08,00,255,3.1,4.2,99.00,99.00,99.00,999,1016.2,20.2,999.0,17.5,99.0,99.00,
2020,04,14,09,00,308,2.1,3.0,99.00,99.00,99.00,999,1016.0,18.8,999.0,17.5,99.0,99.00,
2020,04,14,10,00,300,2.2,2.8,99.00,99.00,99.00,999,1016.3,18.1,999.0,17.0,99.0,99.00,
2020,04,14,11,00,313,2.0,2.3,99.00,99.00,99.00,999,1017.0,17.7,999.0,16.7,99.0,99.00,
2020,04,14,12,00,357,1.5,2.2,99.00,99.00,99.00,999,1017.0,18.8,999.0,17.8,99.0,99.00,
2020,04,14,13,00,14,2.6,3.4,99.00,99.00,99.00,999,1017.0,20.6,999.0,17.4,99.0,99.00,
2020,04,14,14,00,47,3.6,4.1,99.00,99.00,99.00,999,1017.6,21.4,999.0,17.2,99.0,99.00,
2020,04,14,15,00,66,3.6,4.2,99.00,99.00,99.00,999,1017.9,22.2,999.0,17.4,99.0,99.00,
2020,04,14,16,00,84,4.1,4.4,99.00,99.00,99.00,999,1018.3,22.4,999.0,17.4,99.0,99.00,
2020,04,14,17,00,111,2.8,3.1,99.00,99.00,99.00,999,1018.1,21.3,999.0,18.1,99.0,99.00,
2020,04,14,18,00,120,2.9,3.2,99.00,99.00,99.00,999,1016.9,21.3,999.0,18.9,99.0,99.00,
2020,04,14,19,00,119,3.4,4.1,99.00,99.00,99.00,999,1015.8,21.8,999.0,19.7,99.0,99.00,
2020,04,14,20,00,113,2.3,2.7,99.00,99.00,99.00,999,1014.3,21.8,999.0,20.4,99.0,99.00,
2020,04,14,21,00,155,3.2,3.6,99.00,99.00,99.00,999,1013.6,21.8,999.0,20.7,99.0,99.00,
2020,04,14,22,00,185,5.1,6.0,99.00,99.00,99.00,999,1013.9,22.3,999.0,21.5,99.0,99.00,
2020,04,14,23,00,201,5.6,6.5,99.00,99.00,99.00,999,1013.6,21.6,999.0,21.6,99.0,99.00,
2020,04,15,00,00,212,5.5,6.1,99.00,99.00,99.00,999,1013.4,21.5,999.0,21.5,99.0,99.00,
2020,04,15,01,00,198,6.0,7.1,99.00,99.00,99.00,999,1013.4,21.6,999.0,21.6,99.0,99.00,
2020,04,15,02,00,208,6.4,7.2,99.00,99.00,99.00,999,1014.2,21.9,999.0,21.9,99.0,99.00,
2020,04,15,03,00,215,7.0,8.1,99.00,99.00,99.00,999,1013.9,21.9,999.0,21.9,99.0,99.00,
2020,04,15,04,00,221,6.1,7.5,99.00,99.00,99.00,999,1013.9,21.8,999.0,21.8,99.0,99.00,
2020,04,15,05,00,211,8.7,9.6,99.00,99.00,99.00,999,1013.5,21.8,999.0,21.8,99.0,99.00,
2020,04,15,06,00,220,7.7,9.0,99.00,99.00,99.00,999,1012.5,21.7,999.0,21.7,99.0,99.00,
2020,04,15,07,00,227,6.2,7.7,99.00,99.00,99.00,999,1011.9,21.6,999.0,21.6,99.0,99.00,
2020,04,15,08,00,239,4.9,6.6,99.00,99.00,99.00,999,1011.5,22.2,999.0,22.2,99.0,99.00,
2020,04,15,09,00,242,3.6,4.4,99.00,99.00,99.00,999,1011.2,22.3,999.0,22.3,99.0,99.00,
2020,04,15,10,00,222,4.5,5.3,99.00,99.00,99.00,999,1010.2,21.8,999.0,21.8,99.0,99.00,
2020,04,15,11,00,231,4.2,6.5,99.00,99.00,99.00,999,1009.7,21.4,999.0,21.4,99.0,99.00,
2020,04,15,12,00,319,7.1,10.1,99.00,99.00,99.00,999,1012.3,17.0,999.0,17.0,99.0,99.00,
2020,04,15,13,00,334,4.4,5.5,99.00,99.00,99.00,999,1012.4,16.1,999.0,16.1,99.0,99.00,
2020,04,15,14,00,8,10.1,12.0,99.00,99.00,99.00,999,1013.9,13.4,999.0,13.4,99.0,99.00,
2020,04,15,15,00,5,7.9,9.2,99.00,99.00,99.00,999,1015.2,12.8,999.0,12.8,99.0,99.00,
2020,04,15,16,00,13,8.6,10.0,99.00,99.00,99.00,999,1015.8,12.8,999.0,12.8,99.0,99.00,
2020,04,15,17,00,12,8.7,10.3,99.00,99.00,99.00,999,1015.8,12.3,999.0,12.3,99.0,99.00,
2020,04,15,18,00,7,7.3,8.6,99.00,99.00,99.00,999,1015.4,12.3,999.0,12.1,99.0,99.00,
2020,04,15,19,00,21,7.3,9.3,99.00,99.00,99.00,999,1015.7,12.4,999.0,11.2,99.0,99.00,
2020,04,15,20,00,20,4.8,6.0,99.00,99.00,99.00,999,1015.8,12.6,999.0,10.7,99.0,99.00,
2020,04,15,21,00,24,4.5,5.2,99.00,99.00,99.00,999,1016.0,12.7,999.0,10.8,99.0,99.00,
2020,04,15,22,00,6,5.3,6.3,99.00,99.00,99.00,999,1017.4,12.2,999.0,10.7,99.0,99.00,
2020,04,15,23,00,18,5.3,6.8,99.00,99.00,99.00,999,1017.7,12.1,999.0,10.7,99.0,99.00,
2020,04,16,00,00,1,5.3,6.7,99.00,99.00,99.00,999,1017.9,12.1,999.0,10.4,99.0,99.00,
2020,04,16,01,00,6,4.3,5.4,99.00,99.00,99.00,999,1018.6,12.1,999.0,10.2,99.0,99.00,
2020,04,16,02,00,20,4.4,5.6,99.00,99.00,99.00,999,1019.4,12.7,999.0,10.4,99.0,99.00,
2020,04,16,03,00,10,4.1,5.3,99.00,99.00,99.00,999,1020.1,12.7,999.0,10.2,99.0,99.00,
2020,04,16,04,00,19,5.5,6.8,99.00,99.00,99.00,999,1019.7,13.0,999.0,10.5,99.0,99.00,
2020,04,16,05,00,25,5.8,6.8,99.00,99.00,99.00,999,1020.2,13.3,999.0,9.8,99.0,99.00,
2020,04,16,06,00,39,7.1,8.3,99.00,99.00,99.00,999,1020.0,13.7,999.0,8.8,99.0,99.00,
2020,04,16,07,00,44,7.5,9.1,99.00,99.00,99.00,999,1019.6,13.8,999.0,9.7,99.0,99.00,
2020,04,16,08,00,26,8.7,9.8,99.00,99.00,99.00,999,1019.6,13.9,999.0,9.5,99.0,99.00,
2020,04,16,09,00,33,6.9,8.9,99.00,99.00,99.00,999,1019.9,14.0,999.0,10.2,99.0,99.00,
2020,04,16,10,00,16,7.0,8.3,99.00,99.00,99.00,999,1020.5,13.4,999.0,8.8,99.0,99.00,
2020,04,16,11,00,14,6.7,7.6,99.00,99.00,99.00,999,1021.7,12.0,999.0,7.6,99.0,99.00,
2020,04,16,12,00,14,6.1,6.9,99.00,99.00,99.00,999,1023.0,12.0,999.0,6.7,99.0,99.00,
2020,04,16,13,00,8,5.7,6.5,99.00,99.00,99.00,999,1023.9,13.0,999.0,6.0,99.0,99.00,
2020,04,16,14,00,7,6.2,7.3,99.00,99.00,99.00,999,1024.4,15.0,999.0,5.7,99.0,99.00,
2020,04,16,15,00,19,5.5,7.2,99.00,99.00,99.00,999,1025.0,15.7,999.0,4.7,99.0,99.00,
2020,04,16,16,00,28,4.6,6.0,99.00,99.00,99.00,999,1024.8,16.6,999.0,5.5,99.0,99.00,
2020,04,16,17,00,31,2.8,3.4,99.00,99.00,99.00,999,1024.5,17.1,999.0,3.0,99.0,99.00,
2020,04,16,18,00,93,3.5,4.5,99.00,99.00,99.00,999,1024.1,17.2,999.0,5.0,99.0,99.00,
2020,04,16,19,00,86,3.3,3.9,99.00,99.00,99.00,999,1023.8,17.9,999.0,6.2,99.0,99.00,
2020,04,16,20,00,92,6.4,6.8,99.00,99.00,99.00,999,1023.4,16.9,999.0,6.7,99.0,99.00,
2020,04,16,21,00,89,4.3,4.9,99.00,99.00,99.00,999,1023.5,17.1,999.0,7.1,99.0,99.00,
2020,04,16,22,00,94,3.3,3.9,99.00,99.00,99.00,999,1023.9,17.3,999.0,7.2,99.0,99.00,
2020,04,16,23,00,129,4.3,4.6,99.00,99.00,99.00,999,1024.1,17.2,999.0,7.8,99.0,99.00,
2020,04,17,00,00,139,4.3,4.7,99.00,99.00,99.00,999,1024.6,17.2,999.0,7.7,99.0,99.00,
2020,04,17,01,00,126,3.2,3.6,99.00,99.00,99.00,999,1025.2,17.3,999.0,7.5,99.0,99.00,
2020,04,17,02,00,132,3.8,4.0,99.00,99.00,99.00,999,1025.9,17.5,999.0,8.2,99.0,99.00,
2020,04,17,03,00,130,3.9,5.3,99.00,99.00,99.00,999,1026.1,17.6,999.0,8.2,99.0,99.00,
2020,04,17,04,00,137,4.0,4.4,99.00,99.00,99.00,999,1026.2,17.6,999.0,8.1,99.0,99.00,
2020,04,17,05,00,147,2.9,3.3,99.00,99.00,99.00,999,1026.3,17.7,999.0,8.0,99.0,99.00,
2020,04,17,06,00,124,2.1,2.5,99.00,99.00,99.00,999,1026.1,17.8,999.0,7.2,99.0,99.00,
2020,04,17,07,00,128,3.0,3.6,99.00,99.00,99.00,999,1025.5,17.8,999.0,6.9,99.0,99.00,
2020,04,17,08,00,99,3.3,4.1,99.00,99.00,99.00,999,1025.4,18.0,999.0,7.3,99.0,99.00,
2020,04,17,09,00,88,3.3,3.9,99.00,99.00,99.00,999,1025.6,17.8,999.0,5.4,99.0,99.00,
2020,04,17,10,00,109,3.6,4.0,99.00,99.00,99.00,999,1025.7,17.9,999.0,6.2,99.0,99.00,
2020,04,17,11,00,116,4.5,5.3,99.00,99.00,99.00,999,1026.2,18.0,999.0,6.2,99.0,99.00,
2020,04,17,12,00,107,4.7,5.6,99.00,99.00,99.00,999,1026.7,18.2,999.0,8.5,99.0,99.00,
2020,04,17,13,00,88,5.0,5.6,99.00,99.00,99.00,999,1026.5,18.5,999.0,8.8,99.0,99.00,
2020,04,17,14,00,99,5.5,6.2,99.00,99.00,99.00,999,1026.7,18.7,999.0,9.1,99.0,99.00,
2020,04,17,15,00,87,6.2,6.7,99.00,99.00,99.00,999,1026.9,19.4,999.0,9.7,99.0,99.00,
2020,04,17,16,00,90,5.9,6.5,99.00,99.00,99.00,999,1026.6,19.5,999.0,10.5,99.0,99.00,
2020,04,17,17,00,101,5.3,6.0,99.00,99.00,99.00,999,1025.7,19.5,999.0,11.6,99.0,99.00,
2020,04,17,18,00,91,3.0,3.8,99.00,99.00,99.00,999,1025.0,20.9,999.0,13.9,99.0,99.00,
2020,04,17,19,00,155,4.9,5.4,99.00,99.00,99.00,999,1024.1,20.8,999.0,13.8,99.0,99.00,
2020,04,17,20,00,170,5.4,5.7,99.00,99.00,99.00,999,1023.1,20.7,999.0,14.3,99.0,99.00,
2020,04,17,21,00,169,6.1,6.7,99.00,99.00,99.00,999,1022.1,20.8,999.0,14.7,99.0,99.00,
2020,04,17,22,00,182,5.7,6.5,99.00,99.00,99.00,999,1021.7,20.8,999.0,15.4,99.0,99.00,
2020,04,17,23,00,179,5.9,6.6,99.00,99.00,99.00,999,1021.1,20.7,999.0,16.3,99.0,99.00,
2020,04,18,00,00,180,5.9,6.5,99.00,99.00,99.00,999,1020.4,20.4,999.0,17.0,99.0,99.00,
2020,04,18,01,00,187,6.0,6.5,99.00,99.00,99.00,999,1020.3,20.4,999.0,17.4,99.0,99.00,
2020,04,18,02,00,181,5.4,6.2,99.00,99.00,99.00,999,1020.0,20.4,999.0,18.4,99.0,99.00,
2020,04,18,03,00,205,4.5,5.0,99.00,99.00,99.00,999,1019.4,20.4,999.0,18.7,99.0,99.00,
2020,04,18,04,00,195,4.7,5.5,99.00,99.00,99.00,999,1018.7,20.3,999.0,19.8,99.0,99.00,
2020,04,18,05,00,201,4.2,5.0,99.00,99.00,99.00,999,1017.8,20.4,999.0,20.1,99.0,99.00,
2020,04,18,06,00,207,4.9,5.4,99.00,99.00,99.00,999,1017.1,20.4,999.0,20.4,99.0,99.00,
2020,04,18,07,00,199,4.6,5.5,99.00,99.00,99.00,999,1015.7,20.3,999.0,20.3,99.0,99.00,
2020,04,18,08,00,210,6.6,7.2,99.00,99.00,99.00,999,1014.7,20.5,999.0,20.5,99.0,99.00,
2020,04,18,09,00,216,6.2,6.8,99.00,99.00,99.00,999,1014.1,20.4,999.0,20.4,99.0,99.00,
2020,04,18,10,00,231,4.7,6.5,99.00,99.00,99.00,999,1013.4,20.3,999.0,20.3,99.0,99.00,
2020,04,18,11,00,231,4.3,5.9,99.00,99.00,99.00,999,1013.9,20.6,999.0,20.6,99.0,99.00,
2020,04,18,12,00,230,5.3,8.1,99.00,99.00,99.00,999,1013.4,21.1,999.0,21.1,99.0,99.00,
2020,04,18,13,00,237,4.9,6.7,99.00,99.00,99.00,999,1013.6,21.6,999.0,21.6,99.0,99.00,
2020,04,18,14,00,259,5.8,8.0,99.00,99.00,99.00,999,1013.8,23.0,999.0,20.0,99.0,99.00,
2020,04,18,15,00,274,6.9,11.0,99.00,99.00,99.00,999,1013.4,23.5,999.0,18.8,99.0,99.00,
2020,04,18,16,00,279,4.7,7.5,99.00,99.00,99.00,999,1012.6,25.3,999.0,19.2,99.0,99.00,
2020,04,18,17,00,287,5.9,10.7,99.00,99.00,99.00,999,1012.5,25.7,999.0,18.8,99.0,99.00,
2020,04,18,18,00,284,6.2,8.8,99.00,99.00,99.00,999,1012.0,26.8,999.0,18.3,99.0,99.00,
2020,04,18,19,00,297,5.0,8.6,99.00,99.00,99.00,999,1011.7,26.2,999.0,17.6,99.0,99.00,
2020,04,18,20,00,288,6.1,9.6,99.00,99.00,99.00,999,1011.4,27.0,999.0,16.3,99.0,99.00,
2020,04,18,21,00,260,4.8,7.3,99.00,99.00,99.00,999,1011.2,27.0,999.0,15.3,99.0,99.00,
2020,04,18,22,00,275,3.8,6.2,99.00,99.00,99.00,999,1011.9,26.8,999.0,15.3,99.0,99.00,
2020,04,18,23,00,286,4.2,6.5,99.00,99.00,99.00,999,1012.4,25.9,999.0,14.4,99.0,99.00,
2020,04,19,00,00,301,1.9,2.4,99.00,99.00,99.00,999,1012.8,23.3,999.0,16.0,99.0,99.00,
2020,04,19,01,00,352,2.1,2.3,99.00,99.00,99.00,999,1013.6,23.0,999.0,15.8,99.0,99.00,
2020,04,19,02,00,304,2.2,2.5,99.00,99.00,99.00,999,1014.8,21.6,999.0,15.7,99.0,99.00,
2020,04,19,03,00,294,1.1,1.3,99.00,99.00,99.00,999,1015.1,21.6,999.0,14.8,99.0,99.00,
2020,04,19,04,00,24,3.3,3.7,99.00,99.00,99.00,999,1014.9,21.0,999.0,17.2,99.0,99.00,
2020,04,19,05,00,75,5.2,5.9,99.00,99.00,99.00,999,1015.2,21.0,999.0,18.6,99.0,99.00,
2020,04,19,06,00,71,5.6,6.1,99.00,99.00,99.00,999,1015.0,20.9,999.0,17.7,99.0,99.00,
2020,04,19,07,00,55,6.5,7.2,99.00,99.00,99.00,999,1014.8,20.5,999.0,18.4,99.0,99.00,
2020,04,19,08,00,80,6.6,7.4,99.00,99.00,99.00,999,1014.4,20.5,999.0,19.1,99.0,99.00,
2020,04,19,09,00,91,6.8,7.9,99.00,99.00,99.00,999,1014.0,20.7,999.0,18.9,99.0,99.00,
2020,04,19,10,00,89,2.6,3.6,99.00,99.00,99.00,999,1014.1,20.8,999.0,19.2,99.0,99.00,
2020,04,19,11,00,98,3.6,4.0,99.00,99.00,99.00,999,1014.3,20.7,999.0,20.3,99.0,99.00,
2020,04,19,12,00,148,2.3,2.8,99.00,99.00,99.00,999,1014.3,20.9,999.0,20.9,99.0,99.00,
2020,04,19,13,00,198,2.6,3.1,99.00,99.00,99.00,999,1014.0,21.1,999.0,21.1,99.0,99.00,
2020,04,19,14,00,190,3.0,3.3,99.00,99.00,99.00,999,1013.8,21.8,999.0,20.2,99.0,99.00,
2020,04,19,15,00,206,3.8,4.1,99.00,99.00,99.00,999,1014.2,22.3,999.0,19.2,99.0,99.00,
2020,04,19,16,00,210,3.1,3.6,99.00,99.00,99.00,999,1014.2,22.1,999.0,17.7,99.0,99.00,
2020,04,19,17,00,281,1.9,2.5,99.00,99.00,99.00,999,1014.8,21.8,999.0,14.9,99.0,99.00,
2020,04,19,18,00,274,4.4,6.7,99.00,99.00,99.00,999,1016.2,16.4,999.0,15.4,99.0,99.00,
2020,04,19,19,00,303,2.4,3.3,99.00,99.00,99.00,999,1014.6,16.2,999.0,16.2,99.0,99.00,
2020,04,19,20,00,342,5.0,7.6,99.00,99.00,99.00,999,1013.4,16.4,999.0,16.4,99.0,99.00,
2020,04,19,21,00,80,3.6,4.2,99.00,99.00,99.00,999,1011.9,15.9,999.0,15.9,99.0,99.00,
2020,04,19,22,00,134,11.4,12.6,99.00,99.00,99.00,999,1008.8,18.8,999.0,18.3,99.0,99.00,
2020,04,19,23,00,191,10.0,12.0,99.00,99.00,99.00,999,1010.4,19.4,999.0,19.3,99.0,99.00,
2020,04,20,00,00,196,6.1,8.2,99.00,99.00,99.00,999,1009.4,19.9,999.0,19.5,99.0,99.00,
2020,04,20,01,00,207,10.2,11.7,99.00,99.00,99.00,999,1009.3,19.7,999.0,19.7,99.0,99.00,
2020,04,20,02,00,233,3.5,4.5,99.00,99.00,99.00,999,1008.9,19.0,999.0,19.0,99.0,99.00,
2020,04,20,03,00,230,5.3,7.2,99.00,99.00,99.00,999,1008.9,18.5,999.0,18.5,99.0,99.00,
2020,04,20,04,00,210,6.3,7.2,99.00,99.00,99.00,999,1007.8,19.1,999.0,19.1,99.0,99.00,
2020,04,20,05,00,205,6.5,7.7,99.00,99.00,99.00,999,1006.9,19.0,999.0,19.0,99.0,99.00,
2020,04,20,06,00,239,2.7,3.6,99.00,99.00,99.00,999,1007.1,18.6,999.0,18.6,99.0,99.00,
2020,04,20,07,00,209,2.1,2.3,99.00,99.00,99.00,999,1004.7,18.2,999.0,18.2,99.0,99.00,
2020,04,20,08,00,304,1.4,2.4,99.00,99.00,99.00,999,1004.3,18.1,999.0,18.1,99.0,99.00,
2020,04,20,09,00,318,1.9,2.3,99.00,99.00,99.00,999,1003.4,17.9,999.0,17.9,99.0,99.00,
2020,04,20,10,00,303,3.5,6.3,99.00,99.00,99.00,999,1003.8,17.7,999.0,17.7,99.0,99.00,
2020,04,20,11,00,215,0.5,1.5,99.00,99.00,99.00,999,1001.8,17.4,999.0,17.4,99.0,99.00,
2020,04,20,12,00,167,6.2,6.9,99.00,99.00,99.00,999,1001.5,18.6,999.0,18.6,99.0,99.00,
2020,04,20,13,00,205,4.8,5.5,99.00,99.00,99.00,999,1001.5,19.2,999.0,19.2,99.0,99.00,
2020,04,20,14,00,229,6.0,7.3,99.00,99.00,99.00,999,1001.5,19.5,999.0,19.5,99.0,99.00,
2020,04,20,15,00,252,7.5,11.8,99.00,99.00,99.00,999,1001.6,20.8,999.0,19.8,99.0,99.00,
2020,04,20,16,00,267,8.0,11.3,99.00,99.00,99.00,999,1002.0,21.8,999.0,18.2,99.0,99.00,
2020,04,20,17,00,290,5.7,8.0,99.00,99.00,99.00,999,1002.6,23.0,999.0,17.5,99.0,99.00,
2020,04,20,18,00,296,6.9,10.1,99.00,99.00,99.00,999,1003.1,22.5,999.0,17.1,99.0,99.00,
2020,04,20,19,00,324,7.6,11.3,99.00,99.00,99.00,999,1004.6,20.5,999.0,16.0,99.0,99.00,
2020,04,20,20,00,311,5.1,7.6,99.00,99.00,99.00,999,1006.1,21.0,999.0,14.3,99.0,99.00,
2020,04,20,21,00,328,5.5,7.9,99.00,99.00,99.00,999,1007.0,20.7,999.0,14.0,99.0,99.00,
2020,04,20,22,00,353,6.9,8.4,99.00,99.00,99.00,999,1008.1,19.7,999.0,14.3,99.0,99.00,
2020,04,20,23,00,347,5.3,6.3,99.00,99.00,99.00,999,1009.1,19.0,999.0,13.6,99.0,99.00,
2020,04,21,00,00,354,4.0,4.7,99.00,99.00,99.00,999,1009.8,18.1,999.0,13.4,99.0,99.00,
2020,04,21,01,00,357,3.1,3.9,99.00,99.00,99.00,999,1010.6,17.6,999.0,13.2,99.0,99.00,
2020,04,21,02,00,25,3.2,3.8,99.00,99.00,99.00,999,1011.7,17.8,999.0,13.1,99.0,99.00,
2020,04,21,03,00,30,3.8,4.4,99.00,99.00,99.00,999,1011.6,18.0,999.0,13.1,99.0,99.00,
2020,04,21,04,00,62,4.3,4.7,99.00,99.00,99.00,999,1011.4,17.7,999.0,12.7,99.0,99.00,
2020,04,21,05,00,78,4.4,4.7,99.00,99.00,99.00,999,1011.5,17.9,999.0,12.4,99.0,99.00,
2020,04,21,06,00,90,3.6,4.1,99.00,99.00,99.00,999,1011.4,18.0,999.0,13.0,99.0,99.00,
2020,04,21,07,00,111,3.2,3.8,99.00,99.00,99.00,999,1011.0,18.2,999.0,12.9,99.0,99.00,
2020,04,21,08,00,167,4.0,4.5,99.00,99.00,99.00,999,1011.2,18.3,999.0,13.3,99.0,99.00,
2020,04,21,09,00,183,4.2,4.8,99.00,99.00,99.00,999,1011.5,18.4,999.0,13.6,99.0,99.00,
2020,04,21,10,00,197,4.9,5.5,99.00,99.00,99.00,999,1011.9,18.5,999.0,14.5,99.0,99.00,
2020,04,21,11,00,211,6.3,7.3,99.00,99.00,99.00,999,1012.2,18.8,999.0,15.0,99.0,99.00,
2020,04,21,12,00,215,5.4,6.2,99.00,99.00,99.00,999,1012.9,19.2,999.0,15.6,99.0,99.00,
2020,04,21,13,00,226,5.6,7.1,99.00,99.00,99.00,999,1013.3,19.9,999.0,15.6,99.0,99.00,
2020,04,21,14,00,221,6.9,8.2,99.00,99.00,99.00,999,1013.5,20.4,999.0,16.0,99.0,99.00,
2020,04,21,15,00,219,7.4,8.8,99.00,99.00,99.00,999,1013.6,21.1,999.0,17.6,99.0,99.00,
2020,04,21,16,00,218,8.7,10.2,99.00,99.00,99.00,999,1013.2,21.4,999.0,16.7,99.0,99.00,
2020,04,21,17,00,216,9.5,10.5,99.00,99.00,99.00,999,1012.2,21.3,999.0,17.2,99.0,99.00,
2020,04,21,18,00,210,10.0,11.1,99.00,99.00,99.00,999,1011.6,21.1,999.0,17.1,99.0,99.00,
2020,04,21,19,00,208,8.9,9.8,99.00,99.00,99.00,999,1010.7,21.7,999.0,17.3,99.0,99.00,
2020,04,21,20,00,210,10.6,12.5,99.00,99.00,99.00,999,1010.1,21.4,999.0,17.9,99.0,99.00,
2020,04,21,21,00,215,8.4,10.0,99.00,99.00,99.00,999,1009.8,21.9,999.0,17.7,99.0,99.00,
2020,04,21,22,00,214,8.6,10.5,99.00,99.00,99.00,999,1009.5,21.8,999.0,17.8,99.0,99.00,
2020,04,21,23,00,218,8.9,10.8,99.00,99.00,99.00,999,1009.9,21.6,999.0,18.5,99.0,99.00,
2020,04,22,00,00,219,7.8,9.4,99.00,99.00,99.00,999,1010.3,21.2,999.0,19.6,99.0,99.00,
2020,04,22,01,00,224,5.8,6.9,99.00,99.00,99.00,999,1011.0,21.4,999.0,19.0,99.0,99.00,
2020,04,22,02,00,258,3.8,4.9,99.00,99.00,99.00,999,1012.1,21.3,999.0,14.3,99.0,99.00,
2020,04,22,03,00,267,3.0,4.1,99.00,99.00,99.00,999,1012.7,20.3,999.0,13.3,99.0,99.00,
2020,04,22,04,00,267,2.6,3.9,99.00,99.00,99.00,999,1013.1,19.4,999.0,13.0,99.0,99.00,
2020,04,22,05,00,281,2.8,4.8,99.00,99.00,99.00,999,1013.3,18.9,999.0,12.0,99.0,99.00,
2020,04,22,06,00,289,2.8,4.6,99.00,99.00,99.00,999,1013.5,17.9,999.0,11.3,99.0,99.00,
2020,04,22,07,00,300,3.2,4.0,99.00,99.00,99.00,999,1013.5,17.0,999.0,11.3,99.0,99.00,
2020,04,22,08,00,286,2.8,3.8,99.00,99.00,99.00,999,1014.1,15.8,999.0,10.9,99.0,99.00,
2020,04,22,09,00,299,2.6,3.2,99.00,99.00,99.00,999,1015.0,15.3,999.0,10.5,99.0,99.00,
2020,04,22,10,00,309,1.9,2.6,99.00,99.00,99.00,999,1015.8,14.8,999.0,9.8,99.0,99.00,
2020,04,22,11,00,323,2.5,3.9,99.00,99.00,99.00,999,1016.9,15.4,999.0,9.8,99.0,99.00,
2020,04,22,12,00,341,4.1,5.3,99.00,99.00,99.00,999,1018.5,16.5,999.0,10.0,99.0,99.00,
2020,04,22,13,00,22,8.2,9.5,99.00,99.00,99.00,999,1019.3,17.6,999.0,7.8,99.0,99.00,
2020,04,22,14,00,34,6.7,8.2,99.00,99.00,99.00,999,1019.7,17.7,999.0,7.7,99.0,99.00,
2020,04,22,15,00,54,8.1,9.3,99.00,99.00,99.00,999,1020.0,18.1,999.0,6.5,99.0,99.00,
2020,04,22,16,00,44,6.2,8.2,99.00,99.00,99.00,999,1020.8,18.3,999.0,6.1,99.0,99.00,
2020,04,22,17,00,75,7.2,8.0,99.00,99.00,99.00,999,1020.5,18.7,999.0,8.0,99.0,99.00,
2020,04,22,18,00,88,5.6,6.4,99.00,99.00,99.00,999,1020.3,18.9,999.0,8.4,99.0,99.00,
2020,04,22,19,00,102,5.3,5.9,99.00,99.00,99.00,999,1020.1,18.0,999.0,7.4,99.0,99.00,
2020,04,22,20,00,106,6.1,6.6,99.00,99.00,99.00,999,1019.4,17.9,999.0,7.7,99.0,99.00,
2020,04,22,21,00,125,6.0,6.8,99.00,99.00,99.00,999,1019.1,18.2,999.0,8.8,99.0,99.00,
2020,04,22,22,00,133,5.7,6.7,99.00,99.00,99.00,999,1018.6,18.4,999.0,9.2,99.0,99.00,
2020,04,22,23,00,148,5.7,6.2,99.00,99.00,99.00,999,1018.8,18.8,999.0,10.7,99.0,99.00,
2020,04,23,00,00,157,4.2,4.6,99.00,99.00,99.00,999,1019.4,19.1,999.0,11.4,99.0,99.00,
2020,04,23,01,00,151,5.2,5.6,99.00,99.00,99.00,999,1019.2,19.4,999.0,11.9,99.0,99.00,
2020,04,23,02,00,151,4.7,5.1,99.00,99.00,99.00,999,1019.9,19.7,999.0,12.8,99.0,99.00,
2020,04,23,03,00,143,5.2,5.6,99.00,99.00,99.00,999,1019.7,19.9,999.0,15.0,99.0,99.00,
2020,04,23,04,00,124,5.5,6.1,99.00,99.00,99.00,999,1019.3,20.1,999.0,14.6,99.0,99.00,
2020,04,23,05,00,123,6.2,6.7,99.00,99.00,99.00,999,1019.2,20.3,999.0,14.6,99.0,99.00,
2020,04,23,06,00,114,6.0,6.6,99.00,99.00,99.00,999,1019.3,20.4,999.0,14.9,99.0,99.00,
2020,04,23,07,00,105,4.8,5.1,99.00,99.00,99.00,999,1019.3,20.6,999.0,15.1,99.0,99.00,
2020,04,23,08,00,85,4.9,5.4,99.00,99.00,99.00,999,1019.1,20.4,999.0,15.6,99.0,99.00,
2020,04,23,09,00,87,6.2,6.8,99.00,99.00,99.00,999,1018.8,20.2,999.0,15.7,99.0,99.00,
2020,04,23,10,00,86,8.6,9.8,99.00,99.00,99.00,999,1017.6,20.1,999.0,15.8,99.0,99.00,
2020,04,23,11,00,94,9.9,11.2,99.00,99.00,99.00,999,1016.4,20.4,999.0,16.2,99.0,99.00,
2020,04,23,12,00,120,8.9,10.2,99.00,99.00,99.00,999,1017.6,20.8,999.0,17.0,99.0,99.00,
2020,04,23,13,00,111,6.5,7.4,99.00,99.00,99.00,999,1017.9,21.0,999.0,17.2,99.0,99.00,
2020,04,23,14,00,120,6.7,7.7,99.00,99.00,99.00,999,1017.3,21.2,999.0,18.9,99.0,99.00,
2020,04,23,15,00,134,7.9,8.6,99.00,99.00,99.00,999,1017.1,21.3,999.0,18.9,99.0,99.00,
2020,04,23,16,00,142,9.5,11.2,99.00,99.00,99.00,999,1016.7,21.8,999.0,19.6,99.0,99.00,
2020,04,23,17,00,144,8.1,8.9,99.00,99.00,99.00,999,1016.6,21.9,999.0,19.4,99.0,99.00,
2020,04,23,18,00,161,7.3,8.6,99.00,99.00,99.00,999,1016.4,22.1,999.0,19.2,99.0,99.00,
2020,04,23,19,00,128,5.6,6.1,99.00,99.00,99.00,999,1014.9,21.7,999.0,20.2,99.0,99.00,
2020,04,23,20,00,111,5.7,6.5,99.00,99.00,99.00,999,1013.0,21.6,999.0,20.4,99.0,99.00,
2020,04,23,21,00,90,5.4,5.8,99.00,99.00,99.00,999,1012.3,21.0,999.0,20.9,99.0,99.00,
2020,04,23,22,00,44,8.8,9.7,99.00,99.00,99.00,999,1009.8,20.2,999.0,20.2,99.0,99.00,
2020,04,23,23,00,26,7.5,9.3,99.00,99.00,99.00,999,1008.6,20.2,999.0,20.2,99.0,99.00,
2020,04,24,00,00,338,7.7,9.7,99.00,99.00,99.00,999,1011.2,18.5,999.0,18.5,99.0,99.00,
2020,04,24,01,00,11,2.6,3.2,99.00,99.00,99.00,999,1011.9,19.3,999.0,19.3,99.0,99.00,
2020,04,24,02,00,58,3.4,4.1,99.00,99.00,99.00,999,1011.0,19.6,999.0,19.6,99.0,99.00,
2020,04,24,03,00,274,2.0,2.7,99.00,99.00,99.00,999,1013.0,19.2,999.0,19.2,99.0,99.00,
2020,04,24,04,00,157,2.2,2.5,99.00,99.00,99.00,999,1010.4,19.5,999.0,19.0,99.0,99.00,
2020,04,24,05,00,165,5.7,6.2,99.00,99.00,99.00,999,1009.5,19.4,999.0,19.2,99.0,99.00,
2020,04,24,06,00,178,10.9,12.7,99.00,99.00,99.00,999,1008.4,19.1,999.0,19.1,99.0,99.00,
2020,04,24,07,00,193,12.7,14.2,99.00,99.00,99.00,999,1008.7,19.6,999.0,19.6,99.0,99.00,
2020,04,24,08,00,217,11.8,14.4,99.00,99.00,99.00,999,1008.5,19.9,999.0,19.9,99.0,99.00,
2020,04,24,09,00,215,10.2,11.7,99.00,99.00,99.00,999,1008.0,19.9,999.0,19.9,99.0,99.00,
2020,04,24,10,00,209,10.8,12.1,99.00,99.00,99.00,999,1007.7,20.1,999.0,20.1,99.0,99.00,
2020,04,24,11,00,230,5.2,7.7,99.00,99.00,99.00,999,1007.9,20.3,999.0,20.3,99.0,99.00,
2020,04,24,12,00,230,4.0,5.3,99.00,99.00,99.00,999,1008.3,20.4,999.0,20.4,99.0,99.00,
2020,04,24,13,00,218,5.9,7.2,99.00,99.00,99.00,999,1008.6,20.8,999.0,20.8,99.0,99.00,
2020,04,24,14,00,247,5.4,6.8,99.00,99.00,99.00,999,1007.7,21.3,999.0,21.2,99.0,99.00,
2020,04,24,15,00,252,3.2,5.2,99.00,99.00,99.00,999,1008.2,21.8,999.0,21.4,99.0,99.00,
2020,04,24,16,00,251,3.2,4.6,99.00,99.00,99.00,999,1008.5,22.6,999.0,20.5,99.0,99.00,
2020,04,24,17,00,216,6.7,8.1,99.00,99.00,99.00,999,1008.9,21.8,999.0,20.9,99.0,99.00,
2020,04,24,18,00,219,5.1,5.8,99.00,99.00,99.00,999,1008.4,22.4,999.0,21.0,99.0,99.00,
2020,04,24,19,00,217,6.7,7.8,99.00,99.00,99.00,999,1008.1,22.3,999.0,21.2,99.0,99.00,
2020,04,24,20,00,200,6.8,8.0,99.00,99.00,99.00,999,1008.1,21.9,999.0,21.9,99.0,99.00,
2020,04,24,21,00,207,7.7,9.4,99.00,99.00,99.00,999,1007.8,21.6,999.0,21.6,99.0,99.00,
2020,04,24,22,00,214,6.1,7.3,99.00,99.00,99.00,999,1007.3,22.0,999.0,22.0,99.0,99.00,
2020,04,24,23,00,217,5.5,6.3,99.00,99.00,99.00,999,1008.0,21.8,999.0,21.8,99.0,99.00,
2020,04,25,00,00,220,6.1,6.8,99.00,99.00,99.00,999,1008.3,21.5,999.0,21.5,99.0,99.00,
2020,04,25,01,00,216,5.6,6.7,99.00,99.00,99.00,999,1009.5,21.3,999.0,21.3,99.0,99.00,
2020,04,25,02,00,210,5.5,6.1,99.00,99.00,99.00,999,1010.3,21.2,999.0,21.2,99.0,99.00,
2020,04,25,03,00,221,3.8,4.3,99.00,99.00,99.00,999,1010.7,21.0,999.0,21.0,99.0,99.00,
2020,04,25,04,00,237,2.4,2.8,99.00,99.00,99.00,999,1010.9,20.6,999.0,20.6,99.0,99.00,
2020,04,25,05,00,229,2.0,2.3,99.00,99.00,99.00,999,1011.1,20.4,999.0,20.4,99.0,99.00,
2020,04,25,06,00,267,1.6,2.0,99.00,99.00,99.00,999,1010.8,19.9,999.0,19.9,99.0,99.00,
2020,04,25,07,00,277,1.2,1.5,99.00,99.00,99.00,999,1010.3,19.1,999.0,19.1,99.0,99.00,
2020,04,25,08,00,310,2.2,2.6,99.00,99.00,99.00,999,1010.5,18.4,999.0,18.4,99.0,99.00,
2020,04,25,09,00,218,1.6,1.7,99.00,99.00,99.00,999,1011.1,18.3,999.0,18.3,99.0,99.00,
2020,04,25,10,00,213,1.9,2.1,99.00,99.00,99.00,999,1011.7,19.5,999.0,18.2,99.0,99.00,
2020,04,25,11,00,278,2.1,2.5,99.00,99.00,99.00,999,1012.8,18.1,999.0,18.0,99.0,99.00,
2020,04,25,12,00,307,1.2,2.0,99.00,99.00,99.00,999,1013.3,19.2,999.0,18.8,99.0,99.00,
2020,04,25,13,00,295,1.9,2.3,99.00,99.00,99.00,999,1014.2,20.7,999.0,17.0,99.0,99.00,
2020,04,25,14,00,32,1.3,1.5,99.00,99.00,99.00,999,1014.5,22.2,999.0,17.1,99.0,99.00,
2020,04,25,15,00,102,1.9,2.1,99.00,99.00,99.00,999,1014.4,21.5,999.0,18.3,99.0,99.00,
2020,04,25,16,00,136,2.2,2.4,99.00,99.00,99.00,999,1014.7,22.1,999.0,17.0,99.0,99.00,
2020,04,25,17,00,146,4.6,5.0,99.00,99.00,99.00,999,1014.5,22.0,999.0,17.7,99.0,99.00,
2020,04,25,18,00,154,4.3,4.7,99.00,99.00,99.00,999,1014.0,22.0,999.0,18.8,99.0,99.00,
2020,04,25,19,00,167,5.0,5.3,99.00,99.00,99.00,999,1013.9,22.6,999.0,20.5,99.0,99.00,
2020,04,25,20,00,169,5.1,5.6,99.00,99.00,99.00,999,1013.3,22.5,999.0,20.6,99.0,99.00,
2020,04,25,21,00,158,5.8,6.4,99.00,99.00,99.00,999,1012.6,22.5,999.0,20.3,99.0,99.00,
2020,04,25,22,00,162,6.8,7.2,99.00,99.00,99.00,999,1012.4,22.4,999.0,20.2,99.0,99.00,
2020,04,25,23,00,180,7.2,8.2,99.00,99.00,99.00,999,1012.5,22.0,999.0,22.0,99.0,99.00,
2020,04,26,00,00,178,6.1,6.5,99.00,99.00,99.00,999,1011.8,21.7,999.0,21.7,99.0,99.00,
2020,04,26,01,00,175,6.1,6.6,99.00,99.00,99.00,999,1011.7,21.9,999.0,21.9,99.0,99.00,
2020,04,26,02,00,179,6.8,7.5,99.00,99.00,99.00,999,1011.7,22.2,999.0,22.2,99.0,99.00,
2020,04,26,03,00,195,6.5,7.5,99.00,99.00,99.00,999,1012.0,22.4,999.0,22.4,99.0,99.00,
2020,04,26,04,00,216,6.9,8.1,99.00,99.00,99.00,999,1011.8,22.5,999.0,22.5,99.0,99.00,
2020,04,26,05,00,216,7.6,8.6,99.00,99.00,99.00,999,1011.6,22.3,999.0,22.3,99.0,99.00,
2020,04,26,06,00,221,6.5,7.9,99.00,99.00,99.00,999,1011.6,22.2,999.0,22.2,99.0,99.00,
2020,04,26,07,00,227,6.2,8.3,99.00,99.00,99.00,999,1011.1,22.2,999.0,22.2,99.0,99.00,
2020,04,26,08,00,236,4.6,6.4,99.00,99.00,99.00,999,1010.9,22.0,999.0,22.0,99.0,99.00,
2020,04,26,09,00,243,3.0,4.5,99.00,99.00,99.00,999,1011.4,21.2,999.0,21.2,99.0,99.00,
2020,04,26,10,00,259,4.0,5.4,99.00,99.00,99.00,999,1011.6,20.7,999.0,20.7,99.0,99.00,
2020,04,26,11,00,272,3.9,6.9,99.00,99.00,99.00,999,1012.1,20.2,999.0,18.4,99.0,99.00,
2020,04,26,12,00,277,3.3,5.7,99.00,99.00,99.00,999,1012.4,20.5,999.0,16.0,99.0,99.00,
2020,04,26,13,00,264,5.4,8.0,99.00,99.00,99.00,999,1014.0,20.5,999.0,14.2,99.0,99.00,
2020,04,26,14,00,257,4.6,6.6,99.00,99.00,99.00,999,1013.4,19.9,999.0,14.0,99.0,99.00,
2020,04,26,15,00,252,3.6,6.2,99.00,99.00,99.00,999,1013.6,21.2,999.0,14.1,99.0,99.00,
2020,04,26,16,00,248,4.9,7.7,99.00,99.00,99.00,999,1013.7,22.0,999.0,14.1,99.0,99.00,
2020,04,26,17,00,219,8.6,9.7,99.00,99.00,99.00,999,1013.0,21.3,999.0,16.5,99.0,99.00,
2020,04,26,18,00,217,9.7,11.2,99.00,99.00,99.00,999,1012.6,22.1,999.0,15.3,99.0,99.00,
2020,04,26,19,00,216,10.5,12.3,99.00,99.00,99.00,999,1011.9,21.8,999.0,15.5,99.0,99.00,
2020,04,26,20,00,217,10.7,12.0,99.00,99.00,99.00,999,1011.1,22.3,999.0,16.1,99.0,99.00,
2020,04,26,21,00,210,12.3,13.6,99.00,99.00,99.00,999,1011.0,22.0,999.0,17.6,99.0,99.00,
2020,04,26,22,00,214,11.4,14.1,99.00,99.00,99.00,999,1011.0,22.1,999.0,18.9,99.0,99.00,
2020,04,26,23,00,249,5.6,7.6,99.00,99.00,99.00,999,1011.0,23.9,999.0,12.3,99.0,99.00,
2020,04,27,00,00,256,5.1,6.7,99.00,99.00,99.00,999,1011.9,22.7,999.0,10.1,99.0,99.00,
2020,04,27,01,00,264,4.0,5.9,99.00,99.00,99.00,999,1013.1,21.6,999.0,9.2,99.0,99.00,
2020,04,27,02,00,257,4.2,5.9,99.00,99.00,99.00,999,1014.3,21.1,999.0,10.4,99.0,99.00,
2020,04,27,03,00,287,4.7,8.2,99.00,99.00,99.00,999,1014.4,20.0,999.0,9.8,99.0,99.00,
2020,04,27,04,00,302,6.2,8.6,99.00,99.00,99.00,999,1015.1,18.1,999.0,10.1,99.0,99.00,
2020,04,27,05,00,288,5.8,8.4,99.00,99.00,99.00,999,1015.6,16.6,999.0,8.6,99.0,99.00,
2020,04,27,06,00,300,6.0,7.8,99.00,99.00,99.00,999,1015.5,15.3,999.0,8.7,99.0,99.00,
2020,04,27,07,00,294,5.6,7.5,99.00,99.00,99.00,999,1015.4,13.9,999.0,7.4,99.0,99.00,
2020,04,27,08,00,295,5.1,8.0,99.00,99.00,99.00,999,1015.5,13.2,999.0,7.5,99.0,99.00,
2020,04,27,09,00,295,6.2,9.0,99.00,99.00,99.00,999,1015.8,12.7,999.0,7.8,99.0,99.00,
2020,04,27,10,00,290,5.8,9.4,99.00,99.00,99.00,999,1016.3,12.1,999.0,7.8,99.0,99.00,
2020,04,27,11,00,294,3.7,5.6,99.00,99.00,99.00,999,1017.4,11.8,999.0,8.1,99.0,99.00,
2020,04,27,12,00,308,4.1,7.1,99.00,99.00,99.00,999,1018.2,12.9,999.0,8.2,99.0,99.00,
2020,04,27,13,00,316,5.4,7.6,99.00,99.00,99.00,999,1019.0,14.6,999.0,8.3,99.0,99.00,
2020,04,27,14,00,328,5.3,7.9,99.00,99.00,99.00,999,1019.5,15.9,999.0,8.6,99.0,99.00,
2020,04,27,15,00,340,6.6,9.2,99.00,99.00,99.00,999,1019.4,17.2,999.0,8.8,99.0,99.00,
2020,04,27,16,00,322,5.0,7.5,99.00,99.00,99.00,999,1019.3,18.3,999.0,8.5,99.0,99.00,
2020,04,27,17,00,323,5.7,8.0,99.00,99.00,99.00,999,1019.1,19.4,999.0,8.8,99.0,99.00,
2020,04,27,18,00,342,6.5,8.0,99.00,99.00,99.00,999,1019.3,20.4,999.0,8.8,99.0,99.00,
2020,04,27,19,00,331,4.7,6.8,99.00,99.00,99.00,999,1019.5,21.7,999.0,8.1,99.0,99.00,
2020,04,27,20,00,343,2.0,3.3,99.00,99.00,99.00,999,1019.3,22.8,999.0,7.1,99.0,99.00,
2020,04,27,21,00,335,2.9,5.0,99.00,99.00,99.00,999,1019.2,22.8,999.0,7.5,99.0,99.00,
2020,04,27,22,00,310,3.3,5.4,99.00,99.00,99.00,999,1020.0,23.0,999.0,7.5,99.0,99.00,
2020,04,27,23,00,328,2.9,3.7,99.00,99.00,99.00,999,1020.4,22.2,999.0,7.6,99.0,99.00,
2020,04,28,00,00,345,2.2,2.6,99.00,99.00,99.00,999,1020.7,20.2,999.0,9.5,99.0,99.00,
2020,04,28,01,00,347,1.4,1.7,99.00,99.00,99.00,999,1021.5,19.8,999.0,11.2,99.0,99.00,
2020,04,28,02,00,9,1.3,1.5,99.00,99.00,99.00,999,1022.1,19.6,999.0,10.1,99.0,99.00,
2020,04,28,03,00,0,0.0,0.0,99.00,99.00,99.00,999,1022.0,20.0,999.0,11.6,99.0,99.00,
2020,04,28,04,00,303,0.9,1.2,99.00,99.00,99.00,999,1022.1,19.2,999.0,15.3,99.0,99.00,
2020,04,28,05,00,193,1.1,1.1,99.00,99.00,99.00,999,1022.5,19.0,999.0,14.0,99.0,99.00,
2020,04,28,06,00,241,1.3,1.4,99.00,99.00,99.00,999,1022.2,18.1,999.0,15.2,99.0,99.00,
2020,04,28,07,00,130,0.6,0.9,99.00,99.00,99.00,999,1021.7,19.0,999.0,14.6,99.0,99.00,
2020,04,28,08,00,169,2.7,3.0,99.00,99.00,99.00,999,1021.7,20.2,999.0,12.3,99.0,99.00,
2020,04,28,09,00,241,1.5,1.8,99.00,99.00,99.00,999,1021.8,16.8,999.0,14.7,99.0,99.00,
2020,04,28,10,00,275,2.1,2.2,99.00,99.00,99.00,999,1022.4,16.0,999.0,14.4,99.0,99.00,
2020,04,28,11,00,224,1.4,1.6,99.00,99.00,99.00,999,1022.8,16.7,999.0,13.7,99.0,99.00,
2020,04,28,12,00,261,1.3,1.6,99.00,99.00,99.00,999,1023.6,17.8,999.0,15.4,99.0,99.00,
2020,04,28,13,00,219,5.3,5.9,99.00,99.00,99.00,999,1024.0,20.7,999.0,14.0,99.0,99.00,
2020,04,28,14,00,218,5.3,6.2,99.00,99.00,99.00,999,1024.1,21.1,999.0,14.9,99.0,99.00,
2020,04,28,15,00,220,4.7,5.1,99.00,99.00,99.00,999,1024.4,21.4,999.0,12.6,99.0,99.00,
2020,04,28,16,00,208,4.1,4.5,99.00,99.00,99.00,999,1024.4,22.1,999.0,10.6,99.0,99.00,
2020,04,28,17,00,198,4.4,5.3,99.00,99.00,99.00,999,1023.9,22.0,999.0,14.1,99.0,99.00,
2020,04,28,18,00,193,4.5,5.1,99.00,99.00,99.00,999,1023.7,21.9,999.0,14.0,99.0,99.00,
2020,04,28,19,00,192,4.5,5.1,99.00,99.00,99.00,999,1023.2,22.1,999.0,13.8,99.0,99.00,
2020,04,28,20,00,197,5.0,5.9,99.00,99.00,99.00,999,1022.6,22.1,999.0,13.8,99.0,99.00,
2020,04,28,21,00,190,4.5,5.4,99.00,99.00,99.00,999,1021.9,22.1,999.0,14.4,99.0,99.00,
2020,04,28,22,00,193,5.6,6.2,99.00,99.00,99.00,999,1022.0,21.8,999.0,14.4,99.0,99.00,
2020,04,28,23,00,192,5.6,6.1,99.00,99.00,99.00,999,1022.0,21.4,999.0,14.8,99.0,99.00,
2020,04,29,00,00,194,6.1,6.8,99.00,99.00,99.00,999,1021.9,21.1,999.0,15.5,99.0,99.00,
2020,04,29,01,00,198,5.4,6.4,99.00,99.00,99.00,999,1022.0,21.2,999.0,16.3,99.0,99.00,
2020,04,29,02,00,193,6.1,7.2,99.00,99.00,99.00,999,1022.1,21.3,999.0,16.9,99.0,99.00,
2020,04,29,03,00,187,5.9,6.6,99.00,99.00,99.00,999,1021.7,21.1,999.0,17.3,99.0,99.00,
2020,04,29,04,00,182,6.9,7.5,99.00,99.00,99.00,999,1020.6,21.2,999.0,17.7,99.0,99.00,
2020,04,29,05,00,189,6.8,7.6,99.00,99.00,99.00,999,1020.3,21.2,999.0,18.0,99.0,99.00,
2020,04,29,06,00,188,7.7,8.6,99.00,99.00,99.00,999,1019.7,21.2,999.0,17.3,99.0,99.00,
2020,04,29,07,00,192,7.2,7.9,99.00,99.00,99.00,999,1019.5,21.3,999.0,18.0,99.0,99.00,
2020,04,29,08,00,193,6.0,6.9,99.00,99.00,99.00,999,1019.6,21.3,999.0,18.1,99.0,99.00,
2020,04,29,09,00,184,6.8,7.4,99.00,99.00,99.00,999,1019.5,21.4,999.0,18.3,99.0,99.00,
2020,04,29,10,00,185,7.1,8.1,99.00,99.00,99.00,999,1019.9,21.4,999.0,17.8,99.0,99.00,
2020,04,29,11,00,169,5.7,6.4,99.00,99.00,99.00,999,1020.3,21.3,999.0,19.1,99.0,99.00,
2020,04,29,12,00,173,6.7,7.8,99.00,99.00,99.00,999,1020.6,21.5,999.0,18.7,99.0,99.00,
2020,04,29,13,00,168,5.5,5.9,99.00,99.00,99.00,999,1020.4,21.7,999.0,18.6,99.0,99.00,
2020,04,29,14,00,167,6.9,7.6,99.00,99.00,99.00,999,1019.7,21.9,999.0,19.1,99.0,99.00,
2020,04,29,15,00,197,5.6,6.2,99.00,99.00,99.00,999,1019.4,22.4,999.0,20.2,99.0,99.00,
2020,04,29,16,00,185,4.4,4.8,99.00,99.00,99.00,999,1018.7,22.7,999.0,19.9,99.0,99.00,
2020,04,29,17,00,174,6.3,7.2,99.00,99.00,99.00,999,1018.3,22.5,999.0,19.5,99.0,99.00,
2020,04,29,18,00,195,5.3,6.6,99.00,99.00,99.00,999,1018.8,23.3,999.0,19.3,99.0,99.00,
2020,04,29,19,00,173,7.7,8.6,99.00,99.00,99.00,999,1017.6,22.7,999.0,20.2,99.0,99.00,
2020,04,29,20,00,165,9.2,10.6,99.00,99.00,99.00,999,1016.3,22.8,999.0,19.7,99.0,99.00,
2020,04,29,21,00,160,8.0,8.7,99.00,99.00,99.00,999,1015.4,22.6,999.0,20.3,99.0,99.00,
2020,04,29,22,00,161,8.5,9.2,99.00,99.00,99.00,999,1015.0,22.5,999.0,20.4,99.0,99.00,
2020,04,29,23,00,164,10.3,12.0,99.00,99.00,99.00,999,1014.9,22.6,999.0,19.8,99.0,99.00,
2020,04,30,00,00,156,10.3,12.2,99.00,99.00,99.00,999,1014.3,22.5,999.0,20.1,99.0,99.00,
2020,04,30,01,00,159,10.9,12.6,99.00,99.00,99.00,999,1014.1,22.5,999.0,19.8,99.0,99.00,
2020,04,30,02,00,156,11.1,12.2,99.00,99.00,99.00,999,1014.0,22.5,999.0,20.0,99.0,99.00,
2020,04,30,03,00,152,11.7,13.4,99.00,99.00,99.00,999,1013.5,22.4,999.0,20.5,99.0,99.00,
2020,04,30,04,00,158,12.0,14.3,99.00,99.00,99.00,999,1013.1,22.5,999.0,21.1,99.0,99.00,
2020,04,30,05,00,162,12.5,14.2,99.00,99.00,99.00,999,1012.6,22.6,999.0,21.3,99.0,99.00,
2020,04,30,06,00,157,12.9,14.9,99.00,99.00,99.00,999,1011.0,22.6,999.0,21.5,99.0,99.00,
2020,04,30,07,00,159,12.4,13.8,99.00,99.00,99.00,999,1009.7,22.6,999.0,21.9,99.0,99.00,
2020,04,30,08,00,205,14.2,16.8,99.00,99.00,99.00,999,1010.1,20.3,999.0,20.3,99.0,99.00,
2020,04,30,09,00,180,10.2,11.5,99.00,99.00,99.00,999,1008.8,22.4,999.0,21.6,99.0,99.00,
2020,04,30,10,00,169,10.3,12.0,99.00,99.00,99.00,999,1008.5,22.0,999.0,22.0,99.0,99.00,
2020,04,30,11,00,183,8.9,10.1,99.00,99.00,99.00,999,1008.3,21.4,999.0,21.4,99.0,99.00,
2020,04,30,12,00,218,7.4,9.0,99.00,99.00,99.00,999,1008.7,20.9,999.0,20.9,99.0,99.00,
2020,04,30,13,00,312,3.1,4.9,99.00,99.00,99.00,999,1009.2,18.4,999.0,18.4,99.0,99.00,
2020,04,30,14,00,184,2.0,2.6,99.00,99.00,99.00,999,1009.0,18.1,999.0,18.1,99.0,99.00,
2020,04,30,15,00,238,5.4,7.4,99.00,99.00,99.00,999,1009.7,19.1,999.0,19.1,99.0,99.00,
2020,04,30,16,00,250,2.9,4.4,99.00,99.00,99.00,999,1009.9,19.8,999.0,19.1,99.0,99.00,
2020,04,30,17,00,252,5.3,7.9,99.00,99.00,99.00,999,1009.3,20.3,999.0,17.0,99.0,99.00,
2020,04,30,18,00,269,3.9,4.8,99.00,99.00,99.00,999,1009.2,21.1,999.0,15.9,99.0,99.00,
2020,04,30,19,00,262,3.4,6.0,99.00,99.00,99.00,999,1008.5,22.9,999.0,15.7,99.0,99.00,
2020,04,30,20,00,216,5.7,8.3,99.00,99.00,99.00,999,1008.0,21.5,999.0,17.1,99.0,99.00,
2020,04,30,21,00,208,9.2,10.3,99.00,99.00,99.00,999,1007.8,21.1,999.0,17.9,99.0,99.00,
2020,04,30,22,00,241,6.1,9.1,99.00,99.00,99.00,999,1007.4,23.2,999.0,13.0,99.0,99.00,
2020,04,30,23,00,255,3.3,4.7,99.00,99.00,99.00,999,1007.7,22.4,999.0,13.9,99.0,99.00,
2020,05,01,00,00,279,3.7,5.1,99.00,99.00,99.00,999,1009.0,21.1,999.0,13.3,99.0,99.00,
2020,05,01,01,00,265,4.1,6.3,99.00,99.00,99.00,999,1010.6,18.9,999.0,12.5,99.0,99.00,
2020,05,01,02,00,277,4.1,6.5,99.00,99.00,99.00,999,1011.1,17.2,999.0,11.6,99.0,99.00,
2020,05,01,03,00,273,2.8,4.4,99.00,99.00,99.00,999,1011.6,16.3,999.0,11.4,99.0,99.00,
2020,05,01,04,00,266,4.7,7.5,99.00,99.00,99.00,999,1011.9,15.8,999.0,11.4,99.0,99.00,
2020,05,01,05,00,260,4.1,5.8,99.00,99.00,99.00,999,1012.1,15.5,999.0,11.0,99.0,99.00,
2020,05,01,06,00,258,5.5,6.9,99.00,99.00,99.00,999,1012.0,15.5,999.0,10.6,99.0,99.00,
2020,05,01,07,00,259,5.2,7.5,99.00,99.00,99.00,999,1011.8,15.3,999.0,10.9,99.0,99.00,
2020,05,01,08,00,269,4.5,5.9,99.00,99.00,99.00,999,1012.1,15.0,999.0,11.0,99.0,99.00,
2020,05,01,09,00,262,3.4,5.1,99.00,99.00,99.00,999,1012.3,14.5,999.0,11.2,99.0,99.00,
2020,05,01,10,00,265,2.9,4.4,99.00,99.00,99.00,999,1012.9,14.1,999.0,11.3,99.0,99.00,
2020,05,01,11,00,257,3.5,4.4,99.00,99.00,99.00,999,1013.5,14.0,999.0,11.3,99.0,99.00,
2020,05,01,12,00,275,3.4,5.3,99.00,99.00,99.00,999,1014.0,15.2,999.0,11.4,99.0,99.00,
2020,05,01,13,00,273,4.5,7.8,99.00,99.00,99.00,999,1014.3,16.7,999.0,10.7,99.0,99.00,
2020,05,01,14,00,270,4.4,7.0,99.00,99.00,99.00,999,1014.4,18.4,999.0,9.7,99.0,99.00,
2020,05,01,15,00,284,4.2,7.2,99.00,99.00,99.00,999,1014.3,19.4,999.0,9.2,99.0,99.00,
2020,05,01,16,00,276,7.0,9.8,99.00,99.00,99.00,999,1014.3,19.9,999.0,9.0,99.0,99.00,
2020,05,01,17,00,266,6.4,8.5,99.00,99.00,99.00,999,1014.1,20.4,999.0,9.3,99.0,99.00,
2020,05,01,18,00,294,6.2,9.7,99.00,99.00,99.00,999,1014.1,21.3,999.0,9.3,99.0,99.00,
2020,05,01,19,00,271,5.6,8.1,99.00,99.00,99.00,999,1014.1,21.5,999.0,9.1,99.0,99.00,
2020,05,01,20,00,292,5.8,10.2,99.00,99.00,99.00,999,1013.9,22.4,999.0,9.5,99.0,99.00,
2020,05,01,21,00,322,4.3,7.2,99.00,99.00,99.00,999,1014.2,22.5,999.0,9.3,99.0,99.00,
2020,05,01,22,00,304,3.9,6.9,99.00,99.00,99.00,999,1014.5,22.7,999.0,8.8,99.0,99.00,
2020,05,01,23,00,294,4.7,6.4,99.00,99.00,99.00,999,1015.2,22.1,999.0,8.7,99.0,99.00,
2020,05,02,00,00,291,2.2,3.7,99.00,99.00,99.00,999,1016.3,19.9,999.0,9.3,99.0,99.00,
2020,05,02,01,00,246,1.8,2.2,99.00,99.00,99.00,999,1017.0,18.8,999.0,9.3,99.0,99.00,
2020,05,02,02,00,240,2.2,2.4,99.00,99.00,99.00,999,1017.7,18.4,999.0,9.9,99.0,99.00,
2020,05,02,03,00,252,2.4,2.8,99.00,99.00,99.00,999,1018.1,18.4,999.0,10.0,99.0,99.00,
2020,05,02,04,00,253,2.2,2.4,99.00,99.00,99.00,999,1018.3,18.1,999.0,11.7,99.0,99.00,
2020,05,02,05,00,276,1.8,1.8,99.00,99.00,99.00,999,1018.5,18.1,999.0,11.3,99.0,99.00,
2020,05,02,06,00,293,1.8,1.9,99.00,99.00,99.00,999,1018.7,17.7,999.0,12.8,99.0,99.00,
2020,05,02,07,00,9,5.0,6.0,99.00,99.00,99.00,999,1018.9,17.7,999.0,13.6,99.0,99.00,
2020,05,02,08,00,37,6.5,7.6,99.00,99.00,99.00,999,1019.2,18.2,999.0,12.0,99.0,99.00,
2020,05,02,09,00,37,6.4,7.3,99.00,99.00,99.00,999,1019.7,17.7,999.0,11.8,99.0,99.00,
2020,05,02,10,00,35,5.6,6.5,99.00,99.00,99.00,999,1020.2,17.6,999.0,11.7,99.0,99.00,
2020,05,02,11,00,41,5.6,6.5,99.00,99.00,99.00,999,1021.0,17.9,999.0,12.6,99.0,99.00,
2020,05,02,12,00,32,5.5,6.6,99.00,99.00,99.00,999,1021.8,17.6,999.0,13.6,99.0,99.00,
2020,05,02,13,00,35,5.5,6.2,99.00,99.00,99.00,999,1022.7,17.9,999.0,13.3,99.0,99.00,
2020,05,02,14,00,52,5.7,6.2,99.00,99.00,99.00,999,1023.0,18.5,999.0,13.9,99.0,99.00,
2020,05,02,15,00,57,4.8,5.8,99.00,99.00,99.00,999,1023.5,19.0,999.0,13.6,99.0,99.00,
2020,05,02,16,00,67,5.3,5.9,99.00,99.00,99.00,999,1023.7,19.5,999.0,13.0,99.0,99.00,
2020,05,02,17,00,94,5.1,5.8,99.00,99.00,99.00,999,1023.4,19.0,999.0,12.4,99.0,99.00,
2020,05,02,18,00,115,4.9,5.2,99.00,99.00,99.00,999,1022.8,19.0,999.0,12.1,99.0,99.00,
2020,05,02,19,00,134,4.7,5.4,99.00,99.00,99.00,999,1022.2,19.4,999.0,13.4,99.0,99.00,
2020,05,02,20,00,149,4.7,5.4,99.00,99.00,99.00,999,1021.5,19.7,999.0,13.8,99.0,99.00,
2020,05,02,21,00,166,4.9,5.5,99.00,99.00,99.00,999,1021.0,20.1,999.0,14.7,99.0,99.00,
2020,05,02,22,00,192,4.4,5.1,99.00,99.00,99.00,999,1021.0,20.8,999.0,15.3,99.0,99.00,
2020,05,02,23,00,190,4.8,5.8,99.00,99.00,99.00,999,1020.6,20.7,999.0,16.1,99.0,99.00,
2020,05,03,00,00,191,4.3,4.8,99.00,99.00,99.00,999,1020.7,20.5,999.0,16.3,99.0,99.00,
2020,05,03,01,00,184,4.5,4.9,99.00,99.00,99.00,999,1020.7,20.5,999.0,16.9,99.0,99.00,
2020,05,03,02,00,184,4.8,5.4,99.00,99.00,99.00,999,1021.0,20.7,999.0,17.2,99.0,99.00,
2020,05,03,03,00,185,5.7,6.2,99.00,99.00,99.00,999,1021.1,20.9,999.0,17.5,99.0,99.00,
2020,05,03,04,00,189,5.6,6.1,99.00,99.00,99.00,999,1020.9,20.9,999.0,17.8,99.0,99.00,
2020,05,03,05,00,199,4.0,5.0,99.00,99.00,99.00,999,1020.6,20.9,999.0,18.3,99.0,99.00,
2020,05,03,06,00,203,5.5,6.6,99.00,99.00,99.00,999,1019.8,20.9,999.0,19.1,99.0,99.00,
2020,05,03,07,00,213,7.2,8.2,99.00,99.00,99.00,999,1019.2,21.1,999.0,17.3,99.0,99.00,
2020,05,03,08,00,225,5.0,6.2,99.00,99.00,99.00,999,1018.8,20.7,999.0,16.9,99.0,99.00,
2020,05,03,09,00,235,4.0,5.3,99.00,99.00,99.00,999,1019.0,20.5,999.0,17.2,99.0,99.00,
2020,05,03,10,00,233,3.9,4.8,99.00,99.00,99.00,999,1019.2,20.1,999.0,17.9,99.0,99.00,
2020,05,03,11,00,244,2.8,3.6,99.00,99.00,99.00,999,1019.8,20.0,999.0,18.9,99.0,99.00,
2020,05,03,12,00,233,4.0,4.8,99.00,99.00,99.00,999,1020.3,21.0,999.0,18.4,99.0,99.00,
2020,05,03,13,00,236,3.1,4.2,99.00,99.00,99.00,999,1020.5,22.4,999.0,16.6,99.0,99.00,
2020,05,03,14,00,217,6.3,7.6,99.00,99.00,99.00,999,1020.3,22.3,999.0,17.5,99.0,99.00,
2020,05,03,15,00,215,6.5,7.7,99.00,99.00,99.00,999,1019.9,22.5,999.0,18.2,99.0,99.00,
2020,05,03,16,00,212,6.4,7.2,99.00,99.00,99.00,999,1019.4,22.5,999.0,19.1,99.0,99.00,
2020,05,03,17,00,205,6.3,7.1,99.00,99.00,99.00,999,1018.6,22.9,999.0,19.7,99.0,99.00,
2020,05,03,18,00,199,6.2,7.3,99.00,99.00,99.00,999,1017.5,23.3,999.0,20.3,99.0,99.00,
2020,05,03,19,00,202,6.4,8.2,99.00,99.00,99.00,999,1016.9,23.4,999.0,20.6,99.0,99.00,
2020,05,03,20,00,199,6.5,8.1,99.00,99.00,99.00,999,1015.8,23.5,999.0,20.3,99.0,99.00,
2020,05,03,21,00,198,7.8,9.3,99.00,99.00,99.00,999,1015.0,23.1,999.0,20.8,99.0,99.00,
2020,05,03,22,00,211,8.2,9.3,99.00,99.00,99.00,999,1014.8,22.7,999.0,20.5,99.0,99.00,
2020,05,03,23,00,210,8.4,9.8,99.00,99.00,99.00,999,1014.2,22.5,999.0,20.7,99.0,99.00,
2020,05,04,00,00,222,5.7,7.1,99.00,99.00,99.00,999,1014.0,22.3,999.0,20.7,99.0,99.00,
2020,05,04,01,00,217,7.6,8.7,99.00,99.00,99.00,999,1014.1,22.3,999.0,21.1,99.0,99.00,
2020,05,04,02,00,228,7.2,8.9,99.00,99.00,99.00,999,1014.9,22.2,999.0,21.1,99.0,99.00,
2020,05,04,03,00,225,6.0,8.6,99.00,99.00,99.00,999,1014.8,22.0,999.0,21.5,99.0,99.00,
2020,05,04,04,00,231,6.2,7.7,99.00,99.00,99.00,999,1015.0,22.1,999.0,21.1,99.0,99.00,
2020,05,04,05,00,231,6.3,8.0,99.00,99.00,99.00,999,1014.0,22.0,999.0,21.2,99.0,99.00,
2020,05,04,06,00,231,5.4,6.5,99.00,99.00,99.00,999,1013.4,21.8,999.0,21.0,99.0,99.00,
2020,05,04,07,00,229,6.2,8.1,99.00,99.00,99.00,999,1012.4,21.7,999.0,20.9,99.0,99.00,
2020,05,04,08,00,230,5.3,6.6,99.00,99.00,99.00,999,1012.4,21.7,999.0,21.3,99.0,99.00,
2020,05,04,09,00,238,3.9,5.6,99.00,99.00,99.00,999,1012.9,21.6,999.0,21.3,99.0,99.00,
2020,05,04,10,00,247,4.3,6.6,99.00,99.00,99.00,999,1013.4,21.5,999.0,17.5,99.0,99.00,
2020,05,04,11,00,253,4.6,6.6,99.00,99.00,99.00,999,1013.9,21.0,999.0,17.1,99.0,99.00,
2020,05,04,12,00,257,4.8,5.9,99.00,99.00,99.00,999,1014.0,21.9,999.0,16.6,99.0,99.00,
2020,05,04,13,00,266,4.2,6.0,99.00,99.00,99.00,999,1014.4,23.2,999.0,16.7,99.0,99.00,
2020,05,04,14,00,282,5.0,7.2,99.00,99.00,99.00,999,1014.5,24.5,999.0,16.6,99.0,99.00,
2020,05,04,15,00,299,4.5,6.5,99.00,99.00,99.00,999,1014.6,26.1,999.0,17.3,99.0,99.00,
2020,05,04,16,00,318,3.4,5.3,99.00,99.00,99.00,999,1014.5,28.1,999.0,17.7,99.0,99.00,
2020,05,04,17,00,285,4.3,5.9,99.00,99.00,99.00,999,1013.7,29.8,999.0,17.6,99.0,99.00,
2020,05,04,18,00,317,2.8,4.3,99.00,99.00,99.00,999,1013.1,30.7,999.0,18.4,99.0,99.00,
2020,05,04,19,00,292,3.2,5.3,99.00,99.00,99.00,999,1012.5,31.1,999.0,17.9,99.0,99.00,
2020,05,04,20,00,205,5.9,7.5,99.00,99.00,99.00,999,1011.8,27.0,999.0,21.6,99.0,99.00,
2020,05,04,21,00,213,7.8,8.5,99.00,99.00,99.00,999,1011.3,25.6,999.0,21.7,99.0,99.00,
2020,05,04,22,00,219,7.6,8.7,99.00,99.00,99.00,999,1011.7,24.8,999.0,21.8,99.0,99.00,
2020,05,04,23,00,225,5.4,6.6,99.00,99.00,99.00,999,1012.1,24.1,999.0,22.2,99.0,99.00,
2020,05,05,00,00,231,4.6,6.4,99.00,99.00,99.00,999,1013.0,23.3,999.0,22.2,99.0,99.00,
2020,05,05,01,00,233,4.7,6.3,99.00,99.00,99.00,999,1013.4,23.3,999.0,22.0,99.0,99.00,
2020,05,05,02,00,229,3.2,4.2,99.00,99.00,99.00,999,1014.1,23.0,999.0,22.4,99.0,99.00,
2020,05,05,03,00,225,3.8,4.9,99.00,99.00,99.00,999,1013.9,22.8,999.0,22.8,99.0,99.00,
2020,05,05,04,00,213,5.1,5.7,99.00,99.00,99.00,999,1013.2,22.7,999.0,22.7,99.0,99.00,
2020,05,05,05,00,229,4.3,5.1,99.00,99.00,99.00,999,1013.4,22.8,999.0,21.3,99.0,99.00,
2020,05,05,06,00,216,6.0,6.8,99.00,99.00,99.00,999,1012.5,22.7,999.0,22.3,99.0,99.00,
2020,05,05,07,00,224,4.8,6.2,99.00,99.00,99.00,999,1011.8,22.5,999.0,22.5,99.0,99.00,
2020,05,05,08,00,235,3.3,5.3,99.00,99.00,99.00,999,1012.3,22.2,999.0,22.2,99.0,99.00,
2020,05,05,09,00,227,4.0,5.1,99.00,99.00,99.00,999,1012.0,22.3,999.0,22.3,99.0,99.00,
2020,05,05,10,00,232,3.2,4.1,99.00,99.00,99.00,999,1011.9,22.2,999.0,22.2,99.0,99.00,
2020,05,05,11,00,247,2.9,4.2,99.00,99.00,99.00,999,1012.6,22.2,999.0,22.2,99.0,99.00,
2020,05,05,12,00,244,3.2,4.4,99.00,99.00,99.00,999,1012.7,22.7,999.0,20.3,99.0,99.00,
2020,05,05,13,00,217,4.8,5.9,99.00,99.00,99.00,999,1012.2,23.7,999.0,19.9,99.0,99.00,
2020,05,05,14,00,216,5.9,6.9,99.00,99.00,99.00,999,1012.1,23.4,999.0,21.2,99.0,99.00,
2020,05,05,15,00,215,5.8,7.4,99.00,99.00,99.00,999,1012.8,24.2,999.0,21.3,99.0,99.00,
2020,05,05,16,00,211,5.7,6.4,99.00,99.00,99.00,999,1012.7,24.2,999.0,22.3,99.0,99.00,
2020,05,05,17,00,202,6.2,7.7,99.00,99.00,99.00,999,1011.7,25.0,999.0,22.5,99.0,99.00,
2020,05,05,18,00,199,7.5,9.1,99.00,99.00,99.00,999,1011.3,24.5,999.0,22.8,99.0,99.00,
2020,05,05,19,00,200,7.4,8.7,99.00,99.00,99.00,999,1011.2,24.2,999.0,23.0,99.0,99.00,
2020,05,05,20,00,207,8.6,10.1,99.00,99.00,99.00,999,1010.7,24.1,999.0,22.9,99.0,99.00,
2020,05,05,21,00,209,9.4,10.8,99.00,99.00,99.00,999,1010.4,23.8,999.0,23.1,99.0,99.00,
2020,05,05,22,00,208,8.9,9.8,99.00,99.00,99.00,999,1010.0,23.5,999.0,23.2,99.0,99.00,
2020,05,05,23,00,210,8.9,10.2,99.00,99.00,99.00,999,1009.6,23.2,999.0,23.2,99.0,99.00,
2020,05,06,00,00,217,7.9,9.3,99.00,99.00,99.00,999,1009.7,23.0,999.0,23.0,99.0,99.00,
2020,05,06,01,00,217,8.8,10.0,99.00,99.00,99.00,999,1010.0,23.0,999.0,23.0,99.0,99.00,
2020,05,06,02,00,236,4.2,6.5,99.00,99.00,99.00,999,1011.4,23.0,999.0,23.0,99.0,99.00,
2020,05,06,03,00,230,4.6,6.0,99.00,99.00,99.00,999,1011.4,22.9,999.0,22.9,99.0,99.00,
2020,05,06,04,00,215,4.9,5.5,99.00,99.00,99.00,999,1010.9,22.9,999.0,22.9,99.0,99.00,
2020,05,06,05,00,228,3.3,4.1,99.00,99.00,99.00,999,1010.6,22.8,999.0,22.8,99.0,99.00,
2020,05,06,06,00,231,4.3,5.4,99.00,99.00,99.00,999,1009.8,22.9,999.0,22.9,99.0,99.00,
2020,05,06,07,00,228,5.8,7.9,99.00,99.00,99.00,999,1009.1,23.1,999.0,23.1,99.0,99.00,
2020,05,06,08,00,234,4.4,5.9,99.00,99.00,99.00,999,1009.2,23.0,999.0,22.7,99.0,99.00,
2020,05,06,09,00,237,4.8,6.0,99.00,99.00,99.00,999,1009.4,22.6,999.0,22.0,99.0,99.00,
2020,05,06,10,00,255,3.7,5.8,99.00,99.00,99.00,999,1009.5,22.2,999.0,22.1,99.0,99.00,
2020,05,06,11,00,271,4.1,6.6,99.00,99.00,99.00,999,1010.1,22.4,999.0,21.3,99.0,99.00,
2020,05,06,12,00,283,3.2,6.2,99.00,99.00,99.00,999,1010.7,22.8,999.0,20.8,99.0,99.00,
2020,05,06,13,00,296,5.3,7.0,99.00,99.00,99.00,999,1010.8,23.1,999.0,19.2,99.0,99.00,
2020,05,06,14,00,295,5.5,7.2,99.00,99.00,99.00,999,1010.9,22.9,999.0,18.3,99.0,99.00,
2020,05,06,15,00,306,3.8,5.5,99.00,99.00,99.00,999,1011.3,22.2,999.0,17.4,99.0,99.00,
2020,05,06,16,00,307,3.4,5.9,99.00,99.00,99.00,999,1011.0,22.8,999.0,17.2,99.0,99.00,
2020,05,06,17,00,279,4.2,6.1,99.00,99.00,99.00,999,1010.5,23.1,999.0,16.9,99.0,99.00,
2020,05,06,18,00,250,2.9,4.7,99.00,99.00,99.00,999,1009.9,23.4,999.0,15.3,99.0,99.00,
2020,05,06,19,00,251,4.1,6.0,99.00,99.00,99.00,999,1009.6,23.7,999.0,13.4,99.0,99.00,
2020,05,06,20,00,272,5.1,7.9,99.00,99.00,99.00,999,1009.0,24.6,999.0,9.6,99.0,99.00,
2020,05,06,21,00,287,3.9,6.3,99.00,99.00,99.00,999,1008.5,25.3,999.0,10.9,99.0,99.00,
2020,05,06,22,00,290,4.9,8.0,99.00,99.00,99.00,999,1008.7,24.9,999.0,8.4,99.0,99.00,
2020,05,06,23,00,270,3.6,6.1,99.00,99.00,99.00,999,1008.7,24.5,999.0,9.7,99.0,99.00,
2020,05,07,00,00,257,2.7,3.6,99.00,99.00,99.00,999,1008.9,23.6,999.0,11.8,99.0,99.00,
2020,05,07,01,00,287,3.0,4.8,99.00,99.00,99.00,999,1009.7,23.4,999.0,11.9,99.0,99.00,
2020,05,07,02,00,347,10.6,14.5,99.00,99.00,99.00,999,1011.8,19.6,999.0,12.1,99.0,99.00,
2020,05,07,03,00,337,6.7,9.6,99.00,99.00,99.00,999,1013.3,17.3,999.0,10.2,99.0,99.00,
2020,05,07,04,00,338,8.2,10.1,99.00,99.00,99.00,999,1013.7,16.3,999.0,9.6,99.0,99.00,
2020,05,07,05,00,333,4.9,6.8,99.00,99.00,99.00,999,1014.4,15.4,999.0,9.9,99.0,99.00,
2020,05,07,06,00,340,5.4,6.9,99.00,99.00,99.00,999,1014.3,14.9,999.0,10.3,99.0,99.00,
2020,05,07,07,00,352,10.1,12.1,99.00,99.00,99.00,999,1014.3,14.5,999.0,8.4,99.0,99.00,
2020,05,07,08,00,354,10.2,13.1,99.00,99.00,99.00,999,1015.3,13.3,999.0,6.6,99.0,99.00,
2020,05,07,09,00,351,6.2,8.2,99.00,99.00,99.00,999,1015.6,13.0,999.0,5.6,99.0,99.00,
2020,05,07,10,00,348,6.1,8.4,99.00,99.00,99.00,999,1016.5,12.3,999.0,5.1,99.0,99.00,
2020,05,07,11,00,314,3.2,5.5,99.00,99.00,99.00,999,1017.4,11.7,999.0,5.6,99.0,99.00,
2020,05,07,12,00,319,3.6,5.9,99.00,99.00,99.00,999,1018.1,12.2,999.0,5.6,99.0,99.00,
2020,05,07,13,00,321,4.6,6.6,99.00,99.00,99.00,999,1018.5,13.2,999.0,5.7,99.0,99.00,
2020,05,07,14,00,349,6.9,8.5,99.00,99.00,99.00,999,1018.6,14.6,999.0,5.8,99.0,99.00,
2020,05,07,15,00,337,5.7,8.3,99.00,99.00,99.00,999,1018.8,15.7,999.0,5.2,99.0,99.00,
2020,05,07,16,00,351,5.5,7.6,99.00,99.00,99.00,999,1019.1,16.8,999.0,3.1,99.0,99.00,
2020,05,07,17,00,310,4.0,5.8,99.00,99.00,99.00,999,1018.6,17.6,999.0,2.4,99.0,99.00,
2020,05,07,18,00,312,3.8,6.1,99.00,99.00,99.00,999,1018.4,18.6,999.0,3.0,99.0,99.00,
2020,05,07,19,00,329,3.0,4.3,99.00,99.00,99.00,999,1018.1,19.4,999.0,1.0,99.0,99.00,
2020,05,07,20,00,281,4.8,6.8,99.00,99.00,99.00,999,1017.6,20.0,999.0,-0.6,99.0,99.00,
2020,05,07,21,00,315,1.9,3.1,99.00,99.00,99.00,999,1017.5,20.5,999.0,2.4,99.0,99.00,
2020,05,07,22,00,290,4.1,6.2,99.00,99.00,99.00,999,1017.6,20.4,999.0,1.7,99.0,99.00,
2020,05,07,23,00,300,3.6,4.9,99.00,99.00,99.00,999,1017.8,19.9,999.0,1.3,99.0,99.00,
2020,05,08,00,00,303,2.8,3.9,99.00,99.00,99.00,999,1018.2,19.1,999.0,2.2,99.0,99.00,
2020,05,08,01,00,292,2.0,2.6,99.00,99.00,99.00,999,1019.1,18.6,999.0,4.6,99.0,99.00,
2020,05,08,02,00,273,0.9,1.2,99.00,99.00,99.00,999,1019.6,18.5,999.0,4.9,99.0,99.00,
2020,05,08,03,00,264,1.5,1.7,99.00,99.00,99.00,999,1019.8,18.2,999.0,7.0,99.0,99.00,
2020,05,08,04,00,265,2.1,2.4,99.00,99.00,99.00,999,1019.8,17.4,999.0,6.5,99.0,99.00,
2020,05,08,05,00,260,2.0,2.2,99.00,99.00,99.00,999,1019.4,16.7,999.0,10.0,99.0,99.00,
2020,05,08,06,00,268,1.8,2.1,99.00,99.00,99.00,999,1019.0,16.0,999.0,11.4,99.0,99.00,
2020,05,08,07,00,265,2.2,2.3,99.00,99.00,99.00,999,1018.5,15.1,999.0,11.0,99.0,99.00,
2020,05,08,08,00,273,2.0,2.3,99.00,99.00,99.00,999,1019.1,15.1,999.0,6.8,99.0,99.00,
2020,05,08,09,00,288,1.8,1.9,99.00,99.00,99.00,999,1018.9,15.2,999.0,5.2,99.0,99.00,
2020,05,08,10,00,289,0.6,0.7,99.00,99.00,99.00,999,1018.7,16.9,999.0,0.7,99.0,99.00,
2020,05,08,11,00,282,1.4,1.5,99.00,99.00,99.00,999,1018.9,14.4,999.0,999.0,99.0,99.00,
2020,05,08,12,00,256,1.3,2.3,99.00,99.00,99.00,999,1019.1,17.5,999.0,7.3,99.0,99.00,
2020,05,08,13,00,247,2.7,3.7,99.00,99.00,99.00,999,1018.5,18.6,999.0,10.6,99.0,99.00,
2020,05,08,14,00,233,3.8,5.9,99.00,99.00,99.00,999,1018.6,20.2,999.0,9.8,99.0,99.00,
2020,05,08,15,00,220,6.9,8.3,99.00,99.00,99.00,999,1018.2,20.5,999.0,8.9,99.0,99.00,
2020,05,08,16,00,215,9.6,10.6,99.00,99.00,99.00,999,1017.7,20.3,999.0,12.9,99.0,99.00,
2020,05,08,17,00,216,10.0,11.9,99.00,99.00,99.00,999,1017.5,20.3,999.0,12.8,99.0,99.00,
2020,05,08,18,00,219,10.2,12.1,99.00,99.00,99.00,999,1016.7,20.7,999.0,13.1,99.0,99.00,
2020,05,08,19,00,224,9.2,11.5,99.00,99.00,99.00,999,1016.5,20.6,999.0,13.1,99.0,99.00,
2020,05,08,20,00,218,9.4,11.1,99.00,99.00,99.00,999,1015.6,20.9,999.0,13.6,99.0,99.00,
2020,05,08,21,00,207,9.5,11.5,99.00,99.00,99.00,999,1014.2,20.5,999.0,12.7,99.0,99.00,
2020,05,08,22,00,200,10.0,11.2,99.00,99.00,99.00,999,1013.0,20.6,999.0,14.3,99.0,99.00,
2020,05,08,23,00,195,11.7,13.3,99.00,99.00,99.00,999,1011.9,20.9,999.0,14.6,99.0,99.00,
2020,05,09,00,00,200,10.5,12.5,99.00,99.00,99.00,999,1011.7,21.0,999.0,15.2,99.0,99.00,
2020,05,09,01,00,200,11.1,12.6,99.00,99.00,99.00,999,1011.9,21.2,999.0,16.1,99.0,99.00,
2020,05,09,02,00,202,12.6,15.0,99.00,99.00,99.00,999,1011.7,21.4,999.0,17.0,99.0,99.00,
2020,05,09,03,00,209,12.5,13.8,99.00,99.00,99.00,999,1011.8,21.8,999.0,17.9,99.0,99.00,
2020,05,09,04,00,224,9.2,11.9,99.00,99.00,99.00,999,1012.1,21.7,999.0,18.8,99.0,99.00,
2020,05,09,05,00,245,4.1,5.8,99.00,99.00,99.00,999,1012.3,20.9,999.0,17.2,99.0,99.00,
2020,05,09,06,00,258,6.4,8.6,99.00,99.00,99.00,999,1012.5,20.4,999.0,14.6,99.0,99.00,
2020,05,09,07,00,288,2.9,4.5,99.00,99.00,99.00,999,1013.3,18.9,999.0,14.9,99.0,99.00,
2020,05,09,08,00,310,5.0,8.3,99.00,99.00,99.00,999,1013.9,17.9,999.0,13.2,99.0,99.00,
2020,05,09,09,00,321,4.3,6.4,99.00,99.00,99.00,999,1015.0,16.5,999.0,12.4,99.0,99.00,
2020,05,09,10,00,343,6.7,9.5,99.00,99.00,99.00,999,1015.9,15.5,999.0,11.8,99.0,99.00,
2020,05,09,11,00,352,8.9,12.0,99.00,99.00,99.00,999,1017.5,15.0,999.0,10.7,99.0,99.00,
2020,05,09,12,00,358,7.7,9.9,99.00,99.00,99.00,999,1019.1,13.8,999.0,9.5,99.0,99.00,
2020,05,09,13,00,356,7.3,9.1,99.00,99.00,99.00,999,1020.1,13.4,999.0,4.4,99.0,99.00,
2020,05,09,14,00,4,8.2,9.6,99.00,99.00,99.00,999,1020.9,14.2,999.0,3.7,99.0,99.00,
2020,05,09,15,00,2,6.1,7.8,99.00,99.00,99.00,999,1021.2,14.9,999.0,3.8,99.0,99.00,
2020,05,09,16,00,354,5.7,8.4,99.00,99.00,99.00,999,1021.3,16.1,999.0,2.6,99.0,99.00,
2020,05,09,17,00,348,5.0,7.5,99.00,99.00,99.00,999,1021.4,16.7,999.0,2.5,99.0,99.00,
2020,05,09,18,00,359,4.9,6.5,99.00,99.00,99.00,999,1021.2,17.6,999.0,3.5,99.0,99.00,
2020,05,09,19,00,348,3.2,4.7,99.00,99.00,99.00,999,1021.1,18.8,999.0,2.7,99.0,99.00,
2020,05,09,20,00,339,2.3,2.9,99.00,99.00,99.00,999,1020.6,19.3,999.0,2.3,99.0,99.00,
2020,05,09,21,00,344,2.4,3.7,99.00,99.00,99.00,999,1020.3,19.8,999.0,2.5,99.0,99.00,
2020,05,09,22,00,332,2.7,4.1,99.00,99.00,99.00,999,1020.9,19.6,999.0,2.7,99.0,99.00,
2020,05,09,23,00,136,3.3,3.9,99.00,99.00,99.00,999,1021.3,17.3,999.0,6.6,99.0,99.00,
2020,05,10,00,00,137,3.1,3.9,99.00,99.00,99.00,999,1022.0,17.2,999.0,7.5,99.0,99.00,
2020,05,10,01,00,106,3.0,3.6,99.00,99.00,99.00,999,1022.7,17.1,999.0,7.3,99.0,99.00,
2020,05,10,02,00,119,1.8,2.8,99.00,99.00,99.00,999,1023.6,17.1,999.0,6.8,99.0,99.00,
2020,05,10,03,00,116,3.1,3.4,99.00,99.00,99.00,999,1024.0,17.0,999.0,7.2,99.0,99.00,
2020,05,10,04,00,122,3.3,4.5,99.00,99.00,99.00,999,1024.0,17.1,999.0,7.2,99.0,99.00,
2020,05,10,05,00,123,3.9,4.7,99.00,99.00,99.00,999,1024.2,17.1,999.0,8.2,99.0,99.00,
2020,05,10,06,00,90,3.1,3.7,99.00,99.00,99.00,999,1023.6,17.1,999.0,7.1,99.0,99.00,
2020,05,10,07,00,97,3.9,4.9,99.00,99.00,99.00,999,1023.2,17.1,999.0,7.6,99.0,99.00,
2020,05,10,08,00,98,4.0,5.4,99.00,99.00,99.00,999,1023.6,17.2,999.0,5.9,99.0,99.00,
2020,05,10,09,00,75,3.2,3.7,99.00,99.00,99.00,999,1024.0,17.2,999.0,5.8,99.0,99.00,
2020,05,10,10,00,99,2.8,3.7,99.00,99.00,99.00,999,1024.2,17.5,999.0,5.8,99.0,99.00,
2020,05,10,11,00,97,4.0,4.9,99.00,99.00,99.00,999,1024.8,17.7,999.0,5.4,99.0,99.00,
2020,05,10,12,00,73,5.0,5.7,99.00,99.00,99.00,999,1025.1,17.8,999.0,5.2,99.0,99.00,
2020,05,10,13,00,95,3.4,4.1,99.00,99.00,99.00,999,1025.2,18.0,999.0,6.1,99.0,99.00,
2020,05,10,14,00,109,4.7,6.3,99.00,99.00,99.00,999,1025.5,18.1,999.0,6.9,99.0,99.00,
2020,05,10,15,00,93,4.7,5.9,99.00,99.00,99.00,999,1025.4,18.4,999.0,6.3,99.0,99.00,
2020,05,10,16,00,82,4.5,5.6,99.00,99.00,99.00,999,1025.1,19.0,999.0,7.4,99.0,99.00,
2020,05,10,17,00,75,4.2,4.7,99.00,99.00,99.00,999,1024.5,19.3,999.0,7.4,99.0,99.00,
2020,05,10,18,00,86,3.9,4.6,99.00,99.00,99.00,999,1024.1,19.5,999.0,8.1,99.0,99.00,
2020,05,10,19,00,86,3.4,4.9,99.00,99.00,99.00,999,1023.5,19.5,999.0,10.0,99.0,99.00,
2020,05,10,20,00,86,4.5,5.8,99.00,99.00,99.00,999,1022.6,19.4,999.0,10.9,99.0,99.00,
2020,05,10,21,00,80,4.2,4.8,99.00,99.00,99.00,999,1022.1,19.9,999.0,11.6,99.0,99.00,
2020,05,10,22,00,80,4.3,4.8,99.00,99.00,99.00,999,1021.6,19.6,999.0,11.8,99.0,99.00,
2020,05,10,23,00,78,3.3,4.0,99.00,99.00,99.00,999,1021.0,19.4,999.0,12.1,99.0,99.00,
2020,05,11,00,00,87,2.6,3.4,99.00,99.00,99.00,999,1020.8,19.2,999.0,12.6,99.0,99.00,
2020,05,11,01,00,100,2.7,3.5,99.00,99.00,99.00,999,1020.6,19.2,999.0,13.3,99.0,99.00,
2020,05,11,02,00,104,2.7,3.1,99.00,99.00,99.00,999,1020.6,19.4,999.0,14.1,99.0,99.00,
2020,05,11,03,00,141,1.4,1.8,99.00,99.00,99.00,999,1020.6,19.5,999.0,14.5,99.0,99.00,
2020,05,11,04,00,150,2.4,2.7,99.00,99.00,99.00,999,1020.2,19.7,999.0,15.3,99.0,99.00,
2020,05,11,05,00,176,3.2,3.8,99.00,99.00,99.00,999,1019.8,19.8,999.0,15.8,99.0,99.00,
2020,05,11,06,00,190,4.2,5.4,99.00,99.00,99.00,999,1019.3,19.9,999.0,16.6,99.0,99.00,
2020,05,11,07,00,192,5.3,6.0,99.00,99.00,99.00,999,1018.8,20.1,999.0,17.2,99.0,99.00,
2020,05,11,08,00,199,6.6,7.5,99.00,99.00,99.00,999,1018.4,20.2,999.0,17.1,99.0,99.00,
2020,05,11,09,00,214,6.9,7.9,99.00,99.00,99.00,999,1018.5,20.5,999.0,16.8,99.0,99.00,
2020,05,11,10,00,230,4.4,5.7,99.00,99.00,99.00,999,1018.5,20.2,999.0,17.0,99.0,99.00,
2020,05,11,11,00,248,1.8,2.3,99.00,99.00,99.00,999,1019.2,18.7,999.0,17.3,99.0,99.00,
2020,05,11,12,00,282,3.0,5.0,99.00,99.00,99.00,999,1019.8,18.7,999.0,18.0,99.0,99.00,
2020,05,11,13,00,281,3.8,5.2,99.00,99.00,99.00,999,1019.9,18.9,999.0,16.4,99.0,99.00,
2020,05,11,14,00,300,2.7,4.4,99.00,99.00,99.00,999,1019.8,21.3,999.0,11.8,99.0,99.00,
2020,05,11,15,00,294,5.2,8.0,99.00,99.00,99.00,999,1019.5,22.3,999.0,8.9,99.0,99.00,
2020,05,11,16,00,313,4.2,6.2,99.00,99.00,99.00,999,1019.2,23.2,999.0,8.7,99.0,99.00,
2020,05,11,17,00,290,4.8,6.6,99.00,99.00,99.00,999,1018.7,23.6,999.0,8.2,99.0,99.00,
2020,05,11,18,00,304,5.9,8.6,99.00,99.00,99.00,999,1017.8,24.0,999.0,8.3,99.0,99.00,
2020,05,11,19,00,306,3.2,6.0,99.00,99.00,99.00,999,1017.2,25.0,999.0,8.8,99.0,99.00,
2020,05,11,20,00,280,5.4,7.8,99.00,99.00,99.00,999,1016.5,24.9,999.0,5.4,99.0,99.00,
2020,05,11,21,00,269,5.4,8.3,99.00,99.00,99.00,999,1016.4,24.8,999.0,4.6,99.0,99.00,
2020,05,11,22,00,305,5.0,7.6,99.00,99.00,99.00,999,1016.8,24.2,999.0,4.3,99.0,99.00,
2020,05,11,23,00,305,4.9,7.2,99.00,99.00,99.00,999,1017.6,23.0,999.0,3.5,99.0,99.00,
2020,05,12,00,00,325,3.8,5.0,99.00,99.00,99.00,999,1018.0,21.4,999.0,4.4,99.0,99.00,
2020,05,12,01,00,320,2.2,3.0,99.00,99.00,99.00,999,1018.9,19.2,999.0,6.1,99.0,99.00,
2020,05,12,02,00,320,2.6,4.1,99.00,99.00,99.00,999,1020.0,18.4,999.0,5.8,99.0,99.00,
2020,05,12,03,00,308,2.2,2.7,99.00,99.00,99.00,999,1020.7,17.6,999.0,6.6,99.0,99.00,
2020,05,12,04,00,311,1.8,2.4,99.00,99.00,99.00,999,1021.0,17.4,999.0,7.1,99.0,99.00,
2020,05,12,05,00,334,2.1,2.8,99.00,99.00,99.00,999,1021.1,17.1,999.0,5.8,99.0,99.00,
2020,05,12,06,00,353,2.4,3.0,99.00,99.00,99.00,999,1021.0,16.6,999.0,7.8,99.0,99.00,
2020,05,12,07,00,354,4.9,6.5,99.00,99.00,99.00,999,1021.1,16.6,999.0,5.9,99.0,99.00,
2020,05,12,08,00,17,7.6,9.3,99.00,99.00,99.00,999,1021.4,15.2,999.0,6.1,99.0,99.00,
2020,05,12,09,00,14,8.7,10.9,99.00,99.00,99.00,999,1022.3,13.9,999.0,5.7,99.0,99.00,
2020,05,12,10,00,17,10.1,13.1,99.00,99.00,99.00,999,1023.5,13.3,999.0,4.1,99.0,99.00,
2020,05,12,11,00,27,10.8,12.6,99.00,99.00,99.00,999,1024.8,13.3,999.0,3.9,99.0,99.00,
2020,05,12,12,00,30,10.8,12.6,99.00,99.00,99.00,999,1025.3,13.2,999.0,4.1,99.0,99.00,
2020,05,12,13,00,28,8.8,10.1,99.00,99.00,99.00,999,1025.9,13.5,999.0,3.3,99.0,99.00,
2020,05,12,14,00,29,6.6,8.8,99.00,99.00,99.00,999,1026.5,14.1,999.0,4.5,99.0,99.00,
2020,05,12,15,00,37,5.0,5.7,99.00,99.00,99.00,999,1026.4,14.5,999.0,3.3,99.0,99.00,
2020,05,12,16,00,29,3.4,5.4,99.00,99.00,99.00,999,1026.1,16.1,999.0,2.6,99.0,99.00,
2020,05,12,17,00,61,1.3,2.0,99.00,99.00,99.00,999,1025.8,17.2,999.0,3.0,99.0,99.00,
2020,05,12,18,00,134,3.6,4.5,99.00,99.00,99.00,999,1025.3,16.3,999.0,4.5,99.0,99.00,
2020,05,12,19,00,154,4.8,5.6,99.00,99.00,99.00,999,1025.2,16.8,999.0,6.1,99.0,99.00,
2020,05,12,20,00,172,4.6,6.0,99.00,99.00,99.00,999,1024.4,16.8,999.0,5.8,99.0,99.00,
2020,05,12,21,00,170,5.3,6.1,99.00,99.00,99.00,999,1024.1,16.9,999.0,6.9,99.0,99.00,
2020,05,12,22,00,178,5.5,6.5,99.00,99.00,99.00,999,1024.1,17.4,999.0,8.6,99.0,99.00,
2020,05,12,23,00,198,4.1,5.8,99.00,99.00,99.00,999,1024.1,17.6,999.0,7.6,99.0,99.00,
2020,05,13,00,00,201,4.4,5.5,99.00,99.00,99.00,999,1024.1,17.5,999.0,8.0,99.0,99.00,
2020,05,13,01,00,192,4.5,5.1,99.00,99.00,99.00,999,1024.3,18.0,999.0,8.9,99.0,99.00,
2020,05,13,02,00,198,3.3,4.0,99.00,99.00,99.00,999,1024.6,18.1,999.0,8.9,99.0,99.00,
2020,05,13,03,00,193,3.3,4.0,99.00,99.00,99.00,999,1024.8,18.5,999.0,9.6,99.0,99.00,
2020,05,13,04,00,179,3.4,3.9,99.00,99.00,99.00,999,1024.7,18.8,999.0,10.9,99.0,99.00,
2020,05,13,05,00,165,3.4,3.7,99.00,99.00,99.00,999,1024.9,19.2,999.0,9.8,99.0,99.00,
2020,05,13,06,00,166,2.6,2.9,99.00,99.00,99.00,999,1024.8,19.3,999.0,9.7,99.0,99.00,
2020,05,13,07,00,181,2.7,3.0,99.00,99.00,99.00,999,1024.6,19.2,999.0,10.4,99.0,99.00,
2020,05,13,08,00,278,0.9,1.1,99.00,99.00,99.00,999,1024.8,18.2,999.0,11.1,99.0,99.00,
2020,05,13,09,00,341,1.7,2.1,99.00,99.00,99.00,999,1025.2,16.7,999.0,14.8,99.0,99.00,
2020,05,13,10,00,346,1.6,1.8,99.00,99.00,99.00,999,1025.5,16.4,999.0,15.1,99.0,99.00,
2020,05,13,11,00,347,2.0,2.1,99.00,99.00,99.00,999,1026.4,16.5,999.0,15.8,99.0,99.00,
2020,05,13,12,00,48,3.3,3.6,99.00,99.00,99.00,999,1026.8,19.0,999.0,15.1,99.0,99.00,
2020,05,13,13,00,53,4.3,4.6,99.00,99.00,99.00,999,1027.2,19.7,999.0,15.4,99.0,99.00,
2020,05,13,14,00,73,3.9,4.7,99.00,99.00,99.00,999,1027.7,20.9,999.0,12.1,99.0,99.00,
2020,05,13,15,00,72,4.8,5.7,99.00,99.00,99.00,999,1027.8,21.0,999.0,12.2,99.0,99.00,
2020,05,13,16,00,86,5.7,6.2,99.00,99.00,99.00,999,1027.7,21.1,999.0,11.7,99.0,99.00,
2020,05,13,17,00,94,5.7,6.1,99.00,99.00,99.00,999,1027.5,20.7,999.0,11.8,99.0,99.00,
2020,05,13,18,00,95,6.2,6.8,99.00,99.00,99.00,999,1027.1,20.4,999.0,11.4,99.0,99.00,
2020,05,13,19,00,112,6.8,7.6,99.00,99.00,99.00,999,1026.9,20.5,999.0,11.9,99.0,99.00,
2020,05,13,20,00,115,7.6,8.5,99.00,99.00,99.00,999,1026.3,20.4,999.0,11.8,99.0,99.00,
2020,05,13,21,00,111,7.2,8.0,99.00,99.00,99.00,999,1026.1,20.6,999.0,11.5,99.0,99.00,
2020,05,13,22,00,109,6.7,7.3,99.00,99.00,99.00,999,1026.0,20.7,999.0,11.9,99.0,99.00,
2020,05,13,23,00,111,6.2,6.9,99.00,99.00,99.00,999,1025.8,20.7,999.0,12.7,99.0,99.00,
2020,05,14,00,00,107,5.9,6.5,99.00,99.00,99.00,999,1026.1,20.6,999.0,12.7,99.0,99.00,
2020,05,14,01,00,116,6.2,6.8,99.00,99.00,99.00,999,1026.2,20.7,999.0,12.2,99.0,99.00,
2020,05,14,02,00,105,6.3,6.9,99.00,99.00,99.00,999,1026.6,20.8,999.0,13.0,99.0,99.00,
2020,05,14,03,00,109,5.9,6.3,99.00,99.00,99.00,999,1027.0,20.8,999.0,13.2,99.0,99.00,
2020,05,14,04,00,113,6.2,6.7,99.00,99.00,99.00,999,1027.0,21.0,999.0,12.9,99.0,99.00,
2020,05,14,05,00,119,6.3,6.9,99.00,99.00,99.00,999,1026.7,21.1,999.0,13.4,99.0,99.00,
2020,05,14,06,00,114,5.7,6.3,99.00,99.00,99.00,999,1026.3,21.1,999.0,14.5,99.0,99.00,
2020,05,14,07,00,118,5.5,5.8,99.00,99.00,99.00,999,1025.8,21.1,999.0,14.4,99.0,99.00,
2020,05,14,08,00,119,4.8,5.4,99.00,99.00,99.00,999,1025.6,21.1,999.0,15.4,99.0,99.00,
2020,05,14,09,00,120,4.9,5.5,99.00,99.00,99.00,999,1025.4,21.1,999.0,17.2,99.0,99.00,
2020,05,14,10,00,130,5.0,5.5,99.00,99.00,99.00,999,1025.3,21.1,999.0,17.3,99.0,99.00,
2020,05,14,11,00,127,4.6,5.2,99.00,99.00,99.00,999,1026.0,21.2,999.0,17.5,99.0,99.00,
2020,05,14,12,00,123,4.6,5.3,99.00,99.00,99.00,999,1026.9,21.3,999.0,17.6,99.0,99.00,
2020,05,14,13,00,111,3.6,4.1,99.00,99.00,99.00,999,1027.4,21.6,999.0,17.8,99.0,99.00,
2020,05,14,14,00,86,3.2,3.4,99.00,99.00,99.00,999,1027.8,22.2,999.0,17.8,99.0,99.00,
2020,05,14,15,00,84,3.4,4.1,99.00,99.00,99.00,999,1027.9,23.1,999.0,18.3,99.0,99.00,
2020,05,14,16,00,85,4.1,4.8,99.00,99.00,99.00,999,1027.4,22.9,999.0,18.0,99.0,99.00,
2020,05,14,17,00,92,4.6,5.4,99.00,99.00,99.00,999,1027.1,22.4,999.0,17.7,99.0,99.00,
2020,05,14,18,00,109,4.0,4.6,99.00,99.00,99.00,999,1026.7,22.3,999.0,17.2,99.0,99.00,
2020,05,14,19,00,99,4.2,4.6,99.00,99.00,99.00,999,1026.1,22.4,999.0,17.2,99.0,99.00,
2020,05,14,20,00,101,3.8,4.1,99.00,99.00,99.00,999,1025.4,22.5,999.0,17.3,99.0,99.00,
2020,05,14,21,00,102,4.1,4.7,99.00,99.00,99.00,999,1024.9,22.5,999.0,17.7,99.0,99.00,
2020,05,14,22,00,95,4.2,4.4,99.00,99.00,99.00,999,1024.9,22.3,999.0,17.4,99.0,99.00,
2020,05,14,23,00,90,3.3,3.8,99.00,99.00,99.00,999,1024.7,22.3,999.0,18.1,99.0,99.00,
2020,05,15,00,00,105,3.2,3.8,99.00,99.00,99.00,999,1024.8,21.9,999.0,18.5,99.0,99.00,
2020,05,15,01,00,111,4.3,4.8,99.00,99.00,99.00,999,1024.4,22.0,999.0,18.6,99.0,99.00,
2020,05,15,02,00,111,3.9,4.3,99.00,99.00,99.00,999,1024.4,21.8,999.0,19.0,99.0,99.00,
2020,05,15,03,00,97,3.0,3.2,99.00,99.00,99.00,999,1025.1,21.7,999.0,18.2,99.0,99.00,
2020,05,15,04,00,92,3.0,3.2,99.00,99.00,99.00,999,1024.8,21.7,999.0,18.8,99.0,99.00,
2020,05,15,05,00,85,3.8,4.2,99.00,99.00,99.00,999,1024.2,21.5,999.0,18.8,99.0,99.00,
2020,05,15,06,00,92,4.6,5.0,99.00,99.00,99.00,999,1023.4,21.6,999.0,19.2,99.0,99.00,
2020,05,15,07,00,110,5.1,5.6,99.00,99.00,99.00,999,1022.5,21.6,999.0,20.0,99.0,99.00,
2020,05,15,08,00,122,4.9,5.5,99.00,99.00,99.00,999,1021.8,21.4,999.0,19.9,99.0,99.00,
2020,05,15,09,00,129,4.4,4.8,99.00,99.00,99.00,999,1021.9,21.6,999.0,19.3,99.0,99.00,
2020,05,15,10,00,122,4.2,4.6,99.00,99.00,99.00,999,1021.7,21.4,999.0,19.7,99.0,99.00,
2020,05,15,11,00,106,3.2,3.5,99.00,99.00,99.00,999,1022.2,21.7,999.0,19.8,99.0,99.00,
2020,05,15,12,00,89,2.8,3.1,99.00,99.00,99.00,999,1022.7,21.9,999.0,20.0,99.0,99.00,
2020,05,15,13,00,62,2.6,2.9,99.00,99.00,99.00,999,1023.1,22.5,999.0,20.0,99.0,99.00,
2020,05,15,14,00,63,2.9,3.3,99.00,99.00,99.00,999,1023.3,23.0,999.0,20.2,99.0,99.00,
2020,05,15,15,00,80,2.6,2.9,99.00,99.00,99.00,999,1023.1,23.8,999.0,20.0,99.0,99.00,
2020,05,15,16,00,67,3.0,3.4,99.00,99.00,99.00,999,1022.9,23.7,999.0,19.5,99.0,99.00,
2020,05,15,17,00,69,4.4,4.9,99.00,99.00,99.00,999,1022.4,23.8,999.0,19.9,99.0,99.00,
2020,05,15,18,00,69,3.9,4.3,99.00,99.00,99.00,999,1022.0,24.2,999.0,19.3,99.0,99.00,
2020,05,15,19,00,82,5.8,6.8,99.00,99.00,99.00,999,1021.6,23.8,999.0,19.8,99.0,99.00,
2020,05,15,20,00,68,4.9,5.4,99.00,99.00,99.00,999,1020.8,23.6,999.0,18.9,99.0,99.00,
2020,05,15,21,00,78,5.8,6.3,99.00,99.00,99.00,999,1020.0,23.0,999.0,20.4,99.0,99.00,
2020,05,15,22,00,84,5.0,5.8,99.00,99.00,99.00,999,1019.4,22.8,999.0,21.1,99.0,99.00,
2020,05,15,23,00,90,4.5,5.1,99.00,99.00,99.00,999,1019.4,22.5,999.0,20.6,99.0,99.00,
2020,05,16,00,00,96,4.2,4.6,99.00,99.00,99.00,999,1019.3,22.2,999.0,999.0,99.0,99.00,
2020,05,16,01,00,87,3.3,3.8,99.00,99.00,99.00,999,1019.8,22.3,999.0,999.0,99.0,99.00,
2020,05,16,02,00,66,3.3,3.7,99.00,99.00,99.00,999,1020.1,22.3,999.0,999.0,99.0,99.00,
2020,05,16,03,00,74,3.7,4.2,99.00,99.00,99.00,999,1020.2,22.0,999.0,999.0,99.0,99.00,
2020,05,16,04,00,72,4.5,5.2,99.00,99.00,99.00,999,1019.7,21.9,999.0,999.0,99.0,99.00,
2020,05,16,05,00,92,4.8,5.3,99.00,99.00,99.00,999,1019.1,22.0,999.0,999.0,99.0,99.00,
2020,05,16,06,00,94,5.0,5.5,99.00,99.00,99.00,999,1018.4,22.0,999.0,999.0,99.0,99.00,
2020,05,16,07,00,88,4.4,5.0,99.00,99.00,99.00,999,1017.9,22.2,999.0,999.0,99.0,99.00,
2020,05,16,08,00,76,4.2,4.6,99.00,99.00,99.00,999,1017.6,22.0,999.0,999.0,99.0,99.00,
2020,05,16,09,00,84,4.2,4.5,99.00,99.00,99.00,999,1017.0,21.9,999.0,999.0,99.0,99.00,
2020,05,16,10,00,95,3.1,4.2,99.00,99.00,99.00,999,1017.3,21.9,999.0,999.0,99.0,99.00,
2020,05,16,11,00,62,3.4,4.0,99.00,99.00,99.00,999,1018.2,22.0,999.0,999.0,99.0,99.00,
2020,05,16,12,00,68,3.9,4.4,99.00,99.00,99.00,999,1018.3,22.3,999.0,999.0,99.0,99.00,
2020,05,16,13,00,52,4.6,5.3,99.00,99.00,99.00,999,1018.5,22.8,999.0,999.0,99.0,99.00,
2020,05,16,14,00,50,5.6,6.5,99.00,99.00,99.00,999,1018.5,23.1,999.0,999.0,99.0,99.00,
2020,05,16,15,00,59,5.9,6.5,99.00,99.00,99.00,999,1018.6,23.7,999.0,999.0,99.0,99.00,
2020,05,16,16,00,68,5.0,6.1,99.00,99.00,99.00,999,1018.9,24.2,999.0,999.0,99.0,99.00,
2020,05,16,17,00,70,6.8,7.7,99.00,99.00,99.00,999,1018.0,24.1,999.0,999.0,99.0,99.00,
2020,05,16,18,00,78,7.1,8.1,99.00,99.00,99.00,999,1017.6,24.1,999.0,999.0,99.0,99.00,
2020,05,16,19,00,82,7.5,8.8,99.00,99.00,99.00,999,1017.4,23.6,999.0,999.0,99.0,99.00,
2020,05,16,20,00,62,6.3,7.2,99.00,99.00,99.00,999,1016.9,23.6,999.0,999.0,99.0,99.00,
2020,05,16,21,00,69,6.1,7.0,99.00,99.00,99.00,999,1016.7,23.5,999.0,999.0,99.0,99.00,
2020,05,16,22,00,67,7.4,8.2,99.00,99.00,99.00,999,1016.7,23.1,999.0,999.0,99.0,99.00,
2020,05,16,23,00,57,7.5,8.2,99.00,99.00,99.00,999,1016.6,23.1,999.0,999.0,99.0,99.00,
2020,05,17,00,00,58,6.9,7.4,99.00,99.00,99.00,999,1016.7,23.1,999.0,999.0,99.0,99.00,
2020,05,17,01,00,59,8.4,9.3,99.00,99.00,99.00,999,1016.4,23.0,999.0,999.0,99.0,99.00,
2020,05,17,02,00,54,8.1,8.6,99.00,99.00,99.00,999,1016.9,22.8,999.0,999.0,99.0,99.00,
2020,05,17,03,00,61,7.1,7.5,99.00,99.00,99.00,999,1016.8,22.8,999.0,999.0,99.0,99.00,
2020,05,17,04,00,58,5.9,6.6,99.00,99.00,99.00,999,1016.7,22.6,999.0,999.0,99.0,99.00,
2020,05,17,05,00,47,5.9,6.4,99.00,99.00,99.00,999,1016.5,22.8,999.0,999.0,99.0,99.00,
2020,05,17,06,00,38,6.5,7.7,99.00,99.00,99.00,999,1015.6,22.8,999.0,999.0,99.0,99.00,
2020,05,17,07,00,44,8.0,9.3,99.00,99.00,99.00,999,1015.0,22.8,999.0,999.0,99.0,99.00,
2020,05,17,08,00,42,7.9,8.8,99.00,99.00,99.00,999,1015.1,22.7,999.0,999.0,99.0,99.00,
2020,05,17,09,00,25,6.7,7.6,99.00,99.00,99.00,999,1015.3,22.7,999.0,999.0,99.0,99.00,
2020,05,17,10,00,17,4.8,6.0,99.00,99.00,99.00,999,1014.9,21.7,999.0,999.0,99.0,99.00,
2020,05,17,11,00,34,6.7,7.8,99.00,99.00,99.00,999,1015.1,22.1,999.0,999.0,99.0,99.00,
2020,05,17,12,00,30,7.2,9.3,99.00,99.00,99.00,999,1015.4,22.5,999.0,999.0,99.0,99.00,
2020,05,17,13,00,49,10.2,11.4,99.00,99.00,99.00,999,1015.5,23.0,999.0,999.0,99.0,99.00,
2020,05,17,14,00,46,11.1,12.8,99.00,99.00,99.00,999,1015.4,23.3,999.0,999.0,99.0,99.00,
2020,05,17,15,00,46,10.7,12.4,99.00,99.00,99.00,999,1015.9,23.5,999.0,999.0,99.0,99.00,
2020,05,17,16,00,40,11.8,13.0,99.00,99.00,99.00,999,1016.0,24.2,999.0,999.0,99.0,99.00,
2020,05,17,17,00,53,11.2,12.3,99.00,99.00,99.00,999,1015.5,24.3,999.0,999.0,99.0,99.00,
2020,05,17,18,00,54,10.5,12.3,99.00,99.00,99.00,999,1014.8,24.4,999.0,999.0,99.0,99.00,
2020,05,17,19,00,51,9.5,10.7,99.00,99.00,99.00,999,1014.2,24.3,999.0,999.0,99.0,99.00,
2020,05,17,20,00,53,7.9,9.5,99.00,99.00,99.00,999,1013.7,24.4,999.0,999.0,99.0,99.00,
2020,05,17,21,00,52,9.2,10.7,99.00,99.00,99.00,999,1013.2,24.3,999.0,999.0,99.0,99.00,
2020,05,17,22,00,49,9.5,10.3,99.00,99.00,99.00,999,1013.0,24.3,999.0,999.0,99.0,99.00,
2020,05,17,23,00,45,10.6,11.9,99.00,99.00,99.00,999,1012.7,23.8,999.0,999.0,99.0,99.00,
2020,05,18,00,00,18,6.7,8.9,99.00,99.00,99.00,999,1012.7,24.3,999.0,999.0,99.0,99.00,
2020,05,18,01,00,18,6.9,8.3,99.00,99.00,99.00,999,1012.8,24.1,999.0,999.0,99.0,99.00,
2020,05,18,02,00,353,3.7,5.1,99.00,99.00,99.00,999,1013.5,23.8,999.0,999.0,99.0,99.00,
2020,05,18,03,00,343,3.9,5.0,99.00,99.00,99.00,999,1013.3,23.1,999.0,999.0,99.0,99.00,
2020,05,18,04,00,4,4.8,5.6,99.00,99.00,99.00,999,1013.0,22.5,999.0,999.0,99.0,99.00,
2020,05,18,05,00,340,3.0,3.7,99.00,99.00,99.00,999,1012.5,22.3,999.0,999.0,99.0,99.00,
2020,05,18,06,00,306,1.9,2.8,99.00,99.00,99.00,999,1012.5,22.2,999.0,999.0,99.0,99.00,
2020,05,18,07,00,325,2.2,3.0,99.00,99.00,99.00,999,1011.8,21.9,999.0,999.0,99.0,99.00,
2020,05,18,08,00,346,3.0,4.0,99.00,99.00,99.00,999,1011.1,21.7,999.0,999.0,99.0,99.00,
2020,05,18,09,00,255,2.0,2.6,99.00,99.00,99.00,999,1011.8,21.6,999.0,999.0,99.0,99.00,
2020,05,18,10,00,260,2.9,4.1,99.00,99.00,99.00,999,1012.4,21.4,999.0,999.0,99.0,99.00,
2020,05,18,11,00,277,2.1,3.4,99.00,99.00,99.00,999,1013.4,21.4,999.0,999.0,99.0,99.00,
2020,05,18,12,00,294,2.5,3.9,99.00,99.00,99.00,999,1013.7,22.0,999.0,999.0,99.0,99.00,
2020,05,18,13,00,289,3.0,4.4,99.00,99.00,99.00,999,1013.7,22.4,999.0,999.0,99.0,99.00,
2020,05,18,14,00,296,2.0,2.9,99.00,99.00,99.00,999,1013.1,23.1,999.0,999.0,99.0,99.00,
2020,05,18,15,00,283,1.4,2.1,99.00,99.00,99.00,999,1013.5,24.2,999.0,999.0,99.0,99.00,
2020,05,18,16,00,195,4.3,4.7,99.00,99.00,99.00,999,1014.0,24.3,999.0,999.0,99.0,99.00,
2020,05,18,17,00,183,4.6,4.9,99.00,99.00,99.00,999,1013.2,24.4,999.0,999.0,99.0,99.00,
2020,05,18,18,00,203,6.7,8.0,99.00,99.00,99.00,999,1013.0,25.1,999.0,999.0,99.0,99.00,
2020,05,18,19,00,197,7.5,8.5,99.00,99.00,99.00,999,1012.6,24.5,999.0,999.0,99.0,99.00,
2020,05,18,20,00,192,5.9,6.6,99.00,99.00,99.00,999,1011.9,24.3,999.0,999.0,99.0,99.00,
2020,05,18,21,00,187,4.8,5.4,99.00,99.00,99.00,999,1011.3,24.1,999.0,999.0,99.0,99.00,
2020,05,18,22,00,171,6.2,6.7,99.00,99.00,99.00,999,1011.3,23.6,999.0,999.0,99.0,99.00,
2020,05,18,23,00,152,7.0,7.3,99.00,99.00,99.00,999,1010.8,23.5,999.0,999.0,99.0,99.00,
2020,05,19,00,00,150,6.0,6.5,99.00,99.00,99.00,999,1011.2,23.8,999.0,999.0,99.0,99.00,
2020,05,19,01,00,162,5.5,6.6,99.00,99.00,99.00,999,1011.5,24.1,999.0,999.0,99.0,99.00,
2020,05,19,02,00,159,5.5,6.3,99.00,99.00,99.00,999,1011.5,24.1,999.0,999.0,99.0,99.00,
2020,05,19,03,00,167,5.9,6.8,99.00,99.00,99.00,999,1011.4,24.1,999.0,999.0,99.0,99.00,
2020,05,19,04,00,166,5.9,6.8,99.00,99.00,99.00,999,1011.1,24.1,999.0,999.0,99.0,99.00,
2020,05,19,05,00,190,7.8,8.6,99.00,99.00,99.00,999,1011.3,24.0,999.0,999.0,99.0,99.00,
2020,05,19,06,00,202,6.0,7.2,99.00,99.00,99.00,999,1010.7,24.1,999.0,999.0,99.0,99.00,
2020,05,19,07,00,197,8.2,9.2,99.00,99.00,99.00,999,1009.8,24.1,999.0,999.0,99.0,99.00,
2020,05,19,08,00,219,7.1,7.9,99.00,99.00,99.00,999,1009.4,23.7,999.0,999.0,99.0,99.00,
2020,05,19,09,00,221,5.5,6.9,99.00,99.00,99.00,999,1009.4,23.6,999.0,999.0,99.0,99.00,
2020,05,19,10,00,220,5.6,7.4,99.00,99.00,99.00,999,1009.7,23.3,999.0,999.0,99.0,99.00,
2020,05,19,11,00,225,5.2,7.0,99.00,99.00,99.00,999,1010.4,23.4,999.0,999.0,99.0,99.00,
2020,05,19,12,00,228,4.7,5.8,99.00,99.00,99.00,999,1010.7,23.7,999.0,999.0,99.0,99.00,
2020,05,19,13,00,208,4.8,5.6,99.00,99.00,99.00,999,1010.9,23.7,999.0,999.0,99.0,99.00,
2020,05,19,14,00,201,4.5,5.3,99.00,99.00,99.00,999,1011.2,24.3,999.0,999.0,99.0,99.00,
2020,05,19,15,00,193,5.1,6.0,99.00,99.00,99.00,999,1011.2,24.3,999.0,999.0,99.0,99.00,
2020,05,19,16,00,179,6.5,7.7,99.00,99.00,99.00,999,1011.2,23.9,999.0,999.0,99.0,99.00,
2020,05,19,17,00,174,8.1,8.9,99.00,99.00,99.00,999,1010.8,24.1,999.0,999.0,99.0,99.00,
2020,05,19,18,00,177,7.8,8.4,99.00,99.00,99.00,999,1010.6,24.1,999.0,999.0,99.0,99.00,
2020,05,19,19,00,177,7.8,8.6,99.00,99.00,99.00,999,1010.2,23.9,999.0,999.0,99.0,99.00,
2020,05,19,20,00,178,7.9,9.0,99.00,99.00,99.00,999,1010.1,23.8,999.0,999.0,99.0,99.00,
2020,05,19,21,00,187,7.2,8.0,99.00,99.00,99.00,999,1009.9,23.9,999.0,999.0,99.0,99.00,
2020,05,19,22,00,176,6.3,7.3,99.00,99.00,99.00,999,1009.8,23.7,999.0,999.0,99.0,99.00,
2020,05,19,23,00,163,5.8,6.4,99.00,99.00,99.00,999,1009.5,24.0,999.0,999.0,99.0,99.00,
2020,05,20,00,00,166,5.9,6.3,99.00,99.00,99.00,999,1010.3,23.9,999.0,999.0,99.0,99.00,
2020,05,20,01,00,163,5.1,5.8,99.00,99.00,99.00,999,1011.1,23.9,999.0,999.0,99.0,99.00,
2020,05,20,02,00,159,4.2,4.8,99.00,99.00,99.00,999,1011.5,23.9,999.0,999.0,99.0,99.00,
2020,05,20,03,00,175,3.2,3.6,99.00,99.00,99.00,999,1012.0,23.9,999.0,999.0,99.0,99.00,
2020,05,20,04,00,171,2.1,2.3,99.00,99.00,99.00,999,1011.8,24.0,999.0,999.0,99.0,99.00,
2020,05,20,05,00,213,2.3,2.7,99.00,99.00,99.00,999,1011.8,23.8,999.0,999.0,99.0,99.00,
2020,05,20,06,00,198,1.9,2.5,99.00,99.00,99.00,999,1011.3,24.0,999.0,999.0,99.0,99.00,
2020,05,20,07,00,113,1.8,1.9,99.00,99.00,99.00,999,1010.6,23.9,999.0,999.0,99.0,99.00,
2020,05,20,08,00,90,3.4,3.7,99.00,99.00,99.00,999,1010.9,23.6,999.0,999.0,99.0,99.00,
2020,05,20,09,00,75,3.8,4.1,99.00,99.00,99.00,999,1010.7,23.7,999.0,999.0,99.0,99.00,
2020,05,20,10,00,65,4.9,5.4,99.00,99.00,99.00,999,1011.0,23.6,999.0,999.0,99.0,99.00,
2020,05,20,11,00,73,7.1,7.9,99.00,99.00,99.00,999,1011.2,23.1,999.0,999.0,99.0,99.00,
2020,05,20,12,00,68,8.8,9.7,99.00,99.00,99.00,999,1012.0,23.2,999.0,999.0,99.0,99.00,
2020,05,20,13,00,72,9.3,10.3,99.00,99.00,99.00,999,1012.2,23.5,999.0,999.0,99.0,99.00,
2020,05,20,14,00,71,9.1,10.0,99.00,99.00,99.00,999,1012.6,23.4,999.0,999.0,99.0,99.00,
2020,05,20,15,00,70,10.0,11.3,99.00,99.00,99.00,999,1012.2,23.0,999.0,999.0,99.0,99.00,
2020,05,20,16,00,86,9.6,10.8,99.00,99.00,99.00,999,1013.1,23.0,999.0,999.0,99.0,99.00,
2020,05,20,17,00,351,2.5,3.1,99.00,99.00,99.00,999,1013.8,21.0,999.0,999.0,99.0,99.00,
2020,05,20,18,00,347,5.6,7.4,99.00,99.00,99.00,999,1014.0,20.2,999.0,999.0,99.0,99.00,
2020,05,20,19,00,29,5.0,5.8,99.00,99.00,99.00,999,1013.7,21.0,999.0,999.0,99.0,99.00,
2020,05,20,20,00,61,5.8,6.3,99.00,99.00,99.00,999,1012.8,22.4,999.0,999.0,99.0,99.00,
2020,05,20,21,00,44,3.4,3.6,99.00,99.00,99.00,999,1012.7,22.3,999.0,999.0,99.0,99.00,
2020,05,20,22,00,54,3.6,4.1,99.00,99.00,99.00,999,1012.8,22.8,999.0,999.0,99.0,99.00,
2020,05,20,23,00,56,4.1,4.6,99.00,99.00,99.00,999,1012.8,22.9,999.0,999.0,99.0,99.00,
2020,05,21,00,00,54,3.9,4.1,99.00,99.00,99.00,999,1013.1,22.8,999.0,999.0,99.0,99.00,
2020,05,21,01,00,74,3.8,4.3,99.00,99.00,99.00,999,1013.0,22.9,999.0,999.0,99.0,99.00,
2020,05,21,02,00,95,3.4,3.7,99.00,99.00,99.00,999,1013.9,23.2,999.0,999.0,99.0,99.00,
2020,05,21,03,00,135,3.8,4.1,99.00,99.00,99.00,999,1014.0,23.3,999.0,999.0,99.0,99.00,
2020,05,21,04,00,264,1.8,2.4,99.00,99.00,99.00,999,1014.7,23.0,999.0,999.0,99.0,99.00,
2020,05,21,05,00,359,1.5,1.8,99.00,99.00,99.00,999,1014.7,22.5,999.0,999.0,99.0,99.00,
2020,05,21,06,00,90,1.5,1.9,99.00,99.00,99.00,999,1014.2,23.0,999.0,999.0,99.0,99.00,
2020,05,21,07,00,149,2.3,2.5,99.00,99.00,99.00,999,1013.7,23.3,999.0,999.0,99.0,99.00,
2020,05,21,08,00,116,2.3,2.5,99.00,99.00,99.00,999,1013.6,23.1,999.0,999.0,99.0,99.00,
2020,05,21,09,00,94,4.6,4.8,99.00,99.00,99.00,999,1013.2,23.2,999.0,999.0,99.0,99.00,
2020,05,21,10,00,124,4.2,4.6,99.00,99.00,99.00,999,1013.8,23.3,999.0,999.0,99.0,99.00,
2020,05,21,11,00,160,3.5,3.9,99.00,99.00,99.00,999,1014.2,23.7,999.0,999.0,99.0,99.00,
2020,05,21,12,00,196,3.0,3.6,99.00,99.00,99.00,999,1014.8,23.8,999.0,999.0,99.0,99.00,
2020,05,21,13,00,216,2.0,2.6,99.00,99.00,99.00,999,1015.5,24.5,999.0,999.0,99.0,99.00,
2020,05,21,14,00,251,2.3,3.2,99.00,99.00,99.00,999,1016.5,25.4,999.0,999.0,99.0,99.00,
2020,05,21,15,00,158,3.5,4.1,99.00,99.00,99.00,999,1017.1,24.5,999.0,999.0,99.0,99.00,
2020,05,21,16,00,180,4.7,5.5,99.00,99.00,99.00,999,1016.9,24.3,999.0,999.0,99.0,99.00,
2020,05,21,17,00,185,5.0,5.4,99.00,99.00,99.00,999,1016.3,25.1,999.0,999.0,99.0,99.00,
2020,05,21,18,00,183,5.3,5.9,99.00,99.00,99.00,999,1016.5,24.9,999.0,999.0,99.0,99.00,
2020,05,21,19,00,168,7.2,7.9,99.00,99.00,99.00,999,1017.0,24.4,999.0,999.0,99.0,99.00,
2020,05,21,20,00,183,9.2,10.0,99.00,99.00,99.00,999,1016.4,24.4,999.0,999.0,99.0,99.00,
2020,05,21,21,00,187,7.2,7.8,99.00,99.00,99.00,999,1016.6,24.7,999.0,999.0,99.0,99.00,
2020,05,21,22,00,184,6.0,6.6,99.00,99.00,99.00,999,1016.7,24.7,999.0,999.0,99.0,99.00,
2020,05,21,23,00,185,6.9,7.5,99.00,99.00,99.00,999,1017.0,24.2,999.0,999.0,99.0,99.00,
2020,05,22,00,00,198,5.6,6.8,99.00,99.00,99.00,999,1017.3,24.0,999.0,999.0,99.0,99.00,
2020,05,22,01,00,201,6.8,7.6,99.00,99.00,99.00,999,1017.6,23.9,999.0,999.0,99.0,99.00,
2020,05,22,02,00,208,7.1,7.8,99.00,99.00,99.00,999,1018.2,23.8,999.0,999.0,99.0,99.00,
2020,05,22,03,00,236,2.5,3.1,99.00,99.00,99.00,999,1018.3,23.0,999.0,999.0,99.0,99.00,
2020,05,22,04,00,224,3.6,5.5,99.00,99.00,99.00,999,1018.8,22.9,999.0,999.0,99.0,99.00,
2020,05,22,05,00,228,5.4,7.3,99.00,99.00,99.00,999,1019.0,23.4,999.0,999.0,99.0,99.00,
2020,05,22,06,00,236,3.8,5.4,99.00,99.00,99.00,999,1018.6,23.0,999.0,999.0,99.0,99.00,
2020,05,22,07,00,257,2.5,3.4,99.00,99.00,99.00,999,1018.1,22.8,999.0,999.0,99.0,99.00,
2020,05,22,08,00,235,4.2,6.6,99.00,99.00,99.00,999,1018.1,23.4,999.0,999.0,99.0,99.00,
2020,05,22,09,00,244,2.4,2.8,99.00,99.00,99.00,999,1017.6,23.1,999.0,999.0,99.0,99.00,
2020,05,22,10,00,242,2.0,2.4,99.00,99.00,99.00,999,1018.2,23.3,999.0,999.0,99.0,99.00,
2020,05,22,11,00,332,0.8,1.0,99.00,99.00,99.00,999,1018.8,22.6,999.0,999.0,99.0,99.00,
2020,05,22,12,00,357,2.2,2.8,99.00,99.00,99.00,999,1019.2,23.4,999.0,999.0,99.0,99.00,
2020,05,22,13,00,38,4.3,4.7,99.00,99.00,99.00,999,1019.4,23.0,999.0,999.0,99.0,99.00,
2020,05,22,14,00,43,3.4,4.3,99.00,99.00,99.00,999,1019.8,23.0,999.0,999.0,99.0,99.00,
2020,05,22,15,00,82,3.4,4.0,99.00,99.00,99.00,999,1020.3,23.3,999.0,999.0,99.0,99.00,
2020,05,22,16,00,100,4.0,4.7,99.00,99.00,99.00,999,1020.4,23.4,999.0,999.0,99.0,99.00,
2020,05,22,17,00,95,5.4,6.0,99.00,99.00,99.00,999,1020.2,23.8,999.0,999.0,99.0,99.00,
2020,05,22,18,00,105,5.3,5.8,99.00,99.00,99.00,999,1019.7,23.7,999.0,999.0,99.0,99.00,
2020,05,22,19,00,105,5.0,5.6,99.00,99.00,99.00,999,1019.3,24.0,999.0,999.0,99.0,99.00,
2020,05,22,20,00,121,4.6,5.1,99.00,99.00,99.00,999,1019.3,23.8,999.0,999.0,99.0,99.00,
2020,05,22,21,00,136,4.7,5.1,99.00,99.00,99.00,999,1018.9,23.9,999.0,999.0,99.0,99.00,
2020,05,22,22,00,142,5.1,5.6,99.00,99.00,99.00,999,1018.4,24.2,999.0,999.0,99.0,99.00,
2020,05,22,23,00,143,4.9,5.5,99.00,99.00,99.00,999,1017.5,24.1,999.0,999.0,99.0,99.00,
2020,05,23,00,00,150,4.7,5.0,99.00,99.00,99.00,999,1017.9,24.1,999.0,999.0,99.0,99.00,
2020,05,23,01,00,179,3.0,3.3,99.00,99.00,99.00,999,1019.4,24.3,999.0,999.0,99.0,99.00,
2020,05,23,02,00,199,1.1,1.2,99.00,99.00,99.00,999,1019.9,24.2,999.0,999.0,99.0,99.00,
2020,05,23,03,00,114,2.8,3.3,99.00,99.00,99.00,999,1020.1,24.4,999.0,999.0,99.0,99.00,
2020,05,23,04,00,146,2.4,2.7,99.00,99.00,99.00,999,1020.6,24.5,999.0,999.0,99.0,99.00,
2020,05,23,05,00,174,3.7,4.2,99.00,99.00,99.00,999,1020.0,24.7,999.0,999.0,99.0,99.00,
2020,05,23,06,00,226,4.0,4.7,99.00,99.00,99.00,999,1020.3,21.6,999.0,999.0,99.0,99.00,
2020,05,23,07,00,263,3.1,4.2,99.00,99.00,99.00,999,1019.8,21.0,999.0,999.0,99.0,99.00,
2020,05,23,08,00,277,1.8,2.7,99.00,99.00,99.00,999,1019.4,20.5,999.0,999.0,99.0,99.00,
2020,05,23,09,00,292,2.0,2.8,99.00,99.00,99.00,999,1018.2,20.3,999.0,999.0,99.0,99.00,
2020,05,23,10,00,256,0.3,0.5,99.00,99.00,99.00,999,1018.4,20.3,999.0,999.0,99.0,99.00,
2020,05,23,11,00,172,1.1,1.3,99.00,99.00,99.00,999,1018.1,22.5,999.0,999.0,99.0,99.00,
2020,05,23,12,00,198,1.9,2.3,99.00,99.00,99.00,999,1018.1,23.3,999.0,999.0,99.0,99.00,
2020,05,23,13,00,191,3.3,3.9,99.00,99.00,99.00,999,1019.0,24.1,999.0,999.0,99.0,99.00,
2020,05,23,14,00,114,2.1,3.6,99.00,99.00,99.00,999,1019.9,25.2,999.0,999.0,99.0,99.00,
2020,05,23,15,00,173,6.0,6.4,99.00,99.00,99.00,999,1020.4,24.2,999.0,999.0,99.0,99.00,
2020,05,23,16,00,197,3.8,4.8,99.00,99.00,99.00,999,1020.6,25.7,999.0,999.0,99.0,99.00,
2020,05,23,17,00,196,4.5,5.1,99.00,99.00,99.00,999,1020.1,25.6,999.0,999.0,99.0,99.00,
2020,05,23,18,00,190,4.8,5.4,99.00,99.00,99.00,999,1019.2,25.9,999.0,999.0,99.0,99.00,
2020,05,23,19,00,184,6.5,7.1,99.00,99.00,99.00,999,1019.0,26.2,999.0,999.0,99.0,99.00,
2020,05,23,20,00,201,4.9,6.0,99.00,99.00,99.00,999,1018.3,26.6,999.0,999.0,99.0,99.00,
2020,05,23,21,00,204,6.5,7.6,99.00,99.00,99.00,999,1017.7,26.2,999.0,999.0,99.0,99.00,
2020,05,23,22,00,198,7.3,8.0,99.00,99.00,99.00,999,1017.3,25.6,999.0,999.0,99.0,99.00,
2020,05,23,23,00,197,5.5,6.5,99.00,99.00,99.00,999,1017.3,25.6,999.0,999.0,99.0,99.00,
2020,05,24,00,00,211,5.7,6.5,99.00,99.00,99.00,999,1017.3,25.1,999.0,999.0,99.0,99.00,
2020,05,24,01,00,213,6.4,7.5,99.00,99.00,99.00,999,1017.6,24.8,999.0,999.0,99.0,99.00,
2020,05,24,02,00,220,6.6,7.6,99.00,99.00,99.00,999,1018.3,24.6,999.0,999.0,99.0,99.00,
2020,05,24,03,00,228,5.1,6.4,99.00,99.00,99.00,999,1018.9,24.6,999.0,999.0,99.0,99.00,
2020,05,24,04,00,229,5.0,7.1,99.00,99.00,99.00,999,1018.7,24.5,999.0,999.0,99.0,99.00,
2020,05,24,05,00,235,3.8,5.2,99.00,99.00,99.00,999,1018.6,24.4,999.0,999.0,99.0,99.00,
2020,05,24,06,00,232,3.6,4.9,99.00,99.00,99.00,999,1018.2,24.2,999.0,999.0,99.0,99.00,
2020,05,24,07,00,234,2.1,3.0,99.00,99.00,99.00,999,1017.9,24.0,999.0,999.0,99.0,99.00,
2020,05,24,08,00,246,2.5,3.3,99.00,99.00,99.00,999,1017.9,23.5,999.0,999.0,99.0,99.00,
2020,05,24,09,00,245,1.2,1.3,99.00,99.00,99.00,999,1017.9,23.1,999.0,999.0,99.0,99.00,
2020,05,24,10,00,243,1.6,2.1,99.00,99.00,99.00,999,1018.0,23.0,999.0,999.0,99.0,99.00,
2020,05,24,11,00,251,2.0,2.8,99.00,99.00,99.00,999,1018.4,23.4,999.0,999.0,99.0,99.00,
2020,05,24,12,00,263,1.1,1.5,99.00,99.00,99.00,999,1019.0,24.6,999.0,999.0,99.0,99.00,
2020,05,24,13,00,276,1.5,2.1,99.00,99.00,99.00,999,1019.4,26.3,999.0,999.0,99.0,99.00,
2020,05,24,14,00,192,3.0,3.4,99.00,99.00,99.00,999,1019.7,26.3,999.0,999.0,99.0,99.00,
2020,05,24,15,00,195,3.6,3.8,99.00,99.00,99.00,999,1019.6,26.0,999.0,999.0,99.0,99.00,
2020,05,24,16,00,188,4.1,4.6,99.00,99.00,99.00,999,1019.5,26.3,999.0,999.0,99.0,99.00,
2020,05,24,17,00,191,4.1,5.0,99.00,99.00,99.00,999,1019.4,26.8,999.0,999.0,99.0,99.00,
2020,05,24,18,00,190,5.4,5.9,99.00,99.00,99.00,999,1018.9,26.5,999.0,999.0,99.0,99.00,
2020,05,24,19,00,190,5.7,6.5,99.00,99.00,99.00,999,1018.4,26.4,999.0,999.0,99.0,99.00,
2020,05,24,20,00,201,5.1,5.9,99.00,99.00,99.00,999,1018.1,26.9,999.0,999.0,99.0,99.00,
2020,05,24,21,00,201,5.5,6.3,99.00,99.00,99.00,999,1017.8,26.7,999.0,999.0,99.0,99.00,
2020,05,24,22,00,200,4.2,5.0,99.00,99.00,99.00,999,1017.4,26.4,999.0,999.0,99.0,99.00,
2020,05,24,23,00,193,3.9,4.6,99.00,99.00,99.00,999,1017.0,25.9,999.0,999.0,99.0,99.00,
2020,05,25,00,00,218,3.0,3.7,99.00,99.00,99.00,999,1017.5,25.4,999.0,999.0,99.0,99.00,
2020,05,25,01,00,180,2.9,3.0,99.00,99.00,99.00,999,1017.5,25.3,999.0,999.0,99.0,99.00,
2020,05,25,02,00,187,2.0,2.4,99.00,99.00,99.00,999,1018.1,25.1,999.0,999.0,99.0,99.00,
2020,05,25,03,00,0,0.0,0.0,99.00,99.00,99.00,999,1018.8,24.8,999.0,999.0,99.0,99.00,
2020,05,25,04,00,41,1.5,1.6,99.00,99.00,99.00,999,1018.8,25.0,999.0,999.0,99.0,99.00,
2020,05,25,05,00,47,2.3,2.4,99.00,99.00,99.00,999,1018.6,24.8,999.0,999.0,99.0,99.00,
2020,05,25,06,00,81,2.1,2.5,99.00,99.00,99.00,999,1018.1,24.6,999.0,999.0,99.0,99.00,
2020,05,25,07,00,80,3.7,4.1,99.00,99.00,99.00,999,1017.8,24.9,999.0,999.0,99.0,99.00,
2020,05,25,08,00,73,3.9,4.3,99.00,99.00,99.00,999,1017.6,24.6,999.0,999.0,99.0,99.00,
2020,05,25,09,00,72,4.6,5.3,99.00,99.00,99.00,999,1017.5,24.6,999.0,999.0,99.0,99.00,
2020,05,25,10,00,76,5.6,6.7,99.00,99.00,99.00,999,1017.7,24.7,999.0,999.0,99.0,99.00,
2020,05,25,11,00,69,6.3,7.0,99.00,99.00,99.00,999,1018.0,24.9,999.0,999.0,99.0,99.00,
2020,05,25,12,00,81,6.7,7.6,99.00,99.00,99.00,999,1018.4,25.0,999.0,999.0,99.0,99.00,
2020,05,25,13,00,74,7.3,8.2,99.00,99.00,99.00,999,1019.1,25.3,999.0,999.0,99.0,99.00,
2020,05,25,14,00,64,8.1,9.0,99.00,99.00,99.00,999,1019.7,25.1,999.0,999.0,99.0,99.00,
2020,05,25,15,00,55,9.0,9.9,99.00,99.00,99.00,999,1020.3,25.0,999.0,999.0,99.0,99.00,
2020,05,25,16,00,50,9.4,10.3,99.00,99.00,99.00,999,1020.5,24.6,999.0,999.0,99.0,99.00,
2020,05,25,17,00,51,10.1,11.3,99.00,99.00,99.00,999,1020.4,24.3,999.0,999.0,99.0,99.00,
2020,05,25,18,00,53,10.5,11.4,99.00,99.00,99.00,999,1020.1,24.1,999.0,999.0,99.0,99.00,
2020,05,25,19,00,64,9.9,11.3,99.00,99.00,99.00,999,1019.8,24.1,999.0,999.0,99.0,99.00,
2020,05,25,20,00,62,10.2,11.2,99.00,99.00,99.00,999,1018.9,23.9,999.0,999.0,99.0,99.00,
2020,05,25,21,00,68,8.8,10.3,99.00,99.00,99.00,999,1018.9,23.8,999.0,999.0,99.0,99.00,
2020,05,25,22,00,63,9.6,10.3,99.00,99.00,99.00,999,1018.8,23.5,999.0,999.0,99.0,99.00,
2020,05,25,23,00,71,9.6,11.0,99.00,99.00,99.00,999,1018.5,23.3,999.0,999.0,99.0,99.00,
2020,05,26,00,00,72,8.8,10.1,99.00,99.00,99.00,999,1018.4,23.3,999.0,999.0,99.0,99.00,
2020,05,26,01,00,74,8.8,9.7,99.00,99.00,99.00,999,1018.6,23.5,999.0,999.0,99.0,99.00,
2020,05,26,02,00,74,9.2,10.2,99.00,99.00,99.00,999,1018.8,23.3,999.0,999.0,99.0,99.00,
2020,05,26,03,00,84,8.5,9.6,99.00,99.00,99.00,999,1019.2,23.5,999.0,999.0,99.0,99.00,
2020,05,26,04,00,76,8.5,9.3,99.00,99.00,99.00,999,1018.9,23.4,999.0,999.0,99.0,99.00,
2020,05,26,05,00,70,8.0,8.8,99.00,99.00,99.00,999,1018.7,23.5,999.0,999.0,99.0,99.00,
2020,05,26,06,00,60,9.0,9.6,99.00,99.00,99.00,999,1018.1,23.5,999.0,999.0,99.0,99.00,
2020,05,26,07,00,64,9.6,10.7,99.00,99.00,99.00,999,1017.4,23.6,999.0,999.0,99.0,99.00,
2020,05,26,08,00,62,9.8,11.1,99.00,99.00,99.00,999,1017.1,23.5,999.0,999.0,99.0,99.00,
2020,05,26,09,00,56,10.3,11.8,99.00,99.00,99.00,999,1017.1,23.3,999.0,999.0,99.0,99.00,
2020,05,26,10,00,55,10.9,12.3,99.00,99.00,99.00,999,1017.4,23.1,999.0,999.0,99.0,99.00,
2020,05,26,11,00,59,10.2,11.2,99.00,99.00,99.00,999,1018.2,23.0,999.0,999.0,99.0,99.00,
2020,05,26,12,00,55,10.0,10.9,99.00,99.00,99.00,999,1018.5,23.0,999.0,999.0,99.0,99.00,
2020,05,26,13,00,52,9.9,11.6,99.00,99.00,99.00,999,1018.7,22.8,999.0,999.0,99.0,99.00,
2020,05,26,14,00,55,9.7,11.1,99.00,99.00,99.00,999,1018.8,22.9,999.0,999.0,99.0,99.00,
2020,05,26,15,00,53,10.0,11.8,99.00,99.00,99.00,999,1018.6,22.9,999.0,999.0,99.0,99.00,
2020,05,26,16,00,53,10.2,12.3,99.00,99.00,99.00,999,1018.9,23.0,999.0,999.0,99.0,99.00,
2020,05,26,17,00,47,11.3,12.4,99.00,99.00,99.00,999,1018.6,22.8,999.0,999.0,99.0,99.00,
2020,05,26,18,00,48,11.3,13.3,99.00,99.00,99.00,999,1018.3,22.9,999.0,999.0,99.0,99.00,
2020,05,26,19,00,49,12.1,13.7,99.00,99.00,99.00,999,1018.0,22.7,999.0,999.0,99.0,99.00,
2020,05,26,20,00,43,12.6,14.1,99.00,99.00,99.00,999,1017.2,22.6,999.0,999.0,99.0,99.00,
2020,05,26,21,00,48,12.0,13.6,99.00,99.00,99.00,999,1016.8,22.9,999.0,999.0,99.0,99.00,
2020,05,26,22,00,51,12.8,14.7,99.00,99.00,99.00,999,1016.6,22.9,999.0,999.0,99.0,99.00,
2020,05,26,23,00,49,12.8,14.1,99.00,99.00,99.00,999,1016.5,22.7,999.0,999.0,99.0,99.00,
2020,05,27,00,00,46,13.1,14.5,99.00,99.00,99.00,999,1016.4,23.0,999.0,999.0,99.0,99.00,
2020,05,27,01,00,52,11.5,12.6,99.00,99.00,99.00,999,1016.6,23.0,999.0,999.0,99.0,99.00,
2020,05,27,02,00,50,10.8,12.8,99.00,99.00,99.00,999,1016.4,23.2,999.0,999.0,99.0,99.00,
2020,05,27,03,00,49,9.6,11.0,99.00,99.00,99.00,999,1016.5,23.5,999.0,999.0,99.0,99.00,
2020,05,27,04,00,52,8.3,9.2,99.00,99.00,99.00,999,1015.9,23.8,999.0,999.0,99.0,99.00,
2020,05,27,05,00,73,8.3,9.0,99.00,99.00,99.00,999,1015.8,23.6,999.0,999.0,99.0,99.00,
2020,05,27,06,00,62,8.5,9.1,99.00,99.00,99.00,999,1014.8,23.7,999.0,999.0,99.0,99.00,
2020,05,27,07,00,55,9.5,10.7,99.00,99.00,99.00,999,1014.1,23.8,999.0,999.0,99.0,99.00,
2020,05,27,08,00,71,9.5,11.2,99.00,99.00,99.00,999,1013.3,23.3,999.0,999.0,99.0,99.00,
2020,05,27,09,00,60,10.8,12.8,99.00,99.00,99.00,999,1012.8,23.0,999.0,999.0,99.0,99.00,
2020,05,27,10,00,45,12.2,14.2,99.00,99.00,99.00,999,1012.6,23.1,999.0,999.0,99.0,99.00,
2020,05,27,11,00,45,10.6,12.5,99.00,99.00,99.00,999,1012.6,23.3,999.0,999.0,99.0,99.00,
2020,05,27,12,00,65,6.9,8.0,99.00,99.00,99.00,999,1011.9,23.8,999.0,999.0,99.0,99.00,
2020,05,27,13,00,6,8.5,9.8,99.00,99.00,99.00,999,1010.4,23.6,999.0,999.0,99.0,99.00,
2020,05,27,14,00,291,2.2,3.6,99.00,99.00,99.00,999,1010.8,24.2,999.0,999.0,99.0,99.00,
2020,05,27,15,00,246,3.5,4.8,99.00,99.00,99.00,999,1012.0,23.8,999.0,999.0,99.0,99.00,
2020,05,27,16,00,233,3.3,4.2,99.00,99.00,99.00,999,1012.4,23.9,999.0,999.0,99.0,99.00,
2020,05,27,17,00,216,4.7,5.8,99.00,99.00,99.00,999,1012.7,24.9,999.0,999.0,99.0,99.00,
2020,05,27,18,00,218,5.1,6.2,99.00,99.00,99.00,999,1012.5,25.5,999.0,999.0,99.0,99.00,
2020,05,27,19,00,186,6.8,7.6,99.00,99.00,99.00,999,1013.1,24.6,999.0,999.0,99.0,99.00,
2020,05,27,20,00,198,5.8,7.0,99.00,99.00,99.00,999,1013.6,25.1,999.0,999.0,99.0,99.00,
2020,05,27,21,00,195,6.5,7.6,99.00,99.00,99.00,999,1013.9,24.9,999.0,999.0,99.0,99.00,
2020,05,27,22,00,199,5.1,6.0,99.00,99.00,99.00,999,1014.1,25.2,999.0,999.0,99.0,99.00,
2020,05,27,23,00,188,7.7,8.2,99.00,99.00,99.00,999,1014.6,24.4,999.0,999.0,99.0,99.00,
2020,05,28,00,00,175,7.3,8.3,99.00,99.00,99.00,999,1015.6,24.3,999.0,999.0,99.0,99.00,
2020,05,28,01,00,186,6.4,7.1,99.00,99.00,99.00,999,1015.6,24.4,999.0,999.0,99.0,99.00,
2020,05,28,02,00,198,4.6,5.4,99.00,99.00,99.00,999,1016.0,24.4,999.0,999.0,99.0,99.00,
2020,05,28,03,00,160,4.9,5.5,99.00,99.00,99.00,999,1017.0,24.6,999.0,999.0,99.0,99.00,
2020,05,28,04,00,183,3.7,4.1,99.00,99.00,99.00,999,1017.1,24.5,999.0,999.0,99.0,99.00,
2020,05,28,05,00,176,4.7,5.1,99.00,99.00,99.00,999,1017.3,24.7,999.0,999.0,99.0,99.00,
2020,05,28,06,00,169,4.6,5.2,99.00,99.00,99.00,999,1016.5,24.6,999.0,999.0,99.0,99.00,
2020,05,28,07,00,157,4.1,4.5,99.00,99.00,99.00,999,1016.5,24.4,999.0,999.0,99.0,99.00,
2020,05,28,08,00,174,4.2,4.6,99.00,99.00,99.00,999,1016.6,24.5,999.0,999.0,99.0,99.00,
2020,05,28,09,00,156,3.4,4.0,99.00,99.00,99.00,999,1017.0,24.7,999.0,999.0,99.0,99.00,
2020,05,28,10,00,149,4.9,5.4,99.00,99.00,99.00,999,1017.4,24.7,999.0,999.0,99.0,99.00,
2020,05,28,11,00,154,5.0,5.8,99.00,99.00,99.00,999,1018.2,24.8,999.0,999.0,99.0,99.00,
2020,05,28,12,00,169,5.6,6.3,99.00,99.00,99.00,999,1018.3,25.0,999.0,999.0,99.0,99.00,
2020,05,28,13,00,167,4.3,4.7,99.00,99.00,99.00,999,1018.9,25.1,999.0,999.0,99.0,99.00,
2020,05,28,14,00,186,4.9,6.1,99.00,99.00,99.00,999,1019.2,25.3,999.0,999.0,99.0,99.00,
2020,05,28,15,00,190,5.1,5.5,99.00,99.00,99.00,999,1019.3,25.8,999.0,999.0,99.0,99.00,
2020,05,28,16,00,183,4.7,5.3,99.00,99.00,99.00,999,1019.6,25.3,999.0,999.0,99.0,99.00,
2020,05,28,17,00,191,4.8,5.8,99.00,99.00,99.00,999,1019.5,25.6,999.0,999.0,99.0,99.00,
2020,05,28,18,00,182,5.0,5.7,99.00,99.00,99.00,999,1018.8,25.7,999.0,999.0,99.0,99.00,
2020,05,28,19,00,180,5.8,7.1,99.00,99.00,99.00,999,1018.2,25.7,999.0,999.0,99.0,99.00,
2020,05,28,20,00,180,6.6,7.7,99.00,99.00,99.00,999,1017.8,25.7,999.0,999.0,99.0,99.00,
2020,05,28,21,00,162,6.7,7.6,99.00,99.00,99.00,999,1017.7,25.4,999.0,999.0,99.0,99.00,
2020,05,28,22,00,168,6.3,6.9,99.00,99.00,99.00,999,1017.7,25.2,999.0,999.0,99.0,99.00,
2020,05,28,23,00,162,6.0,6.6,99.00,99.00,99.00,999,1017.4,25.4,999.0,999.0,99.0,99.00,
2020,05,29,00,00,158,6.2,7.1,99.00,99.00,99.00,999,1017.8,25.3,999.0,999.0,99.0,99.00,
2020,05,29,01,00,159,6.3,7.1,99.00,99.00,99.00,999,1018.3,25.3,999.0,999.0,99.0,99.00,
2020,05,29,02,00,171,5.2,5.7,99.00,99.00,99.00,999,1019.1,25.4,999.0,999.0,99.0,99.00,
2020,05,29,03,00,172,6.6,7.6,99.00,99.00,99.00,999,1019.0,25.5,999.0,999.0,99.0,99.00,
2020,05,29,04,00,182,6.6,8.0,99.00,99.00,99.00,999,1018.8,25.6,999.0,999.0,99.0,99.00,
2020,05,29,05,00,176,5.7,6.4,99.00,99.00,99.00,999,1018.7,25.3,999.0,999.0,99.0,99.00,
2020,05,29,06,00,177,6.9,7.5,99.00,99.00,99.00,999,1018.7,25.2,999.0,999.0,99.0,99.00,
2020,05,29,07,00,183,6.3,7.2,99.00,99.00,99.00,999,1018.6,25.3,999.0,999.0,99.0,99.00,
2020,05,29,08,00,198,4.9,5.9,99.00,99.00,99.00,999,1018.7,25.2,999.0,999.0,99.0,99.00,
2020,05,29,09,00,198,6.2,7.3,99.00,99.00,99.00,999,1018.5,25.1,999.0,999.0,99.0,99.00,
2020,05,29,10,00,195,5.6,6.3,99.00,99.00,99.00,999,1018.5,24.9,999.0,999.0,99.0,99.00,
2020,05,29,11,00,185,4.6,5.1,99.00,99.00,99.00,999,1018.9,24.9,999.0,999.0,99.0,99.00,
2020,05,29,12,00,166,4.5,5.1,99.00,99.00,99.00,999,1019.3,25.4,999.0,999.0,99.0,99.00,
2020,05,29,13,00,185,5.8,6.5,99.00,99.00,99.00,999,1019.6,25.7,999.0,999.0,99.0,99.00,
2020,05,29,14,00,201,5.8,6.7,99.00,99.00,99.00,999,1019.5,26.0,999.0,999.0,99.0,99.00,
2020,05,29,15,00,214,6.1,7.0,99.00,99.00,99.00,999,1019.3,26.0,999.0,999.0,99.0,99.00,
2020,05,29,16,00,196,5.0,6.5,99.00,99.00,99.00,999,1019.0,26.5,999.0,999.0,99.0,99.00,
2020,05,29,17,00,194,5.7,6.5,99.00,99.00,99.00,999,1018.7,26.6,999.0,999.0,99.0,99.00,
2020,05,29,18,00,194,6.3,7.4,99.00,99.00,99.00,999,1018.3,26.5,999.0,999.0,99.0,99.00,
2020,05,29,19,00,191,6.3,7.1,99.00,99.00,99.00,999,1018.0,26.4,999.0,999.0,99.0,99.00,
2020,05,29,20,00,195,8.0,8.8,99.00,99.00,99.00,999,1017.3,26.3,999.0,999.0,99.0,99.00,
2020,05,29,21,00,195,6.3,7.0,99.00,99.00,99.00,999,1017.1,25.9,999.0,999.0,99.0,99.00,
2020,05,29,22,00,196,5.9,6.7,99.00,99.00,99.00,999,1017.2,26.2,999.0,999.0,99.0,99.00,
2020,05,29,23,00,193,6.9,7.7,99.00,99.00,99.00,999,1017.4,25.9,999.0,999.0,99.0,99.00,
2020,05,30,00,00,192,6.0,6.4,99.00,99.00,99.00,999,1017.9,25.6,999.0,999.0,99.0,99.00,
2020,05,30,01,00,188,5.9,6.6,99.00,99.00,99.00,999,1018.1,25.5,999.0,999.0,99.0,99.00,
2020,05,30,02,00,194,4.2,4.7,99.00,99.00,99.00,999,1018.4,25.4,999.0,999.0,99.0,99.00,
2020,05,30,03,00,197,5.0,6.1,99.00,99.00,99.00,999,1018.7,25.5,999.0,999.0,99.0,99.00,
2020,05,30,04,00,188,4.3,4.6,99.00,99.00,99.00,999,1018.3,25.5,999.0,999.0,99.0,99.00,
2020,05,30,05,00,200,3.7,4.3,99.00,99.00,99.00,999,1018.2,25.4,999.0,999.0,99.0,99.00,
2020,05,30,06,00,181,5.3,5.8,99.00,99.00,99.00,999,1017.1,25.3,999.0,999.0,99.0,99.00,
2020,05,30,07,00,199,4.0,4.7,99.00,99.00,99.00,999,1016.9,25.3,999.0,999.0,99.0,99.00,
2020,05,30,08,00,222,4.2,5.1,99.00,99.00,99.00,999,1016.6,25.2,999.0,999.0,99.0,99.00,
2020,05,30,09,00,242,2.9,3.6,99.00,99.00,99.00,999,1016.2,25.0,999.0,999.0,99.0,99.00,
2020,05,30,10,00,333,3.0,4.1,99.00,99.00,99.00,999,1016.3,23.6,999.0,999.0,99.0,99.00,
2020,05,30,11,00,336,0.4,0.8,99.00,99.00,99.00,999,1017.0,23.2,999.0,999.0,99.0,99.00,
2020,05,30,12,00,155,0.7,1.2,99.00,99.00,99.00,999,1017.3,23.7,999.0,999.0,99.0,99.00,
2020,05,30,13,00,217,1.4,2.2,99.00,99.00,99.00,999,1017.4,24.7,999.0,999.0,99.0,99.00,
2020,05,30,14,00,292,2.2,3.4,99.00,99.00,99.00,999,1016.8,25.4,999.0,999.0,99.0,99.00,
2020,05,30,15,00,262,2.9,3.7,99.00,99.00,99.00,999,1016.9,25.8,999.0,999.0,99.0,99.00,
2020,05,30,16,00,282,1.0,2.6,99.00,99.00,99.00,999,1016.6,27.2,999.0,999.0,99.0,99.00,
2020,05,30,17,00,200,4.4,5.4,99.00,99.00,99.00,999,1016.3,26.7,999.0,999.0,99.0,99.00,
2020,05,30,18,00,191,4.8,5.5,99.00,99.00,99.00,999,1015.8,26.7,999.0,999.0,99.0,99.00,
2020,05,30,19,00,210,6.5,7.0,99.00,99.00,99.00,999,1015.1,26.7,999.0,999.0,99.0,99.00,
2020,05,30,20,00,202,6.2,7.2,99.00,99.00,99.00,999,1014.4,27.0,999.0,999.0,99.0,99.00,
2020,05,30,21,00,198,7.0,7.9,99.00,99.00,99.00,999,1013.7,26.9,999.0,999.0,99.0,99.00,
2020,05,30,22,00,281,2.1,3.2,99.00,99.00,99.00,999,1014.5,26.1,999.0,999.0,99.0,99.00,
2020,05,30,23,00,262,2.2,3.1,99.00,99.00,99.00,999,1014.8,23.3,999.0,999.0,99.0,99.00,
2020,05,31,00,00,243,3.7,4.5,99.00,99.00,99.00,999,1014.6,23.5,999.0,999.0,99.0,99.00,
2020,05,31,01,00,239,2.7,3.5,99.00,99.00,99.00,999,1014.5,24.1,999.0,999.0,99.0,99.00,
2020,05,31,02,00,259,2.7,3.5,99.00,99.00,99.00,999,1015.5,23.8,999.0,999.0,99.0,99.00,
2020,05,31,03,00,240,3.1,4.0,99.00,99.00,99.00,999,1015.6,23.8,999.0,999.0,99.0,99.00,
2020,05,31,04,00,230,3.8,5.2,99.00,99.00,99.00,999,1015.5,24.8,999.0,999.0,99.0,99.00,
2020,05,31,05,00,231,3.7,4.4,99.00,99.00,99.00,999,1015.4,25.2,999.0,999.0,99.0,99.00,
2020,05,31,06,00,227,3.9,4.8,99.00,99.00,99.00,999,1015.1,25.2,999.0,999.0,99.0,99.00,
2020,05,31,07,00,232,3.1,4.4,99.00,99.00,99.00,999,1014.7,25.3,999.0,999.0,99.0,99.00,
2020,05,31,08,00,263,3.1,4.2,99.00,99.00,99.00,999,1014.4,25.1,999.0,999.0,99.0,99.00,
2020,05,31,09,00,257,2.2,3.1,99.00,99.00,99.00,999,1014.6,24.3,999.0,999.0,99.0,99.00,
2020,05,31,10,00,279,1.4,2.3,99.00,99.00,99.00,999,1015.0,23.6,999.0,999.0,99.0,99.00,
2020,05,31,11,00,288,2.2,2.7,99.00,99.00,99.00,999,1015.4,23.4,999.0,999.0,99.0,99.00,
2020,05,31,12,00,317,3.0,4.1,99.00,99.00,99.00,999,1015.9,24.3,999.0,999.0,99.0,99.00,
2020,05,31,13,00,347,4.5,5.8,99.00,99.00,99.00,999,1016.4,25.6,999.0,999.0,99.0,99.00,
2020,05,31,14,00,19,3.4,4.0,99.00,99.00,99.00,999,1016.7,26.7,999.0,999.0,99.0,99.00,
2020,05,31,15,00,72,4.1,4.6,99.00,99.00,99.00,999,1017.0,26.9,999.0,999.0,99.0,99.00,
2020,05,31,16,00,86,7.1,8.1,99.00,99.00,99.00,999,1017.3,26.6,999.0,999.0,99.0,99.00,
2020,05,31,17,00,74,9.3,10.4,99.00,99.00,99.00,999,1017.3,25.6,999.0,999.0,99.0,99.00,
2020,05,31,18,00,74,10.3,11.7,99.00,99.00,99.00,999,1017.3,25.4,999.0,999.0,99.0,99.00,
2020,05,31,19,00,71,9.8,11.1,99.00,99.00,99.00,999,1017.3,24.9,999.0,999.0,99.0,99.00,
2020,05,31,20,00,75,9.0,9.9,99.00,99.00,99.00,999,1017.1,24.9,999.0,999.0,99.0,99.00,
2020,05,31,21,00,62,9.5,10.7,99.00,99.00,99.00,999,1017.0,24.5,999.0,999.0,99.0,99.00,
2020,05,31,22,00,65,9.3,10.4,99.00,99.00,99.00,999,1016.9,24.6,999.0,999.0,99.0,99.00,
2020,05,31,23,00,58,9.4,10.5,99.00,99.00,99.00,999,1017.5,24.4,999.0,999.0,99.0,99.00,
2020,06,01,00,00,70,8.2,9.3,99.00,99.00,99.00,999,1017.6,24.3,999.0,999.0,99.0,99.00,
2020,06,01,01,00,62,7.1,7.8,99.00,99.00,99.00,999,1018.4,24.5,999.0,999.0,99.0,99.00,
2020,06,01,02,00,70,5.9,6.7,99.00,99.00,99.00,999,1018.9,24.5,999.0,999.0,99.0,99.00,
2020,06,01,03,00,64,6.0,6.6,99.00,99.00,99.00,999,1019.5,24.4,999.0,999.0,99.0,99.00,
2020,06,01,04,00,59,6.7,7.4,99.00,99.00,99.00,999,1019.9,24.2,999.0,999.0,99.0,99.00,
2020,06,01,05,00,41,4.5,5.1,99.00,99.00,99.00,999,1020.1,23.5,999.0,999.0,99.0,99.00,
2020,06,01,06,00,56,7.6,8.6,99.00,99.00,99.00,999,1020.2,23.8,999.0,999.0,99.0,99.00,
2020,06,01,07,00,63,8.5,9.6,99.00,99.00,99.00,999,1020.2,23.5,999.0,999.0,99.0,99.00,
2020,06,01,08,00,54,9.1,10.3,99.00,99.00,99.00,999,1020.4,23.2,999.0,999.0,99.0,99.00,
2020,06,01,09,00,60,8.0,9.0,99.00,99.00,99.00,999,1020.7,23.1,999.0,999.0,99.0,99.00,
2020,06,01,10,00,58,7.5,8.5,99.00,99.00,99.00,999,1021.0,22.8,999.0,999.0,99.0,99.00,
2020,06,01,11,00,61,8.3,9.5,99.00,99.00,99.00,999,1021.6,23.0,999.0,999.0,99.0,99.00,
2020,06,01,12,00,58,8.4,9.6,99.00,99.00,99.00,999,1021.9,23.1,999.0,999.0,99.0,99.00,
2020,06,01,13,00,67,9.5,11.0,99.00,99.00,99.00,999,1022.9,23.5,999.0,999.0,99.0,99.00,
2020,06,01,14,00,66,8.6,9.8,99.00,99.00,99.00,999,1023.4,23.8,999.0,999.0,99.0,99.00,
2020,06,01,15,00,69,8.5,9.6,99.00,99.00,99.00,999,1024.3,24.2,999.0,999.0,99.0,99.00,
2020,06,01,16,00,70,8.5,9.7,99.00,99.00,99.00,999,1024.5,24.6,999.0,999.0,99.0,99.00,
2020,06,01,17,00,68,7.8,9.0,99.00,99.00,99.00,999,1024.6,24.4,999.0,999.0,99.0,99.00,
2020,06,01,18,00,71,7.9,8.8,99.00,99.00,99.00,999,1024.5,24.5,999.0,999.0,99.0,99.00,
2020,06,01,19,00,83,8.2,9.7,99.00,99.00,99.00,999,1024.3,24.4,999.0,999.0,99.0,99.00,
2020,06,01,20,00,86,7.1,8.4,99.00,99.00,99.00,999,1024.1,24.2,999.0,999.0,99.0,99.00,
2020,06,01,21,00,94,6.7,7.2,99.00,99.00,99.00,999,1023.8,23.8,999.0,999.0,99.0,99.00,
2020,06,01,22,00,95,6.2,7.5,99.00,99.00,99.00,999,1023.5,23.7,999.0,999.0,99.0,99.00,
2020,06,01,23,00,108,6.8,7.6,99.00,99.00,99.00,999,1023.4,23.7,999.0,999.0,99.0,99.00,
2020,06,02,00,00,108,4.8,5.4,99.00,99.00,99.00,999,1023.4,23.7,999.0,999.0,99.0,99.00,
2020,06,02,01,00,117,5.0,5.6,99.00,99.00,99.00,999,1023.4,23.8,999.0,999.0,99.0,99.00,
2020,06,02,02,00,123,4.8,5.5,99.00,99.00,99.00,999,1023.9,23.9,999.0,999.0,99.0,99.00,
2020,06,02,03,00,123,5.7,6.2,99.00,99.00,99.00,999,1024.3,24.2,999.0,999.0,99.0,99.00,
2020,06,02,04,00,126,5.6,5.9,99.00,99.00,99.00,999,1024.3,23.9,999.0,999.0,99.0,99.00,
2020,06,02,05,00,127,5.0,5.6,99.00,99.00,99.00,999,1024.0,24.0,999.0,999.0,99.0,99.00,
2020,06,02,06,00,136,4.3,4.7,99.00,99.00,99.00,999,1023.7,24.1,999.0,999.0,99.0,99.00,
2020,06,02,07,00,132,5.0,5.6,99.00,99.00,99.00,999,1023.3,24.0,999.0,999.0,99.0,99.00,
2020,06,02,08,00,135,4.7,5.3,99.00,99.00,99.00,999,1022.9,23.8,999.0,999.0,99.0,99.00,
2020,06,02,09,00,123,3.7,4.0,99.00,99.00,99.00,999,1022.9,23.7,999.0,999.0,99.0,99.00,
2020,06,02,10,00,148,3.7,4.1,99.00,99.00,99.00,999,1023.2,23.8,999.0,999.0,99.0,99.00,
2020,06,02,11,00,142,3.5,4.0,99.00,99.00,99.00,999,1023.7,23.9,999.0,999.0,99.0,99.00,
2020,06,02,12,00,137,3.2,3.5,99.00,99.00,99.00,999,1023.8,24.1,999.0,999.0,99.0,99.00,
2020,06,02,13,00,134,2.3,2.6,99.00,99.00,99.00,999,1024.5,24.4,999.0,999.0,99.0,99.00,
2020,06,02,14,00,162,2.9,3.3,99.00,99.00,99.00,999,1024.6,24.5,999.0,999.0,99.0,99.00,
2020,06,02,15,00,146,2.4,2.7,99.00,99.00,99.00,999,1024.7,24.9,999.0,999.0,99.0,99.00,
2020,06,02,16,00,164,2.6,2.9,99.00,99.00,99.00,999,1024.5,25.1,999.0,999.0,99.0,99.00,
2020,06,02,17,00,154,3.5,3.8,99.00,99.00,99.00,999,1024.0,25.1,999.0,999.0,99.0,99.00,
2020,06,02,18,00,163,3.9,5.1,99.00,99.00,99.00,999,1023.5,25.1,999.0,999.0,99.0,99.00,
2020,06,02,19,00,181,4.6,5.1,99.00,99.00,99.00,999,1023.0,25.3,999.0,999.0,99.0,99.00,
2020,06,02,20,00,191,5.6,7.0,99.00,99.00,99.00,999,1022.2,25.7,999.0,999.0,99.0,99.00,
2020,06,02,21,00,201,5.8,6.9,99.00,99.00,99.00,999,1021.5,25.6,999.0,999.0,99.0,99.00,
2020,06,02,22,00,202,5.5,6.7,99.00,99.00,99.00,999,1020.7,25.3,999.0,999.0,99.0,99.00,
2020,06,02,23,00,202,5.5,6.6,99.00,99.00,99.00,999,1020.5,25.0,999.0,999.0,99.0,99.00,
2020,06,03,00,00,206,6.4,7.7,99.00,99.00,99.00,999,1020.6,24.5,999.0,999.0,99.0,99.00,
2020,06,03,01,00,214,7.4,8.4,99.00,99.00,99.00,999,1020.6,24.3,999.0,999.0,99.0,99.00,
2020,06,03,02,00,212,7.8,9.2,99.00,99.00,99.00,999,1021.1,24.3,999.0,999.0,99.0,99.00,
2020,06,03,03,00,209,8.0,9.1,99.00,99.00,99.00,999,1021.3,24.2,999.0,999.0,99.0,99.00,
2020,06,03,04,00,215,8.4,9.6,99.00,99.00,99.00,999,1021.0,24.2,999.0,999.0,99.0,99.00,
2020,06,03,05,00,210,7.8,9.8,99.00,99.00,99.00,999,1020.5,24.2,999.0,999.0,99.0,99.00,
2020,06,03,06,00,214,8.4,9.4,99.00,99.00,99.00,999,1019.7,24.1,999.0,999.0,99.0,99.00,
2020,06,03,07,00,214,9.1,10.1,99.00,99.00,99.00,999,1019.5,24.0,999.0,999.0,99.0,99.00,
2020,06,03,08,00,225,7.1,8.6,99.00,99.00,99.00,999,1019.2,23.8,999.0,999.0,99.0,99.00,
2020,06,03,09,00,215,8.2,9.2,99.00,99.00,99.00,999,1019.1,23.9,999.0,999.0,99.0,99.00,
2020,06,03,10,00,225,6.1,8.2,99.00,99.00,99.00,999,1019.1,23.8,999.0,999.0,99.0,99.00,
2020,06,03,11,00,231,3.9,5.4,99.00,99.00,99.00,999,1019.3,23.8,999.0,999.0,99.0,99.00,
2020,06,03,12,00,223,5.8,7.6,99.00,99.00,99.00,999,1019.6,24.5,999.0,999.0,99.0,99.00,
2020,06,03,13,00,221,6.1,7.4,99.00,99.00,99.00,999,1019.6,24.9,999.0,999.0,99.0,99.00,
2020,06,03,14,00,213,6.9,7.7,99.00,99.00,99.00,999,1019.3,25.0,999.0,999.0,99.0,99.00,
2020,06,03,15,00,211,7.7,9.6,99.00,99.00,99.00,999,1019.0,25.3,999.0,999.0,99.0,99.00,
2020,06,03,16,00,214,8.3,9.6,99.00,99.00,99.00,999,1018.9,25.6,999.0,999.0,99.0,99.00,
2020,06,03,17,00,213,7.7,9.4,99.00,99.00,99.00,999,1018.3,25.9,999.0,999.0,99.0,99.00,
2020,06,03,18,00,203,7.8,9.3,99.00,99.00,99.00,999,1017.4,25.7,999.0,999.0,99.0,99.00,
2020,06,03,19,00,203,8.1,9.7,99.00,99.00,99.00,999,1016.9,26.1,999.0,999.0,99.0,99.00,
2020,06,03,20,00,206,8.9,10.4,99.00,99.00,99.00,999,1016.4,25.5,999.0,999.0,99.0,99.00,
2020,06,03,21,00,207,8.6,10.5,99.00,99.00,99.00,999,1015.9,25.3,999.0,999.0,99.0,99.00,
2020,06,03,22,00,206,9.2,10.3,99.00,99.00,99.00,999,1015.9,25.3,999.0,999.0,99.0,99.00,
2020,06,03,23,00,213,8.7,9.9,99.00,99.00,99.00,999,1016.1,25.1,999.0,999.0,99.0,99.00,
2020,06,04,00,00,208,8.7,9.9,99.00,99.00,99.00,999,1016.3,25.0,999.0,999.0,99.0,99.00,
2020,06,04,01,00,211,7.7,8.5,99.00,99.00,99.00,999,1016.1,25.0,999.0,999.0,99.0,99.00,
2020,06,04,02,00,210,7.4,8.3,99.00,99.00,99.00,999,1016.6,24.9,999.0,999.0,99.0,99.00,
2020,06,04,03,00,217,6.5,7.7,99.00,99.00,99.00,999,1016.7,24.9,999.0,999.0,99.0,99.00,
2020,06,04,04,00,209,8.2,9.4,99.00,99.00,99.00,999,1016.6,24.7,999.0,999.0,99.0,99.00,
2020,06,04,05,00,206,8.5,9.9,99.00,99.00,99.00,999,1016.4,24.6,999.0,999.0,99.0,99.00,
2020,06,04,06,00,216,7.8,9.3,99.00,99.00,99.00,999,1016.1,24.5,999.0,999.0,99.0,99.00,
2020,06,04,07,00,229,5.8,7.4,99.00,99.00,99.00,999,1015.7,24.1,999.0,999.0,99.0,99.00,
2020,06,04,08,00,235,4.1,5.2,99.00,99.00,99.00,999,1015.3,24.2,999.0,999.0,99.0,99.00,
2020,06,04,09,00,275,1.1,1.6,99.00,99.00,99.00,999,1015.3,23.0,999.0,999.0,99.0,99.00,
2020,06,04,10,00,272,1.1,1.3,99.00,99.00,99.00,999,1015.8,22.7,999.0,999.0,99.0,99.00,
2020,06,04,11,00,248,1.3,1.7,99.00,99.00,99.00,999,1016.1,22.9,999.0,999.0,99.0,99.00,
2020,06,04,12,00,246,1.5,2.2,99.00,99.00,99.00,999,1016.8,23.7,999.0,999.0,99.0,99.00,
2020,06,04,13,00,209,2.3,2.5,99.00,99.00,99.00,999,1017.3,24.9,999.0,999.0,99.0,99.00,
2020,06,04,14,00,180,3.5,3.9,99.00,99.00,99.00,999,1017.3,25.1,999.0,999.0,99.0,99.00,
2020,06,04,15,00,189,4.5,5.4,99.00,99.00,99.00,999,1017.6,25.6,999.0,999.0,99.0,99.00,
2020,06,04,16,00,194,4.6,5.3,99.00,99.00,99.00,999,1017.4,26.3,999.0,999.0,99.0,99.00,
2020,06,04,17,00,209,3.9,4.6,99.00,99.00,99.00,999,1017.7,25.9,999.0,999.0,99.0,99.00,
2020,06,04,18,00,215,5.0,5.5,99.00,99.00,99.00,999,1017.4,25.7,999.0,999.0,99.0,99.00,
2020,06,04,19,00,222,6.9,7.9,99.00,99.00,99.00,999,1017.0,23.7,999.0,999.0,99.0,99.00,
2020,06,04,20,00,208,6.6,7.8,99.00,99.00,99.00,999,1016.8,23.8,999.0,999.0,99.0,99.00,
2020,06,04,21,00,194,4.8,5.5,99.00,99.00,99.00,999,1016.8,23.6,999.0,999.0,99.0,99.00,
2020,06,04,22,00,207,3.0,3.6,99.00,99.00,99.00,999,1016.5,23.9,999.0,999.0,99.0,99.00,
2020,06,04,23,00,200,3.1,3.7,99.00,99.00,99.00,999,1016.5,24.2,999.0,999.0,99.0,99.00,
2020,06,05,00,00,151,3.0,3.2,99.00,99.00,99.00,999,1016.2,24.1,999.0,999.0,99.0,99.00,
2020,06,05,01,00,139,3.5,3.9,99.00,99.00,99.00,999,1016.2,24.3,999.0,999.0,99.0,99.00,
2020,06,05,02,00,150,5.9,6.6,99.00,99.00,99.00,999,1016.4,24.8,999.0,999.0,99.0,99.00,
2020,06,05,03,00,132,4.7,5.4,99.00,99.00,99.00,999,1016.3,24.6,999.0,999.0,99.0,99.00,
2020,06,05,04,00,158,6.6,7.2,99.00,99.00,99.00,999,1016.2,24.7,999.0,999.0,99.0,99.00,
2020,06,05,05,00,177,6.8,7.9,99.00,99.00,99.00,999,1016.1,24.5,999.0,999.0,99.0,99.00,
2020,06,05,06,00,204,8.3,10.1,99.00,99.00,99.00,999,1015.6,25.1,999.0,999.0,99.0,99.00,
2020,06,05,07,00,214,8.8,10.0,99.00,99.00,99.00,999,1015.3,24.9,999.0,999.0,99.0,99.00,
2020,06,05,08,00,216,7.3,8.2,99.00,99.00,99.00,999,1015.1,24.8,999.0,999.0,99.0,99.00,
2020,06,05,09,00,220,6.6,7.5,99.00,99.00,99.00,999,1015.3,24.9,999.0,999.0,99.0,99.00,
2020,06,05,10,00,241,2.9,4.7,99.00,99.00,99.00,999,1015.9,24.4,999.0,999.0,99.0,99.00,
2020,06,05,11,00,243,2.0,2.3,99.00,99.00,99.00,999,1016.1,23.6,999.0,999.0,99.0,99.00,
2020,06,05,12,00,233,2.2,2.9,99.00,99.00,99.00,999,1016.5,24.7,999.0,999.0,99.0,99.00,
2020,06,05,13,00,244,2.2,3.4,99.00,99.00,99.00,999,1016.9,25.7,999.0,999.0,99.0,99.00,
2020,06,05,14,00,211,4.4,4.9,99.00,99.00,99.00,999,1017.2,25.1,999.0,999.0,99.0,99.00,
2020,06,05,15,00,208,4.8,5.5,99.00,99.00,99.00,999,1017.5,25.9,999.0,999.0,99.0,99.00,
2020,06,05,16,00,201,5.2,6.2,99.00,99.00,99.00,999,1017.6,26.5,999.0,999.0,99.0,99.00,
2020,06,05,17,00,198,5.8,6.9,99.00,99.00,99.00,999,1017.1,26.7,999.0,999.0,99.0,99.00,
2020,06,05,18,00,199,6.3,7.3,99.00,99.00,99.00,999,1016.3,26.8,999.0,999.0,99.0,99.00,
2020,06,05,19,00,196,6.9,7.9,99.00,99.00,99.00,999,1015.7,26.9,999.0,999.0,99.0,99.00,
2020,06,05,20,00,201,6.6,8.2,99.00,99.00,99.00,999,1015.0,26.9,999.0,999.0,99.0,99.00,
2020,06,05,21,00,210,7.7,8.6,99.00,99.00,99.00,999,1015.1,26.2,999.0,999.0,99.0,99.00,
2020,06,05,22,00,210,7.7,9.1,99.00,99.00,99.00,999,1015.1,26.2,999.0,999.0,99.0,99.00,
2020,06,05,23,00,199,8.1,9.7,99.00,99.00,99.00,999,1014.5,25.7,999.0,999.0,99.0,99.00,
2020,06,06,00,00,211,8.6,9.4,99.00,99.00,99.00,999,1015.1,25.6,999.0,999.0,99.0,99.00,
2020,06,06,01,00,214,8.9,10.0,99.00,99.00,99.00,999,1015.5,25.5,999.0,999.0,99.0,99.00,
2020,06,06,02,00,211,8.9,10.8,99.00,99.00,99.00,999,1015.9,25.7,999.0,999.0,99.0,99.00,
2020,06,06,03,00,218,9.2,11.3,99.00,99.00,99.00,999,1016.4,25.6,999.0,999.0,99.0,99.00,
2020,06,06,04,00,232,6.6,9.2,99.00,99.00,99.00,999,1016.4,25.6,999.0,999.0,99.0,99.00,
2020,06,06,05,00,228,5.9,8.3,99.00,99.00,99.00,999,1016.0,25.8,999.0,999.0,99.0,99.00,
2020,06,06,06,00,227,7.3,8.4,99.00,99.00,99.00,999,1015.6,25.8,999.0,999.0,99.0,99.00,
2020,06,06,07,00,225,6.9,8.7,99.00,99.00,99.00,999,1015.2,25.6,999.0,999.0,99.0,99.00,
2020,06,06,08,00,231,4.8,6.7,99.00,99.00,99.00,999,1015.0,25.4,999.0,999.0,99.0,99.00,
2020,06,06,09,00,231,4.4,5.7,99.00,99.00,99.00,999,1015.0,25.5,999.0,999.0,99.0,99.00,
2020,06,06,10,00,240,4.4,5.9,99.00,99.00,99.00,999,1015.6,25.3,999.0,999.0,99.0,99.00,
2020,06,06,11,00,232,4.4,5.6,99.00,99.00,99.00,999,1016.1,25.3,999.0,999.0,99.0,99.00,
2020,06,06,12,00,239,5.1,6.8,99.00,99.00,99.00,999,1016.6,25.6,999.0,999.0,99.0,99.00,
2020,06,06,13,00,244,3.9,5.0,99.00,99.00,99.00,999,1016.9,25.8,999.0,999.0,99.0,99.00,
2020,06,06,14,00,243,4.9,6.5,99.00,99.00,99.00,999,1016.7,27.1,999.0,999.0,99.0,99.00,
2020,06,06,15,00,249,4.1,5.3,99.00,99.00,99.00,999,1016.7,28.0,999.0,999.0,99.0,99.00,
2020,06,06,16,00,246,3.9,5.2,99.00,99.00,99.00,999,1016.6,28.9,999.0,999.0,99.0,99.00,
2020,06,06,17,00,213,8.4,9.5,99.00,99.00,99.00,999,1016.8,27.5,999.0,999.0,99.0,99.00,
2020,06,06,18,00,216,8.4,9.7,99.00,99.00,99.00,999,1016.4,27.3,999.0,999.0,99.0,99.00,
2020,06,06,19,00,214,9.3,10.5,99.00,99.00,99.00,999,1016.4,26.9,999.0,999.0,99.0,99.00,
2020,06,06,20,00,226,6.6,9.0,99.00,99.00,99.00,999,1016.2,26.6,999.0,999.0,99.0,99.00,
2020,06,06,21,00,241,3.7,5.3,99.00,99.00,99.00,999,1015.7,24.2,999.0,999.0,99.0,99.00,
2020,06,06,22,00,224,7.5,8.9,99.00,99.00,99.00,999,1015.3,26.1,999.0,999.0,99.0,99.00,
2020,06,06,23,00,234,6.1,8.4,99.00,99.00,99.00,999,1015.7,25.9,999.0,999.0,99.0,99.00,
2020,06,07,00,00,236,2.8,3.8,99.00,99.00,99.00,999,1015.6,25.9,999.0,999.0,99.0,99.00,
2020,06,07,01,00,233,4.5,5.8,99.00,99.00,99.00,999,1015.6,26.0,999.0,999.0,99.0,99.00,
2020,06,07,02,00,236,3.9,5.1,99.00,99.00,99.00,999,1015.7,26.2,999.0,999.0,99.0,99.00,
2020,06,07,03,00,228,4.9,5.8,99.00,99.00,99.00,999,1016.0,25.8,999.0,999.0,99.0,99.00,
2020,06,07,04,00,229,5.3,6.6,99.00,99.00,99.00,999,1016.2,25.7,999.0,999.0,99.0,99.00,
2020,06,07,05,00,233,4.1,5.4,99.00,99.00,99.00,999,1015.9,25.5,999.0,999.0,99.0,99.00,
2020,06,07,06,00,248,2.7,3.8,99.00,99.00,99.00,999,1015.8,25.2,999.0,999.0,99.0,99.00,
2020,06,07,07,00,223,2.5,3.0,99.00,99.00,99.00,999,1015.5,25.0,999.0,999.0,99.0,99.00,
2020,06,07,08,00,250,1.3,2.5,99.00,99.00,99.00,999,1015.2,24.8,999.0,999.0,99.0,99.00,
2020,06,07,09,00,293,1.1,1.4,99.00,99.00,99.00,999,1014.8,24.2,999.0,999.0,99.0,99.00,
2020,06,07,10,00,262,1.1,1.3,99.00,99.00,99.00,999,1015.0,24.3,999.0,999.0,99.0,99.00,
2020,06,07,11,00,299,0.4,0.5,99.00,99.00,99.00,999,1015.8,24.0,999.0,999.0,99.0,99.00,
2020,06,07,12,00,253,0.6,0.9,99.00,99.00,99.00,999,1016.1,24.4,999.0,999.0,99.0,99.00,
2020,06,07,13,00,206,1.3,1.6,99.00,99.00,99.00,999,1016.5,25.1,999.0,999.0,99.0,99.00,
2020,06,07,14,00,231,1.8,2.4,99.00,99.00,99.00,999,1016.8,25.5,999.0,999.0,99.0,99.00,
2020,06,07,15,00,241,2.3,3.4,99.00,99.00,99.00,999,1016.5,26.2,999.0,999.0,99.0,99.00,
2020,06,07,16,00,197,3.0,3.6,99.00,99.00,99.00,999,1015.9,26.4,999.0,999.0,99.0,99.00,
2020,06,07,17,00,204,5.0,5.8,99.00,99.00,99.00,999,1015.7,26.4,999.0,999.0,99.0,99.00,
2020,06,07,18,00,213,6.1,6.8,99.00,99.00,99.00,999,1016.0,26.1,999.0,999.0,99.0,99.00,
2020,06,07,19,00,208,7.4,8.8,99.00,99.00,99.00,999,1016.2,25.6,999.0,999.0,99.0,99.00,
2020,06,07,20,00,216,7.3,8.6,99.00,99.00,99.00,999,1015.8,25.8,999.0,999.0,99.0,99.00,
2020,06,07,21,00,213,6.6,7.3,99.00,99.00,99.00,999,1015.5,25.7,999.0,999.0,99.0,99.00,
2020,06,07,22,00,199,6.4,7.6,99.00,99.00,99.00,999,1014.9,25.6,999.0,999.0,99.0,99.00,
2020,06,07,23,00,220,5.9,7.1,99.00,99.00,99.00,999,1014.7,25.5,999.0,999.0,99.0,99.00,
2020,06,08,00,00,213,7.9,8.7,99.00,99.00,99.00,999,1014.4,25.4,999.0,999.0,99.0,99.00,
2020,06,08,01,00,215,7.9,9.0,99.00,99.00,99.00,999,1014.3,25.3,999.0,999.0,99.0,99.00,
2020,06,08,02,00,221,5.6,6.6,99.00,99.00,99.00,999,1014.8,25.3,999.0,999.0,99.0,99.00,
2020,06,08,03,00,220,5.8,6.8,99.00,99.00,99.00,999,1014.9,25.3,999.0,999.0,99.0,99.00,
2020,06,08,04,00,231,2.6,3.2,99.00,99.00,99.00,999,1015.5,25.2,999.0,999.0,99.0,99.00,
2020,06,08,05,00,224,2.9,3.9,99.00,99.00,99.00,999,1015.5,25.3,999.0,999.0,99.0,99.00,
2020,06,08,06,00,208,3.6,4.1,99.00,99.00,99.00,999,1015.3,25.2,999.0,999.0,99.0,99.00,
2020,06,08,07,00,204,3.2,3.8,99.00,99.00,99.00,999,1015.1,25.0,999.0,999.0,99.0,99.00,
2020,06,08,08,00,224,0.7,1.3,99.00,99.00,99.00,999,1015.1,24.7,999.0,999.0,99.0,99.00,
2020,06,08,09,00,170,1.6,2.0,99.00,99.00,99.00,999,1015.0,24.9,999.0,999.0,99.0,99.00,
2020,06,08,10,00,149,1.5,1.7,99.00,99.00,99.00,999,1015.2,25.3,999.0,999.0,99.0,99.00,
2020,06,08,11,00,126,1.7,1.8,99.00,99.00,99.00,999,1015.5,25.5,999.0,999.0,99.0,99.00,
2020,06,08,12,00,141,1.5,1.7,99.00,99.00,99.00,999,1016.0,25.6,999.0,999.0,99.0,99.00,
2020,06,08,13,00,117,1.8,2.0,99.00,99.00,99.00,999,1016.3,26.0,999.0,999.0,99.0,99.00,
2020,06,08,14,00,95,1.5,1.6,99.00,99.00,99.00,999,1016.7,26.3,999.0,999.0,99.0,99.00,
2020,06,08,15,00,114,3.0,3.3,99.00,99.00,99.00,999,1016.8,25.8,999.0,999.0,99.0,99.00,
2020,06,08,16,00,91,3.0,3.3,99.00,99.00,99.00,999,1017.1,25.0,999.0,999.0,99.0,99.00,
2020,06,08,17,00,98,4.1,4.5,99.00,99.00,99.00,999,1017.0,25.8,999.0,999.0,99.0,99.00,
2020,06,08,18,00,110,6.0,6.8,99.00,99.00,99.00,999,1016.9,25.1,999.0,999.0,99.0,99.00,
2020,06,08,19,00,109,6.4,7.0,99.00,99.00,99.00,999,1016.5,25.3,999.0,999.0,99.0,99.00,
2020,06,08,20,00,93,6.2,6.8,99.00,99.00,99.00,999,1016.2,25.3,999.0,999.0,99.0,99.00,
2020,06,08,21,00,123,6.1,7.1,99.00,99.00,99.00,999,1016.1,25.2,999.0,999.0,99.0,99.00,
2020,06,08,22,00,130,5.7,6.6,99.00,99.00,99.00,999,1015.7,25.3,999.0,999.0,99.0,99.00,
2020,06,08,23,00,134,5.5,5.8,99.00,99.00,99.00,999,1016.0,25.4,999.0,999.0,99.0,99.00,
2020,06,09,00,00,144,4.7,5.5,99.00,99.00,99.00,999,1015.5,25.6,999.0,999.0,99.0,99.00,
2020,06,09,01,00,165,4.8,5.6,99.00,99.00,99.00,999,1015.7,25.7,999.0,999.0,99.0,99.00,
2020,06,09,02,00,159,5.1,5.5,99.00,99.00,99.00,999,1015.8,25.9,999.0,999.0,99.0,99.00,
2020,06,09,03,00,179,5.7,6.6,99.00,99.00,99.00,999,1016.0,26.0,999.0,999.0,99.0,99.00,
2020,06,09,04,00,188,3.6,3.8,99.00,99.00,99.00,999,1016.1,25.9,999.0,999.0,99.0,99.00,
2020,06,09,05,00,215,4.6,5.4,99.00,99.00,99.00,999,1015.6,25.9,999.0,999.0,99.0,99.00,
2020,06,09,06,00,209,2.9,3.2,99.00,99.00,99.00,999,1015.4,25.8,999.0,999.0,99.0,99.00,
2020,06,09,07,00,153,1.3,1.8,99.00,99.00,99.00,999,1014.9,25.8,999.0,999.0,99.0,99.00,
2020,06,09,08,00,220,0.8,1.0,99.00,99.00,99.00,999,1014.9,25.6,999.0,999.0,99.0,99.00,
2020,06,09,09,00,0,0.0,0.1,99.00,99.00,99.00,999,1015.1,25.6,999.0,999.0,99.0,99.00,
2020,06,09,10,00,245,0.1,0.3,99.00,99.00,99.00,999,1015.4,25.6,999.0,999.0,99.0,99.00,
2020,06,09,11,00,0,0.0,0.0,99.00,99.00,99.00,999,1015.6,25.6,999.0,999.0,99.0,99.00,
2020,06,09,12,00,163,0.8,0.9,99.00,99.00,99.00,999,1016.0,26.0,999.0,999.0,99.0,99.00,
2020,06,09,13,00,178,1.5,1.8,99.00,99.00,99.00,999,1016.3,26.5,999.0,999.0,99.0,99.00,
2020,06,09,14,00,178,1.5,2.1,99.00,99.00,99.00,999,1016.3,26.9,999.0,999.0,99.0,99.00,
2020,06,09,15,00,189,3.5,3.8,99.00,99.00,99.00,999,1016.5,26.9,999.0,999.0,99.0,99.00,
2020,06,09,16,00,173,4.0,4.2,99.00,99.00,99.00,999,1016.4,27.0,999.0,999.0,99.0,99.00,
2020,06,09,17,00,179,4.7,5.1,99.00,99.00,99.00,999,1016.3,27.2,999.0,999.0,99.0,99.00,
2020,06,09,18,00,178,5.3,5.7,99.00,99.00,99.00,999,1016.0,27.2,999.0,999.0,99.0,99.00,
2020,06,09,19,00,160,4.9,5.5,99.00,99.00,99.00,999,1015.9,27.3,999.0,999.0,99.0,99.00,
2020,06,09,20,00,141,3.9,4.3,99.00,99.00,99.00,999,1015.7,27.4,999.0,999.0,99.0,99.00,
2020,06,09,21,00,88,3.2,3.8,99.00,99.00,99.00,999,1015.6,26.5,999.0,999.0,99.0,99.00,
2020,06,09,22,00,137,4.7,5.1,99.00,99.00,99.00,999,1015.2,27.2,999.0,999.0,99.0,99.00,
2020,06,09,23,00,179,5.7,6.7,99.00,99.00,99.00,999,1015.7,27.4,999.0,999.0,99.0,99.00,
2020,06,10,00,00,195,5.7,6.2,99.00,99.00,99.00,999,1016.2,27.3,999.0,999.0,99.0,99.00,
2020,06,10,01,00,234,2.2,3.0,99.00,99.00,99.00,999,1016.1,26.2,999.0,999.0,99.0,99.00,
2020,06,10,02,00,258,1.5,2.0,99.00,99.00,99.00,999,1016.8,26.1,999.0,999.0,99.0,99.00,
2020,06,10,03,00,284,1.4,2.1,99.00,99.00,99.00,999,1017.4,25.7,999.0,999.0,99.0,99.00,
2020,06,10,04,00,240,1.5,2.0,99.00,99.00,99.00,999,1017.4,25.1,999.0,999.0,99.0,99.00,
2020,06,10,05,00,153,0.6,0.9,99.00,99.00,99.00,999,1017.3,25.3,999.0,999.0,99.0,99.00,
2020,06,10,06,00,223,0.7,0.9,99.00,99.00,99.00,999,1016.7,25.4,999.0,999.0,99.0,99.00,
2020,06,10,07,00,229,1.1,1.2,99.00,99.00,99.00,999,1016.4,25.4,999.0,999.0,99.0,99.00,
2020,06,10,08,00,149,1.3,1.6,99.00,99.00,99.00,999,1016.1,26.0,999.0,999.0,99.0,99.00,
2020,06,10,09,00,131,2.3,2.7,99.00,99.00,99.00,999,1016.2,26.0,999.0,999.0,99.0,99.00,
2020,06,10,10,00,226,1.5,1.7,99.00,99.00,99.00,999,1016.6,25.6,999.0,999.0,99.0,99.00,
2020,06,10,11,00,246,1.5,1.9,99.00,99.00,99.00,999,1017.3,25.6,999.0,999.0,99.0,99.00,
2020,06,10,12,00,222,2.6,3.4,99.00,99.00,99.00,999,1017.7,27.0,999.0,999.0,99.0,99.00,
2020,06,10,13,00,286,0.7,1.6,99.00,99.00,99.00,999,1018.0,27.5,999.0,999.0,99.0,99.00,
2020,06,10,14,00,180,2.9,3.2,99.00,99.00,99.00,999,1018.1,27.4,999.0,999.0,99.0,99.00,
2020,06,10,15,00,181,3.2,3.4,99.00,99.00,99.00,999,1018.2,27.8,999.0,999.0,99.0,99.00,
2020,06,10,16,00,183,4.8,5.2,99.00,99.00,99.00,999,1018.4,27.5,999.0,999.0,99.0,99.00,
2020,06,10,17,00,184,4.6,5.2,99.00,99.00,99.00,999,1018.2,27.8,999.0,999.0,99.0,99.00,
2020,06,10,18,00,181,4.7,5.1,99.00,99.00,99.00,999,1018.0,28.1,999.0,999.0,99.0,99.00,
2020,06,10,19,00,187,5.1,5.8,99.00,99.00,99.00,999,1017.8,28.0,999.0,999.0,99.0,99.00,
2020,06,10,20,00,169,5.6,6.3,99.00,99.00,99.00,999,1017.6,27.8,999.0,999.0,99.0,99.00,
2020,06,10,21,00,174,6.5,7.4,99.00,99.00,99.00,999,1017.5,27.7,999.0,999.0,99.0,99.00,
2020,06,10,22,00,162,8.2,9.2,99.00,99.00,99.00,999,1017.2,27.4,999.0,999.0,99.0,99.00,
2020,06,10,23,00,159,9.2,10.2,99.00,99.00,99.00,999,1017.4,26.9,999.0,999.0,99.0,99.00,
2020,06,11,00,00,164,8.5,9.8,99.00,99.00,99.00,999,1017.5,26.7,999.0,999.0,99.0,99.00,
2020,06,11,01,00,165,8.9,10.0,99.00,99.00,99.00,999,1018.1,26.6,999.0,999.0,99.0,99.00,
2020,06,11,02,00,166,9.5,10.5,99.00,99.00,99.00,999,1018.4,26.5,999.0,999.0,99.0,99.00,
2020,06,11,03,00,172,8.2,9.4,99.00,99.00,99.00,999,1018.9,26.6,999.0,999.0,99.0,99.00,
2020,06,11,04,00,179,9.3,10.2,99.00,99.00,99.00,999,1018.9,26.5,999.0,999.0,99.0,99.00,
2020,06,11,05,00,175,10.0,10.9,99.00,99.00,99.00,999,1018.7,26.5,999.0,999.0,99.0,99.00,
2020,06,11,06,00,181,8.0,9.4,99.00,99.00,99.00,999,1018.5,26.6,999.0,999.0,99.0,99.00,
2020,06,11,07,00,173,8.0,9.6,99.00,99.00,99.00,999,1018.0,26.6,999.0,999.0,99.0,99.00,
2020,06,11,08,00,185,6.7,7.7,99.00,99.00,99.00,999,1017.9,26.3,999.0,999.0,99.0,99.00,
2020,06,11,09,00,195,6.8,8.2,99.00,99.00,99.00,999,1017.8,26.6,999.0,999.0,99.0,99.00,
2020,06,11,10,00,200,6.0,7.4,99.00,99.00,99.00,999,1018.2,26.6,999.0,999.0,99.0,99.00,
2020,06,11,11,00,199,6.6,8.3,99.00,99.00,99.00,999,1018.4,26.3,999.0,999.0,99.0,99.00,
2020,06,11,12,00,197,5.7,6.8,99.00,99.00,99.00,999,1019.0,26.6,999.0,999.0,99.0,99.00,
2020,06,11,13,00,181,6.7,7.3,99.00,99.00,99.00,999,1019.5,26.8,999.0,999.0,99.0,99.00,
2020,06,11,14,00,168,6.2,7.2,99.00,99.00,99.00,999,1019.8,26.7,999.0,999.0,99.0,99.00,
2020,06,11,15,00,166,6.3,7.2,99.00,99.00,99.00,999,1019.8,26.0,999.0,999.0,99.0,99.00,
2020,06,11,16,00,167,5.8,6.5,99.00,99.00,99.00,999,1019.9,26.1,999.0,999.0,99.0,99.00,
2020,06,11,17,00,157,7.0,7.8,99.00,99.00,99.00,999,1019.9,26.3,999.0,999.0,99.0,99.00,
2020,06,11,18,00,176,8.2,8.9,99.00,99.00,99.00,999,1019.5,26.5,999.0,999.0,99.0,99.00,
2020,06,11,19,00,163,7.5,8.1,99.00,99.00,99.00,999,1019.3,26.5,999.0,999.0,99.0,99.00,
2020,06,11,20,00,179,7.3,7.8,99.00,99.00,99.00,999,1019.6,26.9,999.0,999.0,99.0,99.00,
2020,06,11,21,00,164,7.8,8.6,99.00,99.00,99.00,999,1019.4,26.6,999.0,999.0,99.0,99.00,
2020,06,11,22,00,168,8.5,9.6,99.00,99.00,99.00,999,1019.1,26.6,999.0,999.0,99.0,99.00,
2020,06,11,23,00,180,7.8,9.0,99.00,99.00,99.00,999,1019.5,26.9,999.0,999.0,99.0,99.00,
2020,06,12,00,00,173,9.1,10.6,99.00,99.00,99.00,999,1019.2,26.8,999.0,999.0,99.0,99.00,
2020,06,12,01,00,193,8.3,9.4,99.00,99.00,99.00,999,1019.6,26.8,999.0,999.0,99.0,99.00,
2020,06,12,02,00,187,7.7,8.7,99.00,99.00,99.00,999,1019.8,26.9,999.0,999.0,99.0,99.00,
2020,06,12,03,00,181,6.7,7.2,99.00,99.00,99.00,999,1020.5,26.8,999.0,999.0,99.0,99.00,
2020,06,12,04,00,171,7.6,8.3,99.00,99.00,99.00,999,1020.2,26.7,999.0,999.0,99.0,99.00,
2020,06,12,05,00,175,7.1,7.7,99.00,99.00,99.00,999,1020.2,26.7,999.0,999.0,99.0,99.00,
2020,06,12,06,00,185,6.9,7.9,99.00,99.00,99.00,999,1019.8,26.5,999.0,999.0,99.0,99.00,
2020,06,12,07,00,189,6.4,7.1,99.00,99.00,99.00,999,1019.3,26.5,999.0,999.0,99.0,99.00,
2020,06,12,08,00,183,6.5,7.4,99.00,99.00,99.00,999,1019.2,26.3,999.0,999.0,99.0,99.00,
2020,06,12,09,00,236,3.7,5.1,99.00,99.00,99.00,999,1019.0,25.2,999.0,999.0,99.0,99.00,
2020,06,12,10,00,202,4.9,5.8,99.00,99.00,99.00,999,1019.2,25.7,999.0,999.0,99.0,99.00,
2020,06,12,11,00,237,3.1,3.6,99.00,99.00,99.00,999,1019.5,25.6,999.0,999.0,99.0,99.00,
2020,06,12,12,00,254,1.2,1.6,99.00,99.00,99.00,999,1019.5,25.9,999.0,999.0,99.0,99.00,
2020,06,12,13,00,261,2.0,2.8,99.00,99.00,99.00,999,1019.6,25.8,999.0,999.0,99.0,99.00,
2020,06,12,14,00,258,2.2,3.4,99.00,99.00,99.00,999,1019.4,25.6,999.0,999.0,99.0,99.00,
2020,06,12,15,00,46,4.9,5.3,99.00,99.00,99.00,999,1019.5,24.7,999.0,999.0,99.0,99.00,
2020,06,12,16,00,17,4.6,5.6,99.00,99.00,99.00,999,1019.4,24.5,999.0,999.0,99.0,99.00,
2020,06,12,17,00,342,2.3,3.0,99.00,99.00,99.00,999,1019.8,24.2,999.0,999.0,99.0,99.00,
2020,06,12,18,00,0,2.8,4.1,99.00,99.00,99.00,999,1019.5,23.3,999.0,999.0,99.0,99.00,
2020,06,12,19,00,355,2.7,3.4,99.00,99.00,99.00,999,1019.2,24.2,999.0,999.0,99.0,99.00,
2020,06,12,20,00,25,4.0,4.7,99.00,99.00,99.00,999,1018.3,23.8,999.0,999.0,99.0,99.00,
2020,06,12,21,00,28,2.8,3.2,99.00,99.00,99.00,999,1018.0,23.8,999.0,999.0,99.0,99.00,
2020,06,12,22,00,132,2.2,2.8,99.00,99.00,99.00,999,1017.7,24.1,999.0,999.0,99.0,99.00,
2020,06,12,23,00,249,1.6,2.0,99.00,99.00,99.00,999,1018.2,24.2,999.0,999.0,99.0,99.00,
2020,06,13,00,00,196,5.1,6.4,99.00,99.00,99.00,999,1017.7,24.6,999.0,999.0,99.0,99.00,
2020,06,13,01,00,244,3.3,4.2,99.00,99.00,99.00,999,1017.8,23.8,999.0,999.0,99.0,99.00,
2020,06,13,02,00,92,1.1,1.5,99.00,99.00,99.00,999,1018.0,23.6,999.0,999.0,99.0,99.00,
2020,06,13,03,00,323,1.6,2.1,99.00,99.00,99.00,999,1017.9,23.4,999.0,999.0,99.0,99.00,
2020,06,13,04,00,358,2.0,2.7,99.00,99.00,99.00,999,1017.5,23.8,999.0,999.0,99.0,99.00,
2020,06,13,05,00,324,1.3,1.6,99.00,99.00,99.00,999,1017.4,24.0,999.0,999.0,99.0,99.00,
2020,06,13,06,00,352,2.9,3.6,99.00,99.00,99.00,999,1017.2,23.7,999.0,999.0,99.0,99.00,
2020,06,13,07,00,358,3.0,3.9,99.00,99.00,99.00,999,1016.9,23.8,999.0,999.0,99.0,99.00,
2020,06,13,08,00,7,4.9,5.6,99.00,99.00,99.00,999,1016.4,23.6,999.0,999.0,99.0,99.00,
2020,06,13,09,00,42,6.7,7.4,99.00,99.00,99.00,999,1016.5,23.2,999.0,999.0,99.0,99.00,
2020,06,13,10,00,37,6.0,7.2,99.00,99.00,99.00,999,1016.5,23.4,999.0,999.0,99.0,99.00,
2020,06,13,11,00,9,5.8,6.7,99.00,99.00,99.00,999,1017.2,22.8,999.0,999.0,99.0,99.00,
2020,06,13,12,00,19,4.3,5.3,99.00,99.00,99.00,999,1017.7,22.6,999.0,999.0,99.0,99.00,
2020,06,13,13,00,358,4.2,5.2,99.00,99.00,99.00,999,1018.0,22.1,999.0,999.0,99.0,99.00,
2020,06,13,14,00,13,4.5,5.4,99.00,99.00,99.00,999,1017.8,23.3,999.0,999.0,99.0,99.00,
2020,06,13,15,00,5,3.2,4.3,99.00,99.00,99.00,999,1018.1,24.5,999.0,999.0,99.0,99.00,
2020,06,13,16,00,42,6.8,7.5,99.00,99.00,99.00,999,1018.4,24.4,999.0,999.0,99.0,99.00,
2020,06,13,17,00,22,5.7,7.2,99.00,99.00,99.00,999,1018.5,24.1,999.0,999.0,99.0,99.00,
2020,06,13,18,00,28,5.6,6.4,99.00,99.00,99.00,999,1018.4,24.2,999.0,999.0,99.0,99.00,
2020,06,13,19,00,23,8.3,10.6,99.00,99.00,99.00,999,1018.5,23.0,999.0,999.0,99.0,99.00,
2020,06,13,20,00,43,10.7,12.1,99.00,99.00,99.00,999,1018.3,23.8,999.0,999.0,99.0,99.00,
2020,06,13,21,00,40,8.3,10.3,99.00,99.00,99.00,999,1018.3,24.4,999.0,999.0,99.0,99.00,
2020,06,13,22,00,55,9.4,10.5,99.00,99.00,99.00,999,1017.9,24.3,999.0,999.0,99.0,99.00,
2020,06,13,23,00,45,9.0,10.7,99.00,99.00,99.00,999,1018.0,24.5,999.0,999.0,99.0,99.00,
2020,06,14,00,00,34,8.5,10.2,99.00,99.00,99.00,999,1018.3,24.0,999.0,999.0,99.0,99.00,
2020,06,14,01,00,30,10.2,11.7,99.00,99.00,99.00,999,1018.4,23.2,999.0,999.0,99.0,99.00,
2020,06,14,02,00,31,9.9,11.3,99.00,99.00,99.00,999,1019.0,22.5,999.0,999.0,99.0,99.00,
2020,06,14,03,00,19,7.1,8.2,99.00,99.00,99.00,999,1019.2,22.1,999.0,999.0,99.0,99.00,
2020,06,14,04,00,25,7.9,9.9,99.00,99.00,99.00,999,1019.0,22.1,999.0,999.0,99.0,99.00,
2020,06,14,05,00,35,9.1,11.7,99.00,99.00,99.00,999,1018.7,22.4,999.0,999.0,99.0,99.00,
2020,06,14,06,00,16,8.3,9.5,99.00,99.00,99.00,999,1018.5,21.7,999.0,999.0,99.0,99.00,
2020,06,14,07,00,7,7.5,8.9,99.00,99.00,99.00,999,1018.1,21.9,999.0,999.0,99.0,99.00,
2020,06,14,08,00,7,7.5,9.4,99.00,99.00,99.00,999,1018.0,21.6,999.0,999.0,99.0,99.00,
2020,06,14,09,00,11,8.9,10.4,99.00,99.00,99.00,999,1018.3,21.6,999.0,999.0,99.0,99.00,
2020,06,14,10,00,17,7.4,8.9,99.00,99.00,99.00,999,1018.6,21.4,999.0,999.0,99.0,99.00,
2020,06,14,11,00,8,6.7,8.0,99.00,99.00,99.00,999,1019.0,21.1,999.0,999.0,99.0,99.00,
2020,06,14,12,00,11,8.1,9.4,99.00,99.00,99.00,999,1019.5,21.5,999.0,999.0,99.0,99.00,
2020,06,14,13,00,6,7.3,9.3,99.00,99.00,99.00,999,1020.2,22.3,999.0,999.0,99.0,99.00,
2020,06,14,14,00,5,7.7,8.7,99.00,99.00,99.00,999,1020.5,22.5,999.0,999.0,99.0,99.00,
2020,06,14,15,00,18,8.2,9.8,99.00,99.00,99.00,999,1020.7,22.8,999.0,999.0,99.0,99.00,
2020,06,14,16,00,28,9.6,10.9,99.00,99.00,99.00,999,1020.8,23.4,999.0,999.0,99.0,99.00,
2020,06,14,17,00,27,9.7,11.3,99.00,99.00,99.00,999,1020.7,23.4,999.0,999.0,99.0,99.00,
2020,06,14,18,00,22,7.6,9.2,99.00,99.00,99.00,999,1020.3,23.5,999.0,999.0,99.0,99.00,
2020,06,14,19,00,11,7.9,9.2,99.00,99.00,99.00,999,1020.3,22.9,999.0,999.0,99.0,99.00,
2020,06,14,20,00,9,7.6,8.9,99.00,99.00,99.00,999,1019.9,22.3,999.0,999.0,99.0,99.00,
2020,06,14,21,00,24,9.9,12.0,99.00,99.00,99.00,999,1019.5,22.5,999.0,999.0,99.0,99.00,
2020,06,14,22,00,53,10.7,11.8,99.00,99.00,99.00,999,1019.5,22.2,999.0,999.0,99.0,99.00,
2020,06,14,23,00,40,11.1,11.9,99.00,99.00,99.00,999,1019.7,23.1,999.0,999.0,99.0,99.00,
2020,06,15,00,00,69,9.9,11.0,99.00,99.00,99.00,999,1019.9,23.1,999.0,999.0,99.0,99.00,
2020,06,15,01,00,79,9.7,11.9,99.00,99.00,99.00,999,1019.8,24.0,999.0,999.0,99.0,99.00,
2020,06,15,02,00,58,9.5,10.6,99.00,99.00,99.00,999,1020.2,23.8,999.0,999.0,99.0,99.00,
2020,06,15,03,00,36,6.8,7.8,99.00,99.00,99.00,999,1020.2,23.0,999.0,999.0,99.0,99.00,
2020,06,15,04,00,23,8.4,10.2,99.00,99.00,99.00,999,1019.6,21.8,999.0,999.0,99.0,99.00,
2020,06,15,05,00,33,8.8,10.3,99.00,99.00,99.00,999,1019.8,20.9,999.0,999.0,99.0,99.00,
2020,06,15,06,00,27,8.2,10.3,99.00,99.00,99.00,999,1018.5,21.0,999.0,999.0,99.0,99.00,
2020,06,15,07,00,21,12.1,14.0,99.00,99.00,99.00,999,1017.6,20.9,999.0,999.0,99.0,99.00,
2020,06,15,08,00,27,12.3,14.7,99.00,99.00,99.00,999,1017.7,20.3,999.0,999.0,99.0,99.00,
2020,06,15,09,00,11,12.7,15.6,99.00,99.00,99.00,999,1017.5,20.0,999.0,999.0,99.0,99.00,
2020,06,15,10,00,15,9.1,10.7,99.00,99.00,99.00,999,1018.4,20.5,999.0,999.0,99.0,99.00,
2020,06,15,11,00,17,10.8,12.9,99.00,99.00,99.00,999,1018.4,20.7,999.0,999.0,99.0,99.00,
2020,06,15,12,00,2,7.4,8.6,99.00,99.00,99.00,999,1018.8,20.1,999.0,999.0,99.0,99.00,
2020,06,15,13,00,12,8.7,9.6,99.00,99.00,99.00,999,1019.4,20.8,999.0,999.0,99.0,99.00,
2020,06,15,14,00,348,7.5,9.6,99.00,99.00,99.00,999,1020.1,19.9,999.0,999.0,99.0,99.00,
2020,06,15,15,00,359,8.0,10.5,99.00,99.00,99.00,999,1020.7,20.1,999.0,999.0,99.0,99.00,
2020,06,15,16,00,356,7.5,8.9,99.00,99.00,99.00,999,1020.8,20.4,999.0,999.0,99.0,99.00,
2020,06,15,17,00,357,6.2,7.9,99.00,99.00,99.00,999,1020.2,22.1,999.0,999.0,99.0,99.00,
2020,06,15,18,00,14,6.4,8.3,99.00,99.00,99.00,999,1019.8,22.5,999.0,999.0,99.0,99.00,
2020,06,15,19,00,345,6.8,9.2,99.00,99.00,99.00,999,1020.0,21.5,999.0,999.0,99.0,99.00,
2020,06,15,20,00,350,6.7,8.6,99.00,99.00,99.00,999,1019.9,20.9,999.0,999.0,99.0,99.00,
2020,06,15,21,00,356,7.5,9.2,99.00,99.00,99.00,999,1019.8,20.3,999.0,999.0,99.0,99.00,
2020,06,15,22,00,347,6.6,8.6,99.00,99.00,99.00,999,1020.1,19.7,999.0,999.0,99.0,99.00,
2020,06,15,23,00,349,8.2,10.3,99.00,99.00,99.00,999,1019.7,19.3,999.0,999.0,99.0,99.00,
2020,06,16,00,00,356,8.6,10.7,99.00,99.00,99.00,999,1020.0,19.1,999.0,999.0,99.0,99.00,
2020,06,16,01,00,356,8.3,10.0,99.00,99.00,99.00,999,1020.1,19.1,999.0,999.0,99.0,99.00,
2020,06,16,02,00,359,8.7,10.2,99.00,99.00,99.00,999,1020.1,18.7,999.0,999.0,99.0,99.00,
2020,06,16,03,00,358,7.4,9.8,99.00,99.00,99.00,999,1020.2,18.3,999.0,999.0,99.0,99.00,
2020,06,16,04,00,351,8.8,10.3,99.00,99.00,99.00,999,1019.9,18.3,999.0,999.0,99.0,99.00,
2020,06,16,05,00,347,5.1,6.6,99.00,99.00,99.00,999,1019.5,18.1,999.0,999.0,99.0,99.00,
2020,06,16,06,00,352,6.2,7.9,99.00,99.00,99.00,999,1018.8,18.2,999.0,999.0,99.0,99.00,
2020,06,16,07,00,340,5.8,8.2,99.00,99.00,99.00,999,1018.3,18.1,999.0,999.0,99.0,99.00,
2020,06,16,08,00,345,8.0,9.6,99.00,99.00,99.00,999,1018.0,18.3,999.0,999.0,99.0,99.00,
2020,06,16,09,00,342,6.8,9.2,99.00,99.00,99.00,999,1018.3,18.4,999.0,999.0,99.0,99.00,
2020,06,16,10,00,341,7.3,9.4,99.00,99.00,99.00,999,1018.5,18.1,999.0,999.0,99.0,99.00,
2020,06,16,11,00,341,5.7,9.0,99.00,99.00,99.00,999,1018.6,18.3,999.0,999.0,99.0,99.00,
2020,06,16,12,00,341,6.6,8.4,99.00,99.00,99.00,999,1019.1,18.6,999.0,999.0,99.0,99.00,
2020,06,16,13,00,343,7.0,8.1,99.00,99.00,99.00,999,1019.3,19.0,999.0,999.0,99.0,99.00,
2020,06,16,14,00,342,7.5,9.4,99.00,99.00,99.00,999,1019.4,20.4,999.0,999.0,99.0,99.00,
2020,06,16,15,00,347,6.3,8.3,99.00,99.00,99.00,999,1019.3,21.0,999.0,999.0,99.0,99.00,
2020,06,16,16,00,339,5.6,7.5,99.00,99.00,99.00,999,1019.3,21.1,999.0,999.0,99.0,99.00,
2020,06,16,17,00,349,7.7,9.9,99.00,99.00,99.00,999,1019.0,21.6,999.0,999.0,99.0,99.00,
2020,06,16,18,00,345,6.5,8.3,99.00,99.00,99.00,999,1018.9,21.4,999.0,999.0,99.0,99.00,
2020,06,16,19,00,343,6.9,8.3,99.00,99.00,99.00,999,1018.5,21.8,999.0,999.0,99.0,99.00,
2020,06,16,20,00,323,5.2,6.6,99.00,99.00,99.00,999,1018.3,21.7,999.0,999.0,99.0,99.00,
2020,06,16,21,00,328,5.1,7.8,99.00,99.00,99.00,999,1017.8,21.7,999.0,999.0,99.0,99.00,
2020,06,16,22,00,305,3.2,5.7,99.00,99.00,99.00,999,1017.9,20.7,999.0,999.0,99.0,99.00,
2020,06,16,23,00,328,4.5,5.9,99.00,99.00,99.00,999,1017.7,20.8,999.0,999.0,99.0,99.00,
2020,06,17,00,00,331,4.8,7.2,99.00,99.00,99.00,999,1018.3,20.1,999.0,999.0,99.0,99.00,
2020,06,17,01,00,330,4.0,5.5,99.00,99.00,99.00,999,1018.7,19.5,999.0,999.0,99.0,99.00,
2020,06,17,02,00,301,2.5,3.8,99.00,99.00,99.00,999,1019.0,18.4,999.0,999.0,99.0,99.00,
2020,06,17,03,00,309,2.3,3.7,99.00,99.00,99.00,999,1019.0,18.6,999.0,999.0,99.0,99.00,
2020,06,17,04,00,310,2.7,3.9,99.00,99.00,99.00,999,1019.0,18.5,999.0,999.0,99.0,99.00,
2020,06,17,05,00,299,3.7,5.7,99.00,99.00,99.00,999,1019.0,17.8,999.0,999.0,99.0,99.00,
2020,06,17,06,00,301,3.7,4.9,99.00,99.00,99.00,999,1018.7,17.4,999.0,999.0,99.0,99.00,
2020,06,17,07,00,294,3.7,4.8,99.00,99.00,99.00,999,1018.4,17.0,999.0,999.0,99.0,99.00,
2020,06,17,08,00,284,3.2,5.3,99.00,99.00,99.00,999,1018.3,17.0,999.0,999.0,99.0,99.00,
2020,06,17,09,00,291,2.7,4.3,99.00,99.00,99.00,999,1018.2,16.9,999.0,999.0,99.0,99.00,
2020,06,17,10,00,307,2.5,3.9,99.00,99.00,99.00,999,1018.4,16.9,999.0,999.0,99.0,99.00,
2020,06,17,11,00,299,2.4,4.0,99.00,99.00,99.00,999,1018.8,17.1,999.0,999.0,99.0,99.00,
2020,06,17,12,00,292,2.8,3.6,99.00,99.00,99.00,999,1019.6,17.5,999.0,999.0,99.0,99.00,
2020,06,17,13,00,271,2.0,4.2,99.00,99.00,99.00,999,1020.0,17.6,999.0,999.0,99.0,99.00,
2020,06,17,14,00,268,2.5,3.6,99.00,99.00,99.00,999,1019.8,17.6,999.0,999.0,99.0,99.00,
2020,06,17,15,00,271,2.9,4.3,99.00,99.00,99.00,999,1019.9,18.3,999.0,999.0,99.0,99.00,
2020,06,17,16,00,291,2.6,3.9,99.00,99.00,99.00,999,1019.8,18.7,999.0,999.0,99.0,99.00,
2020,06,17,17,00,256,2.8,3.5,99.00,99.00,99.00,999,1019.8,18.8,999.0,999.0,99.0,99.00,
2020,06,17,18,00,262,2.0,3.4,99.00,99.00,99.00,999,1019.5,19.5,999.0,999.0,99.0,99.00,
2020,06,17,19,00,278,2.5,4.3,99.00,99.00,99.00,999,1019.2,20.2,999.0,999.0,99.0,99.00,
2020,06,17,20,00,248,2.1,3.6,99.00,99.00,99.00,999,1018.9,20.7,999.0,999.0,99.0,99.00,
2020,06,17,21,00,292,2.4,3.3,99.00,99.00,99.00,999,1018.8,20.6,999.0,999.0,99.0,99.00,
2020,06,17,22,00,255,2.6,3.4,99.00,99.00,99.00,999,1018.6,20.5,999.0,999.0,99.0,99.00,
2020,06,17,23,00,241,2.6,3.3,99.00,99.00,99.00,999,1018.4,20.5,999.0,999.0,99.0,99.00,
2020,06,18,00,00,256,2.5,3.2,99.00,99.00,99.00,999,1018.8,20.5,999.0,999.0,99.0,99.00,
2020,06,18,01,00,251,1.2,1.3,99.00,99.00,99.00,999,1018.6,20.0,999.0,999.0,99.0,99.00,
2020,06,18,02,00,236,2.5,2.8,99.00,99.00,99.00,999,1019.3,19.9,999.0,999.0,99.0,99.00,
2020,06,18,03,00,276,1.0,1.1,99.00,99.00,99.00,999,1019.5,19.2,999.0,999.0,99.0,99.00,
2020,06,18,04,00,253,1.6,1.8,99.00,99.00,99.00,999,1019.3,19.2,999.0,999.0,99.0,99.00,
2020,06,18,05,00,250,2.1,2.3,99.00,99.00,99.00,999,1019.2,19.7,999.0,999.0,99.0,99.00,
2020,06,18,06,00,270,1.7,1.8,99.00,99.00,99.00,999,1019.0,19.4,999.0,999.0,99.0,99.00,
2020,06,18,07,00,243,1.6,1.8,99.00,99.00,99.00,999,1018.6,20.1,999.0,999.0,99.0,99.00,
2020,06,18,08,00,239,1.4,2.2,99.00,99.00,99.00,999,1018.5,20.3,999.0,999.0,99.0,99.00,
2020,06,18,09,00,191,3.8,4.3,99.00,99.00,99.00,999,1018.7,21.8,999.0,999.0,99.0,99.00,
2020,06,18,10,00,179,2.0,2.4,99.00,99.00,99.00,999,1018.9,22.1,999.0,999.0,99.0,99.00,
2020,06,18,11,00,130,2.3,2.5,99.00,99.00,99.00,999,1019.2,22.5,999.0,999.0,99.0,99.00,
2020,06,18,12,00,72,1.6,1.9,99.00,99.00,99.00,999,1019.6,22.6,999.0,999.0,99.0,99.00,
2020,06,18,13,00,104,3.0,3.4,99.00,99.00,99.00,999,1020.1,22.6,999.0,999.0,99.0,99.00,
2020,06,18,14,00,104,6.0,6.4,99.00,99.00,99.00,999,1020.4,22.5,999.0,999.0,99.0,99.00,
2020,06,18,15,00,105,5.2,5.9,99.00,99.00,99.00,999,1020.8,23.2,999.0,999.0,99.0,99.00,
2020,06,18,16,00,81,4.1,4.9,99.00,99.00,99.00,999,1020.7,23.4,999.0,999.0,99.0,99.00,
2020,06,18,17,00,109,5.9,7.2,99.00,99.00,99.00,999,1020.3,23.1,999.0,999.0,99.0,99.00,
2020,06,18,18,00,130,5.7,6.3,99.00,99.00,99.00,999,1020.2,22.9,999.0,999.0,99.0,99.00,
2020,06,18,19,00,99,5.3,5.9,99.00,99.00,99.00,999,1019.6,23.5,999.0,999.0,99.0,99.00,
2020,06,18,20,00,117,5.8,6.4,99.00,99.00,99.00,999,1019.2,23.9,999.0,999.0,99.0,99.00,
2020,06,18,21,00,114,6.3,6.8,99.00,99.00,99.00,999,1018.9,24.0,999.0,999.0,99.0,99.00,
2020,06,18,22,00,103,6.9,8.1,99.00,99.00,99.00,999,1018.7,24.2,999.0,999.0,99.0,99.00,
2020,06,18,23,00,103,6.7,7.3,99.00,99.00,99.00,999,1018.5,24.4,999.0,999.0,99.0,99.00,
2020,06,19,00,00,128,7.5,8.3,99.00,99.00,99.00,999,1018.8,24.4,999.0,999.0,99.0,99.00,
2020,06,19,01,00,131,8.6,9.6,99.00,99.00,99.00,999,1018.9,24.1,999.0,999.0,99.0,99.00,
2020,06,19,02,00,139,9.3,10.2,99.00,99.00,99.00,999,1019.6,23.9,999.0,999.0,99.0,99.00,
2020,06,19,03,00,136,7.4,8.6,99.00,99.00,99.00,999,1019.9,23.9,999.0,999.0,99.0,99.00,
2020,06,19,04,00,144,8.4,9.2,99.00,99.00,99.00,999,1019.8,23.9,999.0,999.0,99.0,99.00,
2020,06,19,05,00,150,6.3,7.2,99.00,99.00,99.00,999,1019.3,24.2,999.0,999.0,99.0,99.00,
2020,06,19,06,00,169,3.8,4.2,99.00,99.00,99.00,999,1018.9,24.3,999.0,999.0,99.0,99.00,
2020,06,19,07,00,197,2.0,2.3,99.00,99.00,99.00,999,1018.4,24.0,999.0,999.0,99.0,99.00,
2020,06,19,08,00,215,2.0,2.2,99.00,99.00,99.00,999,1018.3,23.9,999.0,999.0,99.0,99.00,
2020,06,19,09,00,248,1.1,1.3,99.00,99.00,99.00,999,1018.3,22.9,999.0,999.0,99.0,99.00,
2020,06,19,10,00,23,1.6,2.0,99.00,99.00,99.00,999,1018.8,22.6,999.0,999.0,99.0,99.00,
2020,06,19,11,00,357,1.9,2.3,99.00,99.00,99.00,999,1019.5,23.5,999.0,999.0,99.0,99.00,
2020,06,19,12,00,6,2.2,2.6,99.00,99.00,99.00,999,1020.0,24.0,999.0,999.0,99.0,99.00,
2020,06,19,13,00,18,1.9,2.4,99.00,99.00,99.00,999,1020.3,24.8,999.0,999.0,99.0,99.00,
2020,06,19,14,00,88,2.7,3.0,99.00,99.00,99.00,999,1020.2,25.0,999.0,999.0,99.0,99.00,
2020,06,19,15,00,100,4.3,5.1,99.00,99.00,99.00,999,1020.2,24.8,999.0,999.0,99.0,99.00,
2020,06,19,16,00,107,3.6,4.2,99.00,99.00,99.00,999,1020.2,25.3,999.0,999.0,99.0,99.00,
2020,06,19,17,00,117,5.6,6.0,99.00,99.00,99.00,999,1019.8,25.4,999.0,999.0,99.0,99.00,
2020,06,19,18,00,138,4.8,5.6,99.00,99.00,99.00,999,1019.4,25.9,999.0,999.0,99.0,99.00,
2020,06,19,19,00,136,6.0,6.9,99.00,99.00,99.00,999,1018.6,25.6,999.0,999.0,99.0,99.00,
2020,06,19,20,00,132,6.0,6.4,99.00,99.00,99.00,999,1017.6,25.5,999.0,999.0,99.0,99.00,
2020,06,19,21,00,125,4.1,4.5,99.00,99.00,99.00,999,1018.5,25.4,999.0,999.0,99.0,99.00,
2020,06,19,22,00,340,3.4,4.7,99.00,99.00,99.00,999,1020.1,21.1,999.0,999.0,99.0,99.00,
2020,06,19,23,00,39,4.0,4.4,99.00,99.00,99.00,999,1019.3,22.1,999.0,999.0,99.0,99.00,
2020,06,20,00,00,112,5.9,6.5,99.00,99.00,99.00,999,1019.2,23.4,999.0,999.0,99.0,99.00,
2020,06,20,01,00,131,6.2,6.6,99.00,99.00,99.00,999,1018.0,23.9,999.0,999.0,99.0,99.00,
2020,06,20,02,00,139,4.9,6.0,99.00,99.00,99.00,999,1018.1,24.6,999.0,999.0,99.0,99.00,
2020,06,20,03,00,158,4.6,4.9,99.00,99.00,99.00,999,1018.6,24.7,999.0,999.0,99.0,99.00,
2020,06,20,04,00,204,1.8,2.1,99.00,99.00,99.00,999,1018.7,24.2,999.0,999.0,99.0,99.00,
2020,06,20,05,00,183,1.3,1.6,99.00,99.00,99.00,999,1018.6,24.1,999.0,999.0,99.0,99.00,
2020,06,20,06,00,323,1.7,2.0,99.00,99.00,99.00,999,1018.4,22.5,999.0,999.0,99.0,99.00,
2020,06,20,07,00,338,1.4,2.1,99.00,99.00,99.00,999,1018.0,21.6,999.0,999.0,99.0,99.00,
2020,06,20,08,00,313,1.6,2.0,99.00,99.00,99.00,999,1017.5,21.3,999.0,999.0,99.0,99.00,
2020,06,20,09,00,343,2.1,2.7,99.00,99.00,99.00,999,1017.5,21.4,999.0,999.0,99.0,99.00,
2020,06,20,10,00,11,1.9,2.5,99.00,99.00,99.00,999,1017.4,21.7,999.0,999.0,99.0,99.00,
2020,06,20,11,00,21,0.7,1.0,99.00,99.00,99.00,999,1017.7,21.7,999.0,999.0,99.0,99.00,
2020,06,20,12,00,11,0.1,0.2,99.00,99.00,99.00,999,1018.7,21.7,999.0,999.0,99.0,99.00,
2020,06,20,13,00,58,0.6,0.9,99.00,99.00,99.00,999,1019.1,22.3,999.0,999.0,99.0,99.00,
2020,06,20,14,00,14,1.3,2.0,99.00,99.00,99.00,999,1019.3,23.9,999.0,999.0,99.0,99.00,
2020,06,20,15,00,68,1.7,2.1,99.00,99.00,99.00,999,1019.4,24.4,999.0,999.0,99.0,99.00,
2020,06,20,16,00,105,1.9,2.1,99.00,99.00,99.00,999,1018.9,24.3,999.0,999.0,99.0,99.00,
2020,06,20,17,00,152,2.7,3.1,99.00,99.00,99.00,999,1018.6,25.1,999.0,999.0,99.0,99.00,
2020,06,20,18,00,171,3.5,3.8,99.00,99.00,99.00,999,1017.9,25.8,999.0,999.0,99.0,99.00,
2020,06,20,19,00,181,4.9,5.5,99.00,99.00,99.00,999,1017.4,26.5,999.0,999.0,99.0,99.00,
2020,06,20,20,00,183,5.1,5.9,99.00,99.00,99.00,999,1017.0,26.9,999.0,999.0,99.0,99.00,
2020,06,20,21,00,175,5.7,6.4,99.00,99.00,99.00,999,1016.6,26.0,999.0,999.0,99.0,99.00,
2020,06,20,22,00,158,6.2,6.9,99.00,99.00,99.00,999,1016.0,25.7,999.0,999.0,99.0,99.00,
2020,06,20,23,00,161,4.6,5.1,99.00,99.00,99.00,999,1016.3,26.0,999.0,999.0,99.0,99.00,
2020,06,21,00,00,180,7.1,7.9,99.00,99.00,99.00,999,1015.9,25.7,999.0,999.0,99.0,99.00,
2020,06,21,01,00,188,6.2,6.8,99.00,99.00,99.00,999,1016.3,25.6,999.0,999.0,99.0,99.00,
2020,06,21,02,00,201,4.7,5.5,99.00,99.00,99.00,999,1016.8,25.4,999.0,999.0,99.0,99.00,
2020,06,21,03,00,209,5.4,6.2,99.00,99.00,99.00,999,1017.0,25.6,999.0,999.0,99.0,99.00,
2020,06,21,04,00,96,4.2,4.7,99.00,99.00,99.00,999,1017.4,24.7,999.0,999.0,99.0,99.00,
2020,06,21,05,00,160,3.0,3.3,99.00,99.00,99.00,999,1017.0,25.4,999.0,999.0,99.0,99.00,
2020,06,21,06,00,195,3.1,3.6,99.00,99.00,99.00,999,1016.5,25.3,999.0,999.0,99.0,99.00,
2020,06,21,07,00,232,2.9,4.1,99.00,99.00,99.00,999,1015.9,24.8,999.0,999.0,99.0,99.00,
2020,06,21,08,00,255,2.0,2.7,99.00,99.00,99.00,999,1015.8,23.8,999.0,999.0,99.0,99.00,
2020,06,21,09,00,247,1.6,2.4,99.00,99.00,99.00,999,1016.0,23.3,999.0,999.0,99.0,99.00,
2020,06,21,10,00,257,1.2,2.1,99.00,99.00,99.00,999,1016.2,23.1,999.0,999.0,99.0,99.00,
2020,06,21,11,00,287,1.3,1.6,99.00,99.00,99.00,999,1016.8,23.2,999.0,999.0,99.0,99.00,
2020,06,21,12,00,257,1.7,2.4,99.00,99.00,99.00,999,1017.0,24.9,999.0,999.0,99.0,99.00,
2020,06,21,13,00,250,3.3,4.3,99.00,99.00,99.00,999,1017.3,26.6,999.0,999.0,99.0,99.00,
2020,06,21,14,00,215,4.2,4.9,99.00,99.00,99.00,999,1017.8,26.6,999.0,999.0,99.0,99.00,
2020,06,21,15,00,196,4.4,5.1,99.00,99.00,99.00,999,1018.0,26.8,999.0,999.0,99.0,99.00,
2020,06,21,16,00,201,4.3,5.1,99.00,99.00,99.00,999,1018.0,27.1,999.0,999.0,99.0,99.00,
2020,06,21,17,00,199,4.8,5.6,99.00,99.00,99.00,999,1018.1,27.4,999.0,999.0,99.0,99.00,
2020,06,21,18,00,199,4.6,5.5,99.00,99.00,99.00,999,1017.9,27.6,999.0,999.0,99.0,99.00,
2020,06,21,19,00,190,6.2,6.7,99.00,99.00,99.00,999,1017.3,27.6,999.0,999.0,99.0,99.00,
2020,06,21,20,00,184,5.8,6.3,99.00,99.00,99.00,999,1016.7,27.7,999.0,999.0,99.0,99.00,
2020,06,21,21,00,203,5.9,7.3,99.00,99.00,99.00,999,1016.6,27.1,999.0,999.0,99.0,99.00,
2020,06,21,22,00,202,5.3,6.1,99.00,99.00,99.00,999,1015.6,26.8,999.0,999.0,99.0,99.00,
2020,06,21,23,00,206,6.4,7.8,99.00,99.00,99.00,999,1015.7,27.0,999.0,999.0,99.0,99.00,
2020,06,22,00,00,202,4.7,5.8,99.00,99.00,99.00,999,1016.0,26.6,999.0,999.0,99.0,99.00,
2020,06,22,01,00,197,4.3,5.1,99.00,99.00,99.00,999,1016.3,26.2,999.0,999.0,99.0,99.00,
2020,06,22,02,00,196,4.4,5.1,99.00,99.00,99.00,999,1016.8,26.2,999.0,999.0,99.0,99.00,
2020,06,22,03,00,195,4.0,4.5,99.00,99.00,99.00,999,1016.8,26.2,999.0,999.0,99.0,99.00,
2020,06,22,04,00,199,4.4,5.4,99.00,99.00,99.00,999,1017.1,26.0,999.0,999.0,99.0,99.00,
2020,06,22,05,00,211,4.0,4.4,99.00,99.00,99.00,999,1017.3,26.0,999.0,999.0,99.0,99.00,
2020,06,22,06,00,187,4.4,4.9,99.00,99.00,99.00,999,1016.9,26.0,999.0,999.0,99.0,99.00,
2020,06,22,07,00,195,3.8,4.5,99.00,99.00,99.00,999,1016.8,25.9,999.0,999.0,99.0,99.00,
2020,06,22,08,00,240,2.0,2.5,99.00,99.00,99.00,999,1017.2,25.6,999.0,999.0,99.0,99.00,
2020,06,22,09,00,231,1.2,1.5,99.00,99.00,99.00,999,1017.1,25.4,999.0,999.0,99.0,99.00,
2020,06,22,10,00,273,0.5,0.5,99.00,99.00,99.00,999,1017.4,25.2,999.0,999.0,99.0,99.00,
2020,06,22,11,00,185,0.5,0.7,99.00,99.00,99.00,999,1017.8,25.4,999.0,999.0,99.0,99.00,
2020,06,22,12,00,215,1.9,2.1,99.00,99.00,99.00,999,1018.1,26.1,999.0,999.0,99.0,99.00,
2020,06,22,13,00,246,3.0,3.8,99.00,99.00,99.00,999,1018.3,27.6,999.0,999.0,99.0,99.00,
2020,06,22,14,00,197,3.6,4.2,99.00,99.00,99.00,999,1018.1,27.5,999.0,999.0,99.0,99.00,
2020,06,22,15,00,201,3.8,4.4,99.00,99.00,99.00,999,1018.1,27.7,999.0,999.0,99.0,99.00,
2020,06,22,16,00,206,5.7,6.7,99.00,99.00,99.00,999,1018.4,27.8,999.0,999.0,99.0,99.00,
2020,06,22,17,00,211,5.7,6.4,99.00,99.00,99.00,999,1018.2,27.9,999.0,999.0,99.0,99.00,
2020,06,22,18,00,199,5.5,6.6,99.00,99.00,99.00,999,1017.8,28.7,999.0,999.0,99.0,99.00,
2020,06,22,19,00,203,5.1,6.0,99.00,99.00,99.00,999,1017.4,28.4,999.0,999.0,99.0,99.00,
2020,06,22,20,00,203,4.8,5.7,99.00,99.00,99.00,999,1016.7,28.5,999.0,999.0,99.0,99.00,
2020,06,22,21,00,193,6.5,7.5,99.00,99.00,99.00,999,1016.5,28.2,999.0,999.0,99.0,99.00,
2020,06,22,22,00,188,8.2,9.1,99.00,99.00,99.00,999,1015.8,27.8,999.0,999.0,99.0,99.00,
2020,06,22,23,00,195,7.6,8.6,99.00,99.00,99.00,999,1015.9,27.2,999.0,999.0,99.0,99.00,
2020,06,23,00,00,199,5.9,6.8,99.00,99.00,99.00,999,1016.1,26.5,999.0,999.0,99.0,99.00,
2020,06,23,01,00,201,5.9,6.6,99.00,99.00,99.00,999,1016.3,26.4,999.0,999.0,99.0,99.00,
2020,06,23,02,00,214,5.5,6.2,99.00,99.00,99.00,999,1017.0,26.4,999.0,999.0,99.0,99.00,
2020,06,23,03,00,212,6.0,6.8,99.00,99.00,99.00,999,1017.1,26.4,999.0,999.0,99.0,99.00,
2020,06,23,04,00,214,6.2,6.8,99.00,99.00,99.00,999,1016.8,26.3,999.0,999.0,99.0,99.00,
2020,06,23,05,00,218,6.0,6.9,99.00,99.00,99.00,999,1016.1,26.4,999.0,999.0,99.0,99.00,
2020,06,23,06,00,222,6.3,7.6,99.00,99.00,99.00,999,1015.3,26.3,999.0,999.0,99.0,99.00,
2020,06,23,07,00,221,6.4,7.7,99.00,99.00,99.00,999,1015.1,26.1,999.0,999.0,99.0,99.00,
2020,06,23,08,00,228,5.1,6.4,99.00,99.00,99.00,999,1014.9,25.9,999.0,999.0,99.0,99.00,
2020,06,23,09,00,230,2.5,3.5,99.00,99.00,99.00,999,1014.3,26.0,999.0,999.0,99.0,99.00,
2020,06,23,10,00,249,3.4,4.5,99.00,99.00,99.00,999,1014.6,25.6,999.0,999.0,99.0,99.00,
2020,06,23,11,00,260,2.9,3.8,99.00,99.00,99.00,999,1014.8,25.5,999.0,999.0,99.0,99.00,
2020,06,23,12,00,261,4.0,5.5,99.00,99.00,99.00,999,1015.5,25.1,999.0,999.0,99.0,99.00,
2020,06,23,13,00,259,4.3,6.0,99.00,99.00,99.00,999,1015.4,27.2,999.0,999.0,99.0,99.00,
2020,06,23,14,00,250,3.9,6.0,99.00,99.00,99.00,999,1015.0,27.4,999.0,999.0,99.0,99.00,
2020,06,23,15,00,250,5.0,6.6,99.00,99.00,99.00,999,1014.8,27.9,999.0,999.0,99.0,99.00,
2020,06,23,16,00,211,6.8,8.0,99.00,99.00,99.00,999,1015.0,27.6,999.0,999.0,99.0,99.00,
2020,06,23,17,00,206,7.2,8.5,99.00,99.00,99.00,999,1014.8,27.8,999.0,999.0,99.0,99.00,
2020,06,23,18,00,198,6.0,6.9,99.00,99.00,99.00,999,1014.2,27.9,999.0,999.0,99.0,99.00,
2020,06,23,19,00,185,8.6,9.6,99.00,99.00,99.00,999,1013.6,27.3,999.0,999.0,99.0,99.00,
2020,06,23,20,00,201,9.1,11.3,99.00,99.00,99.00,999,1013.5,26.5,999.0,999.0,99.0,99.00,
2020,06,23,21,00,217,6.0,7.0,99.00,99.00,99.00,999,1012.6,24.9,999.0,999.0,99.0,99.00,
2020,06,23,22,00,206,8.7,9.7,99.00,99.00,99.00,999,1012.2,26.3,999.0,999.0,99.0,99.00,
2020,06,23,23,00,198,7.3,9.2,99.00,99.00,99.00,999,1011.6,26.2,999.0,999.0,99.0,99.00,
2020,06,24,00,00,208,8.7,9.7,99.00,99.00,99.00,999,1012.4,26.2,999.0,999.0,99.0,99.00,
2020,06,24,01,00,307,3.7,5.9,99.00,99.00,99.00,999,1013.8,25.5,999.0,999.0,99.0,99.00,
2020,06,24,02,00,192,5.3,6.1,99.00,99.00,99.00,999,1014.0,24.0,999.0,999.0,99.0,99.00,
2020,06,24,03,00,239,4.3,6.2,99.00,99.00,99.00,999,1013.6,24.1,999.0,999.0,99.0,99.00,
2020,06,24,04,00,241,4.5,6.4,99.00,99.00,99.00,999,1012.8,24.4,999.0,999.0,99.0,99.00,
2020,06,24,05,00,228,4.4,5.2,99.00,99.00,99.00,999,1012.4,24.1,999.0,999.0,99.0,99.00,
2020,06,24,06,00,241,4.0,6.0,99.00,99.00,99.00,999,1012.4,24.7,999.0,999.0,99.0,99.00,
2020,06,24,07,00,245,4.2,6.6,99.00,99.00,99.00,999,1012.2,24.5,999.0,999.0,99.0,99.00,
2020,06,24,08,00,239,4.5,7.1,99.00,99.00,99.00,999,1012.3,24.7,999.0,999.0,99.0,99.00,
2020,06,24,09,00,246,3.7,5.1,99.00,99.00,99.00,999,1012.4,24.2,999.0,999.0,99.0,99.00,
2020,06,24,10,00,259,3.1,4.1,99.00,99.00,99.00,999,1013.1,23.8,999.0,999.0,99.0,99.00,
2020,06,24,11,00,256,3.5,4.9,99.00,99.00,99.00,999,1013.3,23.7,999.0,999.0,99.0,99.00,
2020,06,24,12,00,259,5.3,6.5,99.00,99.00,99.00,999,1013.5,24.6,999.0,999.0,99.0,99.00,
2020,06,24,13,00,272,4.2,6.2,99.00,99.00,99.00,999,1014.0,25.6,999.0,999.0,99.0,99.00,
2020,06,24,14,00,297,3.8,4.8,99.00,99.00,99.00,999,1014.0,26.8,999.0,999.0,99.0,99.00,
2020,06,24,15,00,258,2.9,4.3,99.00,99.00,99.00,999,1014.4,28.3,999.0,999.0,99.0,99.00,
2020,06,24,16,00,204,4.6,5.7,99.00,99.00,99.00,999,1014.6,27.5,999.0,999.0,99.0,99.00,
2020,06,24,17,00,215,5.8,6.9,99.00,99.00,99.00,999,1014.7,27.5,999.0,999.0,99.0,99.00,
2020,06,24,18,00,199,4.6,5.4,99.00,99.00,99.00,999,1014.4,27.9,999.0,999.0,99.0,99.00,
2020,06,24,19,00,215,8.2,9.1,99.00,99.00,99.00,999,1014.5,27.7,999.0,999.0,99.0,99.00,
2020,06,24,20,00,204,8.1,9.3,99.00,99.00,99.00,999,1014.0,27.9,999.0,999.0,99.0,99.00,
2020,06,24,21,00,206,7.9,9.5,99.00,99.00,99.00,999,1013.4,28.0,999.0,999.0,99.0,99.00,
2020,06,24,22,00,20,2.0,6.0,99.00,99.00,99.00,999,1014.5,27.6,999.0,999.0,99.0,99.00,
2020,06,24,23,00,86,5.5,6.2,99.00,99.00,99.00,999,1015.0,24.7,999.0,999.0,99.0,99.00,
2020,06,25,00,00,82,5.5,6.0,99.00,99.00,99.00,999,1015.5,24.4,999.0,999.0,99.0,99.00,
2020,06,25,01,00,64,4.7,5.6,99.00,99.00,99.00,999,1016.0,24.7,999.0,999.0,99.0,99.00,
2020,06,25,02,00,327,4.7,6.7,99.00,99.00,99.00,999,1018.1,21.3,999.0,999.0,99.0,99.00,
2020,06,25,03,00,305,1.2,2.4,99.00,99.00,99.00,999,1018.1,21.1,999.0,999.0,99.0,99.00,
2020,06,25,04,00,129,2.4,2.6,99.00,99.00,99.00,999,1017.5,22.7,999.0,999.0,99.0,99.00,
2020,06,25,05,00,195,2.1,2.3,99.00,99.00,99.00,999,1017.3,23.3,999.0,999.0,99.0,99.00,
2020,06,25,06,00,194,3.6,4.1,99.00,99.00,99.00,999,1016.7,23.8,999.0,999.0,99.0,99.00,
2020,06,25,07,00,222,3.6,5.4,99.00,99.00,99.00,999,1016.5,23.8,999.0,999.0,99.0,99.00,
2020,06,25,08,00,234,3.4,4.2,99.00,99.00,99.00,999,1016.4,23.9,999.0,999.0,99.0,99.00,
2020,06,25,09,00,215,3.0,4.0,99.00,99.00,99.00,999,1015.8,24.1,999.0,999.0,99.0,99.00,
2020,06,25,10,00,213,7.3,8.1,99.00,99.00,99.00,999,1016.5,25.4,999.0,999.0,99.0,99.00,
2020,06,25,11,00,228,5.1,6.5,99.00,99.00,99.00,999,1016.7,25.4,999.0,999.0,99.0,99.00,
2020,06,25,12,00,221,6.5,7.9,99.00,99.00,99.00,999,1017.2,25.8,999.0,999.0,99.0,99.00,
2020,06,25,13,00,230,4.2,5.8,99.00,99.00,99.00,999,1017.8,26.1,999.0,999.0,99.0,99.00,
2020,06,25,14,00,230,6.1,8.7,99.00,99.00,99.00,999,1018.5,26.5,999.0,999.0,99.0,99.00,
2020,06,25,15,00,247,4.8,7.1,99.00,99.00,99.00,999,1018.9,26.6,999.0,999.0,99.0,99.00,
2020,06,25,16,00,250,5.3,7.4,99.00,99.00,99.00,999,1019.1,26.7,999.0,999.0,99.0,99.00,
2020,06,25,17,00,264,5.7,7.7,99.00,99.00,99.00,999,1018.7,27.7,999.0,999.0,99.0,99.00,
2020,06,25,18,00,249,5.1,6.3,99.00,99.00,99.00,999,1018.5,27.5,999.0,999.0,99.0,99.00,
2020,06,25,19,00,262,4.3,6.2,99.00,99.00,99.00,999,1018.2,28.3,999.0,999.0,99.0,99.00,
2020,06,25,20,00,268,4.1,5.8,99.00,99.00,99.00,999,1018.0,29.1,999.0,999.0,99.0,99.00,
2020,06,25,21,00,274,4.4,6.5,99.00,99.00,99.00,999,1017.9,29.0,999.0,999.0,99.0,99.00,
2020,06,25,22,00,253,4.1,6.3,99.00,99.00,99.00,999,1017.9,29.4,999.0,999.0,99.0,99.00,
2020,06,25,23,00,256,4.9,6.5,99.00,99.00,99.00,999,1018.2,29.2,999.0,999.0,99.0,99.00,
2020,06,26,00,00,258,3.9,4.9,99.00,99.00,99.00,999,1018.5,28.0,999.0,999.0,99.0,99.00,
2020,06,26,01,00,230,2.3,3.0,99.00,99.00,99.00,999,1018.6,26.7,999.0,999.0,99.0,99.00,
2020,06,26,02,00,241,4.4,5.4,99.00,99.00,99.00,999,1019.2,26.7,999.0,999.0,99.0,99.00,
2020,06,26,03,00,254,3.0,4.4,99.00,99.00,99.00,999,1019.7,26.5,999.0,999.0,99.0,99.00,
2020,06,26,04,00,256,3.7,5.1,99.00,99.00,99.00,999,1020.1,26.1,999.0,999.0,99.0,99.00,
2020,06,26,05,00,263,3.8,5.4,99.00,99.00,99.00,999,1020.2,25.6,999.0,999.0,99.0,99.00,
2020,06,26,06,00,258,1.2,1.9,99.00,99.00,99.00,999,1020.1,24.8,999.0,999.0,99.0,99.00,
2020,06,26,07,00,260,2.4,3.7,99.00,99.00,99.00,999,1020.2,24.5,999.0,999.0,99.0,99.00,
2020,06,26,08,00,250,2.5,3.6,99.00,99.00,99.00,999,1020.7,24.0,999.0,999.0,99.0,99.00,
2020,06,26,09,00,256,2.3,3.1,99.00,99.00,99.00,999,1021.2,23.9,999.0,999.0,99.0,99.00,
2020,06,26,10,00,271,2.2,3.0,99.00,99.00,99.00,999,1021.7,23.6,999.0,999.0,99.0,99.00,
2020,06,26,11,00,245,1.4,1.9,99.00,99.00,99.00,999,1021.3,24.0,999.0,999.0,99.0,99.00,
2020,06,26,12,00,262,3.0,4.2,99.00,99.00,99.00,999,1021.6,25.1,999.0,999.0,99.0,99.00,
2020,06,26,13,00,299,2.3,3.5,99.00,99.00,99.00,999,1021.9,26.1,999.0,999.0,99.0,99.00,
2020,06,26,14,00,264,2.8,3.9,99.00,99.00,99.00,999,1021.7,27.8,999.0,999.0,99.0,99.00,
2020,06,26,15,00,260,2.1,3.0,99.00,99.00,99.00,999,1021.5,28.9,999.0,999.0,99.0,99.00,
2020,06,26,16,00,205,3.3,3.8,99.00,99.00,99.00,999,1021.4,28.3,999.0,999.0,99.0,99.00,
2020,06,26,17,00,207,5.6,6.3,99.00,99.00,99.00,999,1021.4,27.6,999.0,999.0,99.0,99.00,
2020,06,26,18,00,211,7.2,8.1,99.00,99.00,99.00,999,1021.1,27.8,999.0,999.0,99.0,99.00,
2020,06,26,19,00,203,5.8,7.3,99.00,99.00,99.00,999,1020.6,27.8,999.0,999.0,99.0,99.00,
2020,06,26,20,00,208,5.2,6.0,99.00,99.00,99.00,999,1019.7,28.5,999.0,999.0,99.0,99.00,
2020,06,26,21,00,198,4.4,5.0,99.00,99.00,99.00,999,1019.4,28.7,999.0,999.0,99.0,99.00,
2020,06,26,22,00,227,1.6,2.2,99.00,99.00,99.00,999,1019.1,30.0,999.0,999.0,99.0,99.00,
2020,06,26,23,00,266,1.2,2.2,99.00,99.00,99.00,999,1019.5,31.1,999.0,999.0,99.0,99.00,
2020,06,27,00,00,255,1.5,2.2,99.00,99.00,99.00,999,1019.8,29.8,999.0,999.0,99.0,99.00,
2020,06,27,01,00,245,2.3,2.8,99.00,99.00,99.00,999,1019.8,28.6,999.0,999.0,99.0,99.00,
2020,06,27,02,00,243,2.2,2.8,99.00,99.00,99.00,999,1020.0,27.8,999.0,999.0,99.0,99.00,
2020,06,27,03,00,271,2.0,3.3,99.00,99.00,99.00,999,1020.0,27.5,999.0,999.0,99.0,99.00,
2020,06,27,04,00,309,1.7,2.7,99.00,99.00,99.00,999,1020.2,27.0,999.0,999.0,99.0,99.00,
2020,06,27,05,00,261,2.4,3.4,99.00,99.00,99.00,999,1019.9,26.7,999.0,999.0,99.0,99.00,
2020,06,27,06,00,260,3.6,5.1,99.00,99.00,99.00,999,1019.5,26.5,999.0,999.0,99.0,99.00,
2020,06,27,07,00,260,3.3,4.1,99.00,99.00,99.00,999,1019.2,26.0,999.0,999.0,99.0,99.00,
2020,06,27,08,00,253,3.0,4.1,99.00,99.00,99.00,999,1018.8,25.4,999.0,999.0,99.0,99.00,
2020,06,27,09,00,259,2.2,2.9,99.00,99.00,99.00,999,1018.6,24.9,999.0,999.0,99.0,99.00,
2020,06,27,10,00,251,3.0,4.2,99.00,99.00,99.00,999,1018.4,24.2,999.0,999.0,99.0,99.00,
2020,06,27,11,00,260,2.3,3.2,99.00,99.00,99.00,999,1018.5,24.3,999.0,999.0,99.0,99.00,
2020,06,27,12,00,261,4.5,6.8,99.00,99.00,99.00,999,1018.6,25.2,999.0,999.0,99.0,99.00,
2020,06,27,13,00,264,4.9,6.4,99.00,99.00,99.00,999,1018.7,26.4,999.0,999.0,99.0,99.00,
2020,06,27,14,00,256,4.0,5.8,99.00,99.00,99.00,999,1018.6,26.4,999.0,999.0,99.0,99.00,
2020,06,27,15,00,272,4.8,6.8,99.00,99.00,99.00,999,1018.9,26.4,999.0,999.0,99.0,99.00,
2020,06,27,16,00,282,4.8,7.7,99.00,99.00,99.00,999,1018.5,27.0,999.0,999.0,99.0,99.00,
2020,06,27,17,00,291,5.2,6.8,99.00,99.00,99.00,999,1018.1,29.2,999.0,999.0,99.0,99.00,
2020,06,27,18,00,295,5.6,7.5,99.00,99.00,99.00,999,1017.4,30.8,999.0,999.0,99.0,99.00,
2020,06,27,19,00,306,4.3,7.9,99.00,99.00,99.00,999,1017.2,31.4,999.0,999.0,99.0,99.00,
2020,06,27,20,00,305,2.6,4.5,99.00,99.00,99.00,999,1016.6,30.9,999.0,999.0,99.0,99.00,
2020,06,27,21,00,276,3.1,4.7,99.00,99.00,99.00,999,1016.0,31.1,999.0,999.0,99.0,99.00,
2020,06,27,22,00,286,3.6,5.7,99.00,99.00,99.00,999,1016.1,30.7,999.0,999.0,99.0,99.00,
2020,06,27,23,00,279,2.3,3.4,99.00,99.00,99.00,999,1016.1,30.3,999.0,999.0,99.0,99.00,
2020,06,28,00,00,236,2.3,2.7,99.00,99.00,99.00,999,1016.2,29.2,999.0,999.0,99.0,99.00,
2020,06,28,01,00,224,4.1,5.0,99.00,99.00,99.00,999,1016.5,28.0,999.0,999.0,99.0,99.00,
2020,06,28,02,00,236,3.8,4.8,99.00,99.00,99.00,999,1016.5,27.6,999.0,999.0,99.0,99.00,
2020,06,28,03,00,323,3.7,4.8,99.00,99.00,99.00,999,1017.5,24.3,999.0,999.0,99.0,99.00,
2020,06,28,04,00,256,2.2,2.9,99.00,99.00,99.00,999,1016.6,24.8,999.0,999.0,99.0,99.00,
2020,06,28,05,00,247,3.5,5.1,99.00,99.00,99.00,999,1016.4,25.0,999.0,999.0,99.0,99.00,
2020,06,28,06,00,232,3.9,4.7,99.00,99.00,99.00,999,1015.6,25.1,999.0,999.0,99.0,99.00,
2020,06,28,07,00,266,2.9,4.0,99.00,99.00,99.00,999,1015.0,25.4,999.0,999.0,99.0,99.00,
2020,06,28,08,00,286,2.2,3.7,99.00,99.00,99.00,999,1015.2,24.8,999.0,999.0,99.0,99.00,
2020,06,28,09,00,269,1.3,1.8,99.00,99.00,99.00,999,1015.6,24.6,999.0,999.0,99.0,99.00,
2020,06,28,10,00,238,2.2,3.2,99.00,99.00,99.00,999,1015.8,24.2,999.0,999.0,99.0,99.00,
2020,06,28,11,00,264,1.5,2.2,99.00,99.00,99.00,999,1016.1,24.6,999.0,999.0,99.0,99.00,
2020,06,28,12,00,253,2.6,3.6,99.00,99.00,99.00,999,1016.3,24.8,999.0,999.0,99.0,99.00,
2020,06,28,13,00,246,2.3,3.3,99.00,99.00,99.00,999,1016.5,25.7,999.0,999.0,99.0,99.00,
2020,06,28,14,00,261,2.9,4.2,99.00,99.00,99.00,999,1016.1,28.1,999.0,999.0,99.0,99.00,
2020,06,28,15,00,267,4.7,6.6,99.00,99.00,99.00,999,1015.6,29.3,999.0,999.0,99.0,99.00,
2020,06,28,16,00,268,5.7,7.6,99.00,99.00,99.00,999,1015.2,30.8,999.0,999.0,99.0,99.00,
2020,06,28,17,00,259,4.8,6.9,99.00,99.00,99.00,999,1014.9,31.4,999.0,999.0,99.0,99.00,
2020,06,28,18,00,215,6.3,7.6,99.00,99.00,99.00,999,1014.5,28.4,999.0,999.0,99.0,99.00,
2020,06,28,19,00,215,6.3,7.7,99.00,99.00,99.00,999,1014.2,29.0,999.0,999.0,99.0,99.00,
2020,06,28,20,00,215,8.2,9.9,99.00,99.00,99.00,999,1013.6,28.7,999.0,999.0,99.0,99.00,
2020,06,28,21,00,217,6.9,8.1,99.00,99.00,99.00,999,1013.1,28.9,999.0,999.0,99.0,99.00,
2020,06,28,22,00,222,7.4,8.9,99.00,99.00,99.00,999,1012.7,28.9,999.0,999.0,99.0,99.00,
2020,06,28,23,00,222,7.4,8.5,99.00,99.00,99.00,999,1012.6,28.5,999.0,999.0,99.0,99.00,
2020,06,29,00,00,226,6.8,8.6,99.00,99.00,99.00,999,1012.6,28.2,999.0,999.0,99.0,99.00,
2020,06,29,01,00,232,4.6,7.3,99.00,99.00,99.00,999,1012.9,28.1,999.0,999.0,99.0,99.00,
2020,06,29,02,00,230,5.0,6.5,99.00,99.00,99.00,999,1013.6,28.1,999.0,999.0,99.0,99.00,
2020,06,29,03,00,235,4.1,5.7,99.00,99.00,99.00,999,1013.7,27.8,999.0,999.0,99.0,99.00,
2020,06,29,04,00,350,5.6,6.8,99.00,99.00,99.00,999,1015.0,26.8,999.0,999.0,99.0,99.00,
2020,06,29,05,00,0,0.0,0.0,99.00,99.00,99.00,999,1014.4,26.0,999.0,999.0,99.0,99.00,
2020,06,29,06,00,146,2.6,2.7,99.00,99.00,99.00,999,1013.8,26.4,999.0,999.0,99.0,99.00,
2020,06,29,07,00,160,2.5,2.7,99.00,99.00,99.00,999,1013.3,26.5,999.0,999.0,99.0,99.00,
2020,06,29,08,00,198,2.0,2.3,99.00,99.00,99.00,999,1013.3,26.6,999.0,999.0,99.0,99.00,
2020,06,29,09,00,245,4.3,5.9,99.00,99.00,99.00,999,1013.1,27.2,999.0,999.0,99.0,99.00,
2020,06,29,10,00,254,2.8,4.2,99.00,99.00,99.00,999,1013.7,26.0,999.0,999.0,99.0,99.00,
2020,06,29,11,00,258,3.2,4.2,99.00,99.00,99.00,999,1013.9,26.3,999.0,999.0,99.0,99.00,
2020,06,29,12,00,263,4.1,5.5,99.00,99.00,99.00,999,1014.5,27.2,999.0,999.0,99.0,99.00,
2020,06,29,13,00,276,3.9,5.9,99.00,99.00,99.00,999,1014.8,28.8,999.0,999.0,99.0,99.00,
2020,06,29,14,00,280,4.5,6.9,99.00,99.00,99.00,999,1015.0,29.7,999.0,999.0,99.0,99.00,
2020,06,29,15,00,294,4.9,8.0,99.00,99.00,99.00,999,1014.8,30.7,999.0,999.0,99.0,99.00,
2020,06,29,16,00,302,4.4,5.6,99.00,99.00,99.00,999,1014.7,31.8,999.0,999.0,99.0,99.00,
2020,06,29,17,00,286,3.6,5.6,99.00,99.00,99.00,999,1014.2,32.5,999.0,999.0,99.0,99.00,
2020,06,29,18,00,292,3.3,4.8,99.00,99.00,99.00,999,1013.9,33.2,999.0,999.0,99.0,99.00,
2020,06,29,19,00,299,3.1,4.6,99.00,99.00,99.00,999,1013.5,33.0,999.0,999.0,99.0,99.00,
2020,06,29,20,00,304,3.0,4.7,99.00,99.00,99.00,999,1013.1,32.8,999.0,999.0,99.0,99.00,
2020,06,29,21,00,297,3.8,5.5,99.00,99.00,99.00,999,1012.6,33.4,999.0,29.5,99.0,99.00,
2020,06,29,22,00,303,3.8,5.6,99.00,99.00,99.00,999,1012.7,33.0,999.0,999.0,99.0,99.00,
2020,06,29,23,00,299,1.5,1.9,99.00,99.00,99.00,999,1012.4,31.8,999.0,999.0,99.0,99.00,
2020,06,30,00,00,288,2.1,2.8,99.00,99.00,99.00,999,1012.9,30.1,999.0,999.0,99.0,99.00,
2020,06,30,01,00,334,1.7,2.3,99.00,99.00,99.00,999,1013.2,29.5,999.0,999.0,99.0,99.00,
2020,06,30,02,00,69,1.5,1.7,99.00,99.00,99.00,999,1013.3,28.8,999.0,999.0,99.0,99.00,
2020,06,30,03,00,237,1.2,1.2,99.00,99.00,99.00,999,1014.0,28.4,999.0,999.0,99.0,99.00,
2020,06,30,04,00,282,1.3,1.3,99.00,99.00,99.00,999,1014.0,28.8,999.0,999.0,99.0,99.00,
2020,06,30,05,00,250,0.3,1.0,99.00,99.00,99.00,999,1013.2,28.2,999.0,999.0,99.0,99.00,
2020,06,30,06,00,226,2.0,2.2,99.00,99.00,99.00,999,1013.0,27.3,999.0,999.0,99.0,99.00,
2020,06,30,07,00,243,1.3,1.4,99.00,99.00,99.00,999,1012.5,27.0,999.0,999.0,99.0,99.00,
2020,06,30,08,00,257,0.9,1.4,99.00,99.00,99.00,999,1012.2,27.4,999.0,999.0,99.0,99.00,
2020,06,30,09,00,253,2.1,2.4,99.00,99.00,99.00,999,1012.5,26.9,999.0,999.0,99.0,99.00,
2020,06,30,10,00,260,0.8,1.0,99.00,99.00,99.00,999,1013.0,26.6,999.0,999.0,99.0,99.00,
2020,06,30,11,00,239,1.8,2.1,99.00,99.00,99.00,999,1013.6,26.2,999.0,999.0,99.0,99.00,
2020,06,30,12,00,292,2.3,3.6,99.00,99.00,99.00,999,1013.4,27.1,999.0,999.0,99.0,99.00,
2020,06,30,13,00,274,2.3,3.5,99.00,99.00,99.00,999,1013.5,28.9,999.0,999.0,99.0,99.00,
2020,06,30,14,00,287,3.2,4.6,99.00,99.00,99.00,999,1013.7,30.6,999.0,999.0,99.0,99.00,
2020,06,30,15,00,253,2.9,3.5,99.00,99.00,99.00,999,1013.6,30.7,999.0,999.0,99.0,99.00,
2020,06,30,16,00,245,2.8,3.9,99.00,99.00,99.00,999,1013.7,31.1,999.0,999.0,99.0,99.00,
2020,06,30,17,00,201,4.3,5.3,99.00,99.00,99.00,999,1013.6,30.2,999.0,999.0,99.0,99.00,
2020,06,30,18,00,207,4.3,5.3,99.00,99.00,99.00,999,1013.2,30.2,999.0,999.0,99.0,99.00,
2020,06,30,19,00,187,5.3,6.1,99.00,99.00,99.00,999,1012.2,29.9,999.0,999.0,99.0,99.00,
2020,06,30,20,00,196,5.2,6.8,99.00,99.00,99.00,999,1011.5,30.7,999.0,999.0,99.0,99.00,
2020,06,30,21,00,203,6.1,7.6,99.00,99.00,99.00,999,1011.1,30.1,999.0,999.0,99.0,99.00,
2020,06,30,22,00,218,5.6,6.3,99.00,99.00,99.00,999,1010.8,29.8,999.0,999.0,99.0,99.00,
2020,06,30,23,00,3,2.1,4.0,99.00,99.00,99.00,999,1011.5,29.1,999.0,999.0,99.0,99.00,
2020,07,01,00,00,12,3.6,4.7,99.00,99.00,99.00,999,1012.3,25.2,999.0,999.0,99.0,99.00,
2020,07,01,01,00,268,5.6,7.7,99.00,99.00,99.00,999,1012.3,24.9,999.0,999.0,99.0,99.00,
2020,07,01,02,00,5,7.6,9.0,99.00,99.00,99.00,999,1012.7,24.3,999.0,999.0,99.0,99.00,
2020,07,01,03,00,0,0.0,0.0,99.00,99.00,99.00,999,1013.6,23.9,999.0,999.0,99.0,99.00,
2020,07,01,04,00,297,1.0,1.2,99.00,99.00,99.00,999,1013.0,23.7,999.0,999.0,99.0,99.00,
2020,07,01,05,00,277,1.2,1.9,99.00,99.00,99.00,999,1012.6,23.5,999.0,999.0,99.0,99.00,
2020,07,01,06,00,223,2.3,2.9,99.00,99.00,99.00,999,1011.8,24.0,999.0,999.0,99.0,99.00,
2020,07,01,07,00,243,3.1,3.7,99.00,99.00,99.00,999,1011.0,24.7,999.0,999.0,99.0,99.00,
2020,07,01,08,00,286,1.4,2.2,99.00,99.00,99.00,999,1011.0,25.1,999.0,999.0,99.0,99.00,
2020,07,01,09,00,260,2.1,2.7,99.00,99.00,99.00,999,1011.3,25.1,999.0,999.0,99.0,99.00,
2020,07,01,10,00,272,1.4,2.0,99.00,99.00,99.00,999,1011.9,24.8,999.0,999.0,99.0,99.00,
2020,07,01,11,00,258,0.8,1.3,99.00,99.00,99.00,999,1012.4,24.8,999.0,999.0,99.0,99.00,
2020,07,01,12,00,322,0.9,1.3,99.00,99.00,99.00,999,1012.8,25.1,999.0,999.0,99.0,99.00,
2020,07,01,13,00,35,1.6,2.1,99.00,99.00,99.00,999,1013.1,26.2,999.0,999.0,99.0,99.00,
2020,07,01,14,00,327,0.7,2.1,99.00,99.00,99.00,999,1013.2,27.2,999.0,999.0,99.0,99.00,
2020,07,01,15,00,144,2.2,2.5,99.00,99.00,99.00,999,1013.3,26.9,999.0,999.0,99.0,99.00,
2020,07,01,16,00,168,3.4,3.8,99.00,99.00,99.00,999,1013.1,27.2,999.0,999.0,99.0,99.00,
2020,07,01,17,00,176,4.7,5.1,99.00,99.00,99.00,999,1012.9,27.7,999.0,999.0,99.0,99.00,
2020,07,01,18,00,185,3.8,4.4,99.00,99.00,99.00,999,1012.3,29.1,999.0,999.0,99.0,99.00,
2020,07,01,19,00,195,6.4,7.7,99.00,99.00,99.00,999,1011.1,29.4,999.0,999.0,99.0,99.00,
2020,07,01,20,00,206,6.9,8.3,99.00,99.00,99.00,999,1010.8,29.5,999.0,999.0,99.0,99.00,
2020,07,01,21,00,208,7.7,9.1,99.00,99.00,99.00,999,1010.6,29.0,999.0,999.0,99.0,99.00,
2020,07,01,22,00,207,7.2,8.6,99.00,99.00,99.00,999,1010.8,29.1,999.0,999.0,99.0,99.00,
2020,07,01,23,00,214,6.6,7.9,99.00,99.00,99.00,999,1010.6,28.8,999.0,999.0,99.0,99.00,
2020,07,02,00,00,222,7.0,8.8,99.00,99.00,99.00,999,1010.8,28.5,999.0,999.0,99.0,99.00,
2020,07,02,01,00,293,4.5,6.2,99.00,99.00,99.00,999,1011.0,27.9,999.0,999.0,99.0,99.00,
2020,07,02,02,00,299,2.4,3.2,99.00,99.00,99.00,999,1011.3,25.7,999.0,999.0,99.0,99.00,
2020,07,02,03,00,278,1.8,2.4,99.00,99.00,99.00,999,1011.8,26.3,999.0,999.0,99.0,99.00,
2020,07,02,04,00,257,1.6,2.1,99.00,99.00,99.00,999,1011.6,25.5,999.0,999.0,99.0,99.00,
2020,07,02,05,00,241,2.7,3.4,99.00,99.00,99.00,999,1011.5,25.4,999.0,999.0,99.0,99.00,
2020,07,02,06,00,243,2.4,3.2,99.00,99.00,99.00,999,1011.5,25.4,999.0,999.0,99.0,99.00,
2020,07,02,07,00,245,1.6,2.1,99.00,99.00,99.00,999,1011.2,25.6,999.0,999.0,99.0,99.00,
2020,07,02,08,00,248,2.4,3.2,99.00,99.00,99.00,999,1011.2,25.2,999.0,999.0,99.0,99.00,
2020,07,02,09,00,267,0.7,0.9,99.00,99.00,99.00,999,1010.9,24.9,999.0,999.0,99.0,99.00,
2020,07,02,10,00,261,1.7,2.6,99.00,99.00,99.00,999,1010.5,24.2,999.0,999.0,99.0,99.00,
2020,07,02,11,00,261,2.8,4.0,99.00,99.00,99.00,999,1011.4,24.3,999.0,999.0,99.0,99.00,
2020,07,02,12,00,257,3.9,5.6,99.00,99.00,99.00,999,1011.7,24.5,999.0,999.0,99.0,99.00,
2020,07,02,13,00,254,2.4,3.1,99.00,99.00,99.00,999,1012.1,25.5,999.0,999.0,99.0,99.00,
2020,07,02,14,00,317,1.6,3.3,99.00,99.00,99.00,999,1012.4,26.3,999.0,999.0,99.0,99.00,
2020,07,02,15,00,200,3.5,4.1,99.00,99.00,99.00,999,1012.4,26.8,999.0,999.0,99.0,99.00,
2020,07,02,16,00,191,3.8,4.5,99.00,99.00,99.00,999,1012.3,26.4,999.0,999.0,99.0,99.00,
2020,07,02,17,00,195,4.4,4.9,99.00,99.00,99.00,999,1012.1,28.2,999.0,999.0,99.0,99.00,
2020,07,02,18,00,189,4.9,5.8,99.00,99.00,99.00,999,1011.8,28.8,999.0,999.0,99.0,99.00,
2020,07,02,19,00,186,3.8,4.4,99.00,99.00,99.00,999,1011.6,27.9,999.0,999.0,99.0,99.00,
2020,07,02,20,00,240,3.0,4.1,99.00,99.00,99.00,999,1011.1,25.9,999.0,999.0,99.0,99.00,
2020,07,02,21,00,218,3.4,4.4,99.00,99.00,99.00,999,1011.0,27.7,999.0,999.0,99.0,99.00,
2020,07,02,22,00,286,2.4,3.4,99.00,99.00,99.00,999,1011.0,27.9,999.0,999.0,99.0,99.00,
2020,07,02,23,00,355,3.5,4.5,99.00,99.00,99.00,999,1011.4,27.9,999.0,999.0,99.0,99.00,
2020,07,03,00,00,41,1.4,1.5,99.00,99.00,99.00,999,1011.8,26.5,999.0,999.0,99.0,99.00,
2020,07,03,01,00,99,2.8,3.1,99.00,99.00,99.00,999,1012.3,27.5,999.0,999.0,99.0,99.00,
2020,07,03,02,00,86,0.8,1.1,99.00,99.00,99.00,999,1012.8,27.4,999.0,999.0,99.0,99.00,
2020,07,03,03,00,54,2.5,2.8,99.00,99.00,99.00,999,1013.5,27.5,999.0,999.0,99.0,99.00,
2020,07,03,04,00,26,2.7,3.0,99.00,99.00,99.00,999,1013.3,26.8,999.0,999.0,99.0,99.00,
2020,07,03,05,00,347,1.2,1.9,99.00,99.00,99.00,999,1013.5,26.3,999.0,999.0,99.0,99.00,
2020,07,03,06,00,343,1.2,1.5,99.00,99.00,99.00,999,1013.1,25.5,999.0,999.0,99.0,99.00,
2020,07,03,07,00,331,1.5,1.9,99.00,99.00,99.00,999,1013.1,25.1,999.0,999.0,99.0,99.00,
2020,07,03,08,00,347,2.6,3.3,99.00,99.00,99.00,999,1012.8,25.1,999.0,999.0,99.0,99.00,
2020,07,03,09,00,339,1.9,2.6,99.00,99.00,99.00,999,1013.0,24.8,999.0,999.0,99.0,99.00,
2020,07,03,10,00,3,3.9,4.3,99.00,99.00,99.00,999,1013.3,24.9,999.0,999.0,99.0,99.00,
2020,07,03,11,00,10,3.4,3.9,99.00,99.00,99.00,999,1013.8,25.3,999.0,999.0,99.0,99.00,
2020,07,03,12,00,22,4.1,4.6,99.00,99.00,99.00,999,1014.2,25.7,999.0,999.0,99.0,99.00,
2020,07,03,13,00,32,3.2,3.8,99.00,99.00,99.00,999,1014.6,26.8,999.0,999.0,99.0,99.00,
2020,07,03,14,00,41,3.6,3.9,99.00,99.00,99.00,999,1014.8,27.5,999.0,999.0,99.0,99.00,
2020,07,03,15,00,67,3.5,3.9,99.00,99.00,99.00,999,1015.1,28.3,999.0,999.0,99.0,99.00,
2020,07,03,16,00,75,3.2,3.5,99.00,99.00,99.00,999,1015.3,29.1,999.0,999.0,99.0,99.00,
2020,07,03,17,00,100,4.3,4.6,99.00,99.00,99.00,999,1015.1,28.4,999.0,999.0,99.0,99.00,
2020,07,03,18,00,140,3.8,4.1,99.00,99.00,99.00,999,1014.9,28.3,999.0,999.0,99.0,99.00,
2020,07,03,19,00,132,4.1,4.3,99.00,99.00,99.00,999,1014.2,28.2,999.0,999.0,99.0,99.00,
2020,07,03,20,00,143,5.3,5.8,99.00,99.00,99.00,999,1013.7,28.3,999.0,999.0,99.0,99.00,
2020,07,03,21,00,140,6.1,6.8,99.00,99.00,99.00,999,1013.3,28.2,999.0,999.0,99.0,99.00,
2020,07,03,22,00,147,5.8,6.2,99.00,99.00,99.00,999,1013.3,28.3,999.0,999.0,99.0,99.00,
2020,07,03,23,00,162,5.3,5.8,99.00,99.00,99.00,999,1013.6,28.2,999.0,999.0,99.0,99.00,
2020,07,04,00,00,167,4.8,5.1,99.00,99.00,99.00,999,1013.8,28.1,999.0,999.0,99.0,99.00,
2020,07,04,01,00,187,4.3,4.8,99.00,99.00,99.00,999,1013.8,27.7,999.0,999.0,99.0,99.00,
2020,07,04,02,00,191,4.4,4.9,99.00,99.00,99.00,999,1014.0,27.3,999.0,999.0,99.0,99.00,
2020,07,04,03,00,203,1.6,2.3,99.00,99.00,99.00,999,1014.1,27.1,999.0,999.0,99.0,99.00,
2020,07,04,04,00,212,2.9,3.1,99.00,99.00,99.00,999,1014.2,27.1,999.0,999.0,99.0,99.00,
2020,07,04,05,00,219,3.1,3.8,99.00,99.00,99.00,999,1014.2,26.8,999.0,999.0,99.0,99.00,
2020,07,04,06,00,264,1.3,1.7,99.00,99.00,99.00,999,1014.2,25.6,999.0,999.0,99.0,99.00,
2020,07,04,07,00,254,1.4,1.9,99.00,99.00,99.00,999,1014.0,25.0,999.0,999.0,99.0,99.00,
2020,07,04,08,00,298,1.2,1.4,99.00,99.00,99.00,999,1014.0,24.9,999.0,999.0,99.0,99.00,
2020,07,04,09,00,305,1.2,1.4,99.00,99.00,99.00,999,1014.0,24.7,999.0,999.0,99.0,99.00,
2020,07,04,10,00,319,1.3,2.1,99.00,99.00,99.00,999,1014.1,24.6,999.0,999.0,99.0,99.00,
2020,07,04,11,00,318,1.2,1.9,99.00,99.00,99.00,999,1014.3,24.8,999.0,999.0,99.0,99.00,
2020,07,04,12,00,326,1.4,2.1,99.00,99.00,99.00,999,1014.6,26.2,999.0,999.0,99.0,99.00,
2020,07,04,13,00,315,0.9,1.6,99.00,99.00,99.00,999,1015.1,27.4,999.0,999.0,99.0,99.00,
2020,07,04,14,00,352,1.6,2.3,99.00,99.00,99.00,999,1015.1,29.0,999.0,999.0,99.0,99.00,
2020,07,04,15,00,49,1.9,2.3,99.00,99.00,99.00,999,1015.2,29.2,999.0,999.0,99.0,99.00,
2020,07,04,16,00,90,2.0,2.3,99.00,99.00,99.00,999,1015.4,29.9,999.0,999.0,99.0,99.00,
2020,07,04,17,00,128,3.3,3.7,99.00,99.00,99.00,999,1015.2,28.6,999.0,999.0,99.0,99.00,
2020,07,04,18,00,150,4.3,4.8,99.00,99.00,99.00,999,1015.0,28.7,999.0,999.0,99.0,99.00,
2020,07,04,19,00,161,4.9,5.3,99.00,99.00,99.00,999,1014.8,28.9,999.0,999.0,99.0,99.00,
2020,07,04,20,00,163,4.7,5.0,99.00,99.00,99.00,999,1014.5,28.8,999.0,999.0,99.0,99.00,
2020,07,04,21,00,165,5.0,5.5,99.00,99.00,99.00,999,1013.8,28.5,999.0,999.0,99.0,99.00,
2020,07,04,22,00,177,4.9,5.5,99.00,99.00,99.00,999,1013.7,28.5,999.0,999.0,99.0,99.00,
2020,07,04,23,00,174,5.0,5.9,99.00,99.00,99.00,999,1013.7,28.2,999.0,999.0,99.0,99.00,
2020,07,05,00,00,188,4.6,5.1,99.00,99.00,99.00,999,1013.7,28.1,999.0,999.0,99.0,99.00,
2020,07,05,01,00,182,4.3,5.0,99.00,99.00,99.00,999,1014.0,27.9,999.0,999.0,99.0,99.00,
2020,07,05,02,00,182,4.8,5.5,99.00,99.00,99.00,999,1014.4,27.9,999.0,999.0,99.0,99.00,
2020,07,05,03,00,171,4.8,5.6,99.00,99.00,99.00,999,1014.9,27.7,999.0,999.0,99.0,99.00,
2020,07,05,04,00,197,4.0,4.7,99.00,99.00,99.00,999,1015.0,27.5,999.0,999.0,99.0,99.00,
2020,07,05,05,00,178,5.0,5.8,99.00,99.00,99.00,999,1014.8,27.5,999.0,999.0,99.0,99.00,
2020,07,05,06,00,176,3.6,4.5,99.00,99.00,99.00,999,1014.7,27.5,999.0,999.0,99.0,99.00,
2020,07,05,07,00,191,3.2,3.9,99.00,99.00,99.00,999,1014.8,27.4,999.0,999.0,99.0,99.00,
2020,07,05,08,00,170,2.9,3.3,99.00,99.00,99.00,999,1014.6,27.4,999.0,999.0,99.0,99.00,
2020,07,05,09,00,164,2.3,2.8,99.00,99.00,99.00,999,1014.7,27.2,999.0,999.0,99.0,99.00,
2020,07,05,10,00,143,2.4,2.7,99.00,99.00,99.00,999,1014.6,27.2,999.0,999.0,99.0,99.00,
2020,07,05,11,00,163,2.4,2.7,99.00,99.00,99.00,999,1015.0,27.4,999.0,999.0,99.0,99.00,
2020,07,05,12,00,143,1.9,2.1,99.00,99.00,99.00,999,1015.4,27.8,999.0,999.0,99.0,99.00,
2020,07,05,13,00,155,2.4,2.7,99.00,99.00,99.00,999,1015.9,27.8,999.0,999.0,99.0,99.00,
2020,07,05,14,00,110,2.5,3.2,99.00,99.00,99.00,999,1016.2,27.9,999.0,999.0,99.0,99.00,
2020,07,05,15,00,120,2.8,3.2,99.00,99.00,99.00,999,1016.8,28.2,999.0,999.0,99.0,99.00,
2020,07,05,16,00,100,3.0,3.7,99.00,99.00,99.00,999,1017.1,28.5,999.0,999.0,99.0,99.00,
2020,07,05,17,00,111,4.3,4.9,99.00,99.00,99.00,999,1017.1,28.3,999.0,999.0,99.0,99.00,
2020,07,05,18,00,126,4.3,4.6,99.00,99.00,99.00,999,1016.7,28.3,999.0,999.0,99.0,99.00,
2020,07,05,19,00,116,4.3,5.1,99.00,99.00,99.00,999,1016.5,28.4,999.0,999.0,99.0,99.00,
2020,07,05,20,00,117,5.0,5.6,99.00,99.00,99.00,999,1015.8,28.5,999.0,999.0,99.0,99.00,
2020,07,05,21,00,103,6.7,7.9,99.00,99.00,99.00,999,1015.3,28.3,999.0,999.0,99.0,99.00,
2020,07,05,22,00,124,6.3,7.1,99.00,99.00,99.00,999,1014.9,28.4,999.0,999.0,99.0,99.00,
2020,07,05,23,00,139,6.7,7.8,99.00,99.00,99.00,999,1015.2,27.8,999.0,999.0,99.0,99.00,
2020,07,06,00,00,131,6.9,7.6,99.00,99.00,99.00,999,1015.7,28.0,999.0,999.0,99.0,99.00,
2020,07,06,01,00,132,6.3,7.4,99.00,99.00,99.00,999,1015.9,27.8,999.0,999.0,99.0,99.00,
2020,07,06,02,00,140,6.5,7.2,99.00,99.00,99.00,999,1016.0,28.1,999.0,999.0,99.0,99.00,
2020,07,06,03,00,153,6.2,7.2,99.00,99.00,99.00,999,1016.5,27.3,999.0,999.0,99.0,99.00,
2020,07,06,04,00,166,7.9,8.5,99.00,99.00,99.00,999,1016.6,27.5,999.0,999.0,99.0,99.00,
2020,07,06,05,00,206,6.8,7.7,99.00,99.00,99.00,999,1016.8,25.9,999.0,999.0,99.0,99.00,
2020,07,06,06,00,184,5.1,6.2,99.00,99.00,99.00,999,1016.1,26.1,999.0,999.0,99.0,99.00,
2020,07,06,07,00,183,3.5,4.0,99.00,99.00,99.00,999,1015.9,26.2,999.0,999.0,99.0,99.00,
2020,07,06,08,00,188,3.2,3.6,99.00,99.00,99.00,999,1015.8,26.1,999.0,999.0,99.0,99.00,
2020,07,06,09,00,227,1.5,1.8,99.00,99.00,99.00,999,1015.9,26.1,999.0,999.0,99.0,99.00,
2020,07,06,10,00,284,0.7,1.1,99.00,99.00,99.00,999,1016.5,25.8,999.0,999.0,99.0,99.00,
2020,07,06,11,00,228,0.7,1.1,99.00,99.00,99.00,999,1016.8,25.8,999.0,999.0,99.0,99.00,
2020,07,06,12,00,189,1.1,1.6,99.00,99.00,99.00,999,1017.6,26.9,999.0,999.0,99.0,99.00,
2020,07,06,13,00,148,1.8,2.3,99.00,99.00,99.00,999,1018.0,27.2,999.0,999.0,99.0,99.00,
2020,07,06,14,00,153,2.5,2.7,99.00,99.00,99.00,999,1018.6,27.3,999.0,999.0,99.0,99.00,
2020,07,06,15,00,189,3.1,3.6,99.00,99.00,99.00,999,1019.2,27.2,999.0,999.0,99.0,99.00,
2020,07,06,16,00,142,3.6,4.0,99.00,99.00,99.00,999,1019.2,27.3,999.0,999.0,99.0,99.00,
2020,07,06,17,00,126,4.4,5.7,99.00,99.00,99.00,999,1019.0,27.2,999.0,999.0,99.0,99.00,
2020,07,06,18,00,130,4.4,5.0,99.00,99.00,99.00,999,1018.4,27.9,999.0,999.0,99.0,99.00,
2020,07,06,19,00,118,5.7,6.1,99.00,99.00,99.00,999,1017.9,27.5,999.0,999.0,99.0,99.00,
2020,07,06,20,00,139,6.0,6.8,99.00,99.00,99.00,999,1018.0,27.7,999.0,999.0,99.0,99.00,
2020,07,06,21,00,151,6.1,6.8,99.00,99.00,99.00,999,1017.8,28.1,999.0,999.0,99.0,99.00,
2020,07,06,22,00,163,6.1,7.0,99.00,99.00,99.00,999,1017.4,27.8,999.0,999.0,99.0,99.00,
2020,07,06,23,00,170,6.7,7.6,99.00,99.00,99.00,999,1017.6,28.0,999.0,999.0,99.0,99.00,
2020,07,07,00,00,170,6.6,7.8,99.00,99.00,99.00,999,1017.5,28.0,999.0,999.0,99.0,99.00,
2020,07,07,01,00,184,7.7,8.3,99.00,99.00,99.00,999,1017.7,28.0,999.0,999.0,99.0,99.00,
2020,07,07,02,00,238,5.4,7.8,99.00,99.00,99.00,999,1018.3,25.9,999.0,999.0,99.0,99.00,
2020,07,07,03,00,0,0.0,0.2,99.00,99.00,99.00,999,1017.8,25.3,999.0,999.0,99.0,99.00,
2020,07,07,04,00,190,2.8,3.4,99.00,99.00,99.00,999,1017.7,26.4,999.0,999.0,99.0,99.00,
2020,07,07,05,00,158,4.4,4.9,99.00,99.00,99.00,999,1017.7,27.1,999.0,999.0,99.0,99.00,
2020,07,07,06,00,182,5.5,6.1,99.00,99.00,99.00,999,1017.5,27.2,999.0,999.0,99.0,99.00,
2020,07,07,07,00,191,5.4,6.3,99.00,99.00,99.00,999,1016.9,27.1,999.0,999.0,99.0,99.00,
2020,07,07,08,00,194,4.8,5.5,99.00,99.00,99.00,999,1016.6,27.1,999.0,999.0,99.0,99.00,
2020,07,07,09,00,296,3.0,4.4,99.00,99.00,99.00,999,1016.3,24.3,999.0,999.0,99.0,99.00,
2020,07,07,10,00,221,0.6,1.0,99.00,99.00,99.00,999,1017.3,23.9,999.0,999.0,99.0,99.00,
2020,07,07,11,00,322,0.9,1.0,99.00,99.00,99.00,999,1017.0,23.6,999.0,999.0,99.0,99.00,
2020,07,07,12,00,9,1.2,1.6,99.00,99.00,99.00,999,1017.3,24.5,999.0,999.0,99.0,99.00,
2020,07,07,13,00,77,2.5,2.9,99.00,99.00,99.00,999,1017.6,24.6,999.0,999.0,99.0,99.00,
2020,07,07,14,00,82,4.2,4.9,99.00,99.00,99.00,999,1017.4,24.6,999.0,999.0,99.0,99.00,
2020,07,07,15,00,74,3.3,3.9,99.00,99.00,99.00,999,1017.5,24.1,999.0,999.0,99.0,99.00,
2020,07,07,16,00,109,7.1,7.9,99.00,99.00,99.00,999,1017.5,24.2,999.0,999.0,99.0,99.00,
2020,07,07,17,00,115,5.9,6.7,99.00,99.00,99.00,999,1017.3,24.3,999.0,999.0,99.0,99.00,
2020,07,07,18,00,108,5.6,6.9,99.00,99.00,99.00,999,1016.3,25.0,999.0,999.0,99.0,99.00,
2020,07,07,19,00,115,4.6,5.5,99.00,99.00,99.00,999,1015.8,25.2,999.0,999.0,99.0,99.00,
2020,07,07,20,00,184,6.6,7.2,99.00,99.00,99.00,999,1014.6,25.8,999.0,999.0,99.0,99.00,
2020,07,07,21,00,197,7.1,8.0,99.00,99.00,99.00,999,1014.5,25.8,999.0,999.0,99.0,99.00,
2020,07,07,22,00,202,8.0,9.0,99.00,99.00,99.00,999,1014.1,26.6,999.0,999.0,99.0,99.00,
2020,07,07,23,00,181,8.4,9.8,99.00,99.00,99.00,999,1013.6,26.8,999.0,999.0,99.0,99.00,
2020,07,08,00,00,211,7.7,8.3,99.00,99.00,99.00,999,1013.8,26.5,999.0,999.0,99.0,99.00,
2020,07,08,01,00,229,5.6,7.1,99.00,99.00,99.00,999,1013.3,26.3,999.0,999.0,99.0,99.00,
2020,07,08,02,00,211,5.1,5.6,99.00,99.00,99.00,999,1013.9,25.4,999.0,999.0,99.0,99.00,
2020,07,08,03,00,241,1.2,1.7,99.00,99.00,99.00,999,1014.5,25.4,999.0,999.0,99.0,99.00,
2020,07,08,04,00,218,4.8,5.7,99.00,99.00,99.00,999,1014.0,25.2,999.0,999.0,99.0,99.00,
2020,07,08,05,00,202,6.3,7.3,99.00,99.00,99.00,999,1013.7,25.9,999.0,999.0,99.0,99.00,
2020,07,08,06,00,256,2.4,3.4,99.00,99.00,99.00,999,1013.3,26.0,999.0,999.0,99.0,99.00,
2020,07,08,07,00,238,2.5,3.3,99.00,99.00,99.00,999,1012.6,25.3,999.0,999.0,99.0,99.00,
2020,07,08,08,00,249,1.4,1.9,99.00,99.00,99.00,999,1012.0,25.1,999.0,999.0,99.0,99.00,
2020,07,08,09,00,249,1.5,2.0,99.00,99.00,99.00,999,1012.0,24.9,999.0,999.0,99.0,99.00,
2020,07,08,10,00,276,0.7,0.8,99.00,99.00,99.00,999,1012.3,24.6,999.0,999.0,99.0,99.00,
2020,07,08,11,00,251,1.3,2.1,99.00,99.00,99.00,999,1012.6,24.4,999.0,999.0,99.0,99.00,
2020,07,08,12,00,256,2.3,3.0,99.00,99.00,99.00,999,1012.8,25.4,999.0,999.0,99.0,99.00,
2020,07,08,13,00,254,2.1,2.8,99.00,99.00,99.00,999,1012.8,26.7,999.0,999.0,99.0,99.00,
2020,07,08,14,00,226,2.2,3.0,99.00,99.00,99.00,999,1012.7,26.9,999.0,999.0,99.0,99.00,
2020,07,08,15,00,279,2.2,2.8,99.00,99.00,99.00,999,1012.9,25.6,999.0,999.0,99.0,99.00,
2020,07,08,16,00,206,2.8,3.1,99.00,99.00,99.00,999,1012.6,27.0,999.0,999.0,99.0,99.00,
2020,07,08,17,00,210,4.0,4.9,99.00,99.00,99.00,999,1012.1,27.6,999.0,999.0,99.0,99.00,
2020,07,08,18,00,302,2.3,4.0,99.00,99.00,99.00,999,1011.9,25.7,999.0,999.0,99.0,99.00,
2020,07,08,19,00,19,0.9,1.4,99.00,99.00,99.00,999,1011.5,25.4,999.0,999.0,99.0,99.00,
2020,07,08,20,00,20,2.2,3.3,99.00,99.00,99.00,999,1010.7,27.5,999.0,999.0,99.0,99.00,
2020,07,08,21,00,99,2.4,2.5,99.00,99.00,99.00,999,1010.2,27.1,999.0,999.0,99.0,99.00,
2020,07,08,22,00,110,2.2,2.4,99.00,99.00,99.00,999,1010.1,27.6,999.0,999.0,99.0,99.00,
2020,07,08,23,00,186,3.3,4.1,99.00,99.00,99.00,999,1010.2,27.8,999.0,999.0,99.0,99.00,
2020,07,09,00,00,199,3.6,4.1,99.00,99.00,99.00,999,1010.4,27.2,999.0,999.0,99.0,99.00,
2020,07,09,01,00,186,4.0,4.7,99.00,99.00,99.00,999,1010.5,27.7,999.0,999.0,99.0,99.00,
2020,07,09,02,00,340,4.3,5.5,99.00,99.00,99.00,999,1011.2,26.1,999.0,999.0,99.0,99.00,
2020,07,09,03,00,245,1.1,1.4,99.00,99.00,99.00,999,1011.3,25.3,999.0,999.0,99.0,99.00,
2020,07,09,04,00,267,1.8,2.4,99.00,99.00,99.00,999,1011.2,26.2,999.0,999.0,99.0,99.00,
2020,07,09,05,00,316,1.9,3.1,99.00,99.00,99.00,999,1010.8,25.5,999.0,999.0,99.0,99.00,
2020,07,09,06,00,328,2.6,3.8,99.00,99.00,99.00,999,1010.6,25.4,999.0,999.0,99.0,99.00,
2020,07,09,07,00,317,1.2,2.0,99.00,99.00,99.00,999,1010.0,25.3,999.0,999.0,99.0,99.00,
2020,07,09,08,00,341,2.3,3.2,99.00,99.00,99.00,999,1010.1,25.0,999.0,999.0,99.0,99.00,
2020,07,09,09,00,335,2.1,3.1,99.00,99.00,99.00,999,1010.3,24.5,999.0,999.0,99.0,99.00,
2020,07,09,10,00,296,1.1,1.8,99.00,99.00,99.00,999,1010.7,24.4,999.0,999.0,99.0,99.00,
2020,07,09,11,00,293,2.1,3.2,99.00,99.00,99.00,999,1011.2,24.3,999.0,999.0,99.0,99.00,
2020,07,09,12,00,337,3.9,4.9,99.00,99.00,99.00,999,1011.8,24.6,999.0,999.0,99.0,99.00,
2020,07,09,13,00,342,3.2,4.3,99.00,99.00,99.00,999,1012.3,24.7,999.0,999.0,99.0,99.00,
2020,07,09,14,00,343,4.1,5.9,99.00,99.00,99.00,999,1012.4,26.4,999.0,999.0,99.0,99.00,
2020,07,09,15,00,348,3.3,4.2,99.00,99.00,99.00,999,1012.4,27.2,999.0,999.0,99.0,99.00,
2020,07,09,16,00,34,2.7,3.3,99.00,99.00,99.00,999,1012.0,27.4,999.0,999.0,99.0,99.00,
2020,07,09,17,00,7,1.5,2.2,99.00,99.00,99.00,999,1012.0,28.7,999.0,999.0,99.0,99.00,
2020,07,09,18,00,335,1.6,2.9,99.00,99.00,99.00,999,1011.7,28.9,999.0,999.0,99.0,99.00,
2020,07,09,19,00,199,2.0,3.1,99.00,99.00,99.00,999,1011.5,29.0,999.0,999.0,99.0,99.00,
2020,07,09,20,00,204,3.6,4.3,99.00,99.00,99.00,999,1011.2,28.1,999.0,999.0,99.0,99.00,
2020,07,09,21,00,180,4.3,5.3,99.00,99.00,99.00,999,1011.2,28.5,999.0,999.0,99.0,99.00,
2020,07,09,22,00,194,4.8,5.9,99.00,99.00,99.00,999,1011.2,28.2,999.0,999.0,99.0,99.00,
2020,07,09,23,00,202,4.4,5.2,99.00,99.00,99.00,999,1011.0,28.0,999.0,999.0,99.0,99.00,
2020,07,10,00,00,238,2.5,3.4,99.00,99.00,99.00,999,1011.1,27.7,999.0,999.0,99.0,99.00,
2020,07,10,01,00,247,2.0,3.0,99.00,99.00,99.00,999,1011.2,27.0,999.0,999.0,99.0,99.00,
2020,07,10,02,00,244,2.4,3.1,99.00,99.00,99.00,999,1011.6,26.8,999.0,999.0,99.0,99.00,
2020,07,10,03,00,248,3.1,4.4,99.00,99.00,99.00,999,1012.2,27.0,999.0,999.0,99.0,99.00,
2020,07,10,04,00,256,2.1,3.6,99.00,99.00,99.00,999,1012.5,26.7,999.0,999.0,99.0,99.00,
2020,07,10,05,00,265,1.3,2.5,99.00,99.00,99.00,999,1012.4,26.4,999.0,999.0,99.0,99.00,
2020,07,10,06,00,263,2.2,3.4,99.00,99.00,99.00,999,1011.8,26.1,999.0,999.0,99.0,99.00,
2020,07,10,07,00,319,1.3,2.1,99.00,99.00,99.00,999,1011.8,25.7,999.0,999.0,99.0,99.00,
2020,07,10,08,00,316,1.7,2.6,99.00,99.00,99.00,999,1011.7,25.3,999.0,999.0,99.0,99.00,
2020,07,10,09,00,329,1.8,2.2,99.00,99.00,99.00,999,1011.6,25.3,999.0,999.0,99.0,99.00,
2020,07,10,10,00,352,2.7,3.3,99.00,99.00,99.00,999,1012.4,25.3,999.0,999.0,99.0,99.00,
2020,07,10,11,00,340,2.6,3.1,99.00,99.00,99.00,999,1013.2,25.3,999.0,999.0,99.0,99.00,
2020,07,10,12,00,309,1.0,2.0,99.00,99.00,99.00,999,1013.5,25.6,999.0,999.0,99.0,99.00,
2020,07,10,13,00,356,1.2,2.3,99.00,99.00,99.00,999,1013.3,27.5,999.0,999.0,99.0,99.00,
2020,07,10,14,00,23,1.9,2.5,99.00,99.00,99.00,999,1013.3,28.1,999.0,999.0,99.0,99.00,
2020,07,10,15,00,321,2.2,2.9,99.00,99.00,99.00,999,1013.4,29.4,999.0,999.0,99.0,99.00,
2020,07,10,16,00,50,2.6,3.0,99.00,99.00,99.00,999,1013.4,29.7,999.0,999.0,99.0,99.00,
2020,07,10,17,00,156,3.9,4.4,99.00,99.00,99.00,999,1013.2,28.9,999.0,999.0,99.0,99.00,
2020,07,10,18,00,148,4.7,5.1,99.00,99.00,99.00,999,1013.1,28.5,999.0,999.0,99.0,99.00,
2020,07,10,19,00,163,5.4,6.2,99.00,99.00,99.00,999,1012.6,28.8,999.0,999.0,99.0,99.00,
2020,07,10,20,00,175,4.8,5.5,99.00,99.00,99.00,999,1012.3,28.9,999.0,999.0,99.0,99.00,
2020,07,10,21,00,198,4.0,4.9,99.00,99.00,99.00,999,1011.9,28.7,999.0,999.0,99.0,99.00,
2020,07,10,22,00,197,4.5,5.4,99.00,99.00,99.00,999,1011.5,28.6,999.0,999.0,99.0,99.00,
2020,07,10,23,00,190,6.7,7.2,99.00,99.00,99.00,999,1011.9,28.9,999.0,999.0,99.0,99.00,
2020,07,11,00,00,190,4.9,5.6,99.00,99.00,99.00,999,1012.2,28.6,999.0,999.0,99.0,99.00,
2020,07,11,01,00,216,4.9,5.9,99.00,99.00,99.00,999,1012.2,28.5,999.0,999.0,99.0,99.00,
2020,07,11,02,00,211,4.3,5.0,99.00,99.00,99.00,999,1012.5,28.5,999.0,999.0,99.0,99.00,
2020,07,11,03,00,207,5.0,6.2,99.00,99.00,99.00,999,1012.5,28.6,999.0,999.0,99.0,99.00,
2020,07,11,04,00,204,4.7,5.4,99.00,99.00,99.00,999,1012.2,28.4,999.0,999.0,99.0,99.00,
2020,07,11,05,00,214,6.6,7.5,99.00,99.00,99.00,999,1011.9,28.3,999.0,999.0,99.0,99.00,
2020,07,11,06,00,212,7.5,8.5,99.00,99.00,99.00,999,1011.4,28.3,999.0,999.0,99.0,99.00,
2020,07,11,07,00,230,5.8,7.4,99.00,99.00,99.00,999,1011.1,28.2,999.0,999.0,99.0,99.00,
2020,07,11,08,00,243,2.7,3.9,99.00,99.00,99.00,999,1010.9,27.9,999.0,999.0,99.0,99.00,
2020,07,11,09,00,248,2.2,2.9,99.00,99.00,99.00,999,1010.5,27.5,999.0,999.0,99.0,99.00,
2020,07,11,10,00,242,2.8,4.0,99.00,99.00,99.00,999,1010.4,26.9,999.0,999.0,99.0,99.00,
2020,07,11,11,00,234,2.4,3.1,99.00,99.00,99.00,999,1010.5,26.6,999.0,999.0,99.0,99.00,
2020,07,11,12,00,281,3.0,4.3,99.00,99.00,99.00,999,1011.3,27.5,999.0,999.0,99.0,99.00,
2020,07,11,13,00,259,2.4,3.5,99.00,99.00,99.00,999,1011.3,28.5,999.0,999.0,99.0,99.00,
2020,07,11,14,00,259,2.5,3.3,99.00,99.00,99.00,999,1011.5,29.9,999.0,999.0,99.0,99.00,
2020,07,11,15,00,176,2.8,3.1,99.00,99.00,99.00,999,1011.6,29.2,999.0,999.0,99.0,99.00,
2020,07,11,16,00,177,3.9,4.4,99.00,99.00,99.00,999,1011.4,29.6,999.0,999.0,99.0,99.00,
2020,07,11,17,00,191,3.7,4.1,99.00,99.00,99.00,999,1011.1,30.3,999.0,999.0,99.0,99.00,
2020,07,11,18,00,185,4.3,5.0,99.00,99.00,99.00,999,1010.7,30.3,999.0,999.0,99.0,99.00,
2020,07,11,19,00,183,5.9,6.5,99.00,99.00,99.00,999,1010.3,30.4,999.0,999.0,99.0,99.00,
2020,07,11,20,00,189,6.2,7.4,99.00,99.00,99.00,999,1010.0,30.3,999.0,999.0,99.0,99.00,
2020,07,11,21,00,232,4.6,6.2,99.00,99.00,99.00,999,1010.4,29.6,999.0,999.0,99.0,99.00,
2020,07,11,22,00,209,8.0,9.3,99.00,99.00,99.00,999,1010.1,29.4,999.0,999.0,99.0,99.00,
2020,07,11,23,00,201,4.7,5.8,99.00,99.00,99.00,999,1010.0,30.5,999.0,999.0,99.0,99.00,
2020,07,12,00,00,196,3.4,4.3,99.00,99.00,99.00,999,1010.5,29.3,999.0,999.0,99.0,99.00,
2020,07,12,01,00,206,3.3,4.2,99.00,99.00,99.00,999,1011.0,28.9,999.0,999.0,99.0,99.00,
2020,07,12,02,00,214,5.8,6.5,99.00,99.00,99.00,999,1011.5,28.8,999.0,999.0,99.0,99.00,
2020,07,12,03,00,224,5.1,6.1,99.00,99.00,99.00,999,1011.8,28.7,999.0,999.0,99.0,99.00,
2020,07,12,04,00,218,5.7,6.8,99.00,99.00,99.00,999,1011.7,28.6,999.0,999.0,99.0,99.00,
2020,07,12,05,00,220,5.4,6.2,99.00,99.00,99.00,999,1011.5,28.6,999.0,999.0,99.0,99.00,
2020,07,12,06,00,200,5.4,6.2,99.00,99.00,99.00,999,1011.3,28.6,999.0,999.0,99.0,99.00,
2020,07,12,07,00,205,5.8,6.7,99.00,99.00,99.00,999,1010.5,28.5,999.0,999.0,99.0,99.00,
2020,07,12,08,00,179,6.7,8.1,99.00,99.00,99.00,999,1010.5,28.2,999.0,999.0,99.0,99.00,
2020,07,12,09,00,165,4.1,4.3,99.00,99.00,99.00,999,1009.8,28.5,999.0,999.0,99.0,99.00,
2020,07,12,10,00,214,3.6,4.0,99.00,99.00,99.00,999,1010.5,28.2,999.0,999.0,99.0,99.00,
2020,07,12,11,00,247,1.4,1.8,99.00,99.00,99.00,999,1010.9,27.8,999.0,999.0,99.0,99.00,
2020,07,12,12,00,205,2.2,2.7,99.00,99.00,99.00,999,1010.8,28.7,999.0,999.0,99.0,99.00,
2020,07,12,13,00,203,2.5,3.0,99.00,99.00,99.00,999,1010.9,29.0,999.0,999.0,99.0,99.00,
2020,07,12,14,00,182,3.6,4.0,99.00,99.00,99.00,999,1010.7,29.2,999.0,999.0,99.0,99.00,
2020,07,12,15,00,197,3.7,4.0,99.00,99.00,99.00,999,1011.1,29.9,999.0,999.0,99.0,99.00,
2020,07,12,16,00,194,4.0,4.3,99.00,99.00,99.00,999,1011.0,30.5,999.0,999.0,99.0,99.00,
2020,07,12,17,00,192,4.2,4.7,99.00,99.00,99.00,999,1011.1,30.8,999.0,999.0,99.0,99.00,
2020,07,12,18,00,200,4.3,5.1,99.00,99.00,99.00,999,1010.9,30.3,999.0,999.0,99.0,99.00,
2020,07,12,19,00,192,5.7,6.4,99.00,99.00,99.00,999,1010.5,31.3,999.0,999.0,99.0,99.00,
2020,07,12,20,00,209,4.8,5.6,99.00,99.00,99.00,999,1010.0,31.2,999.0,999.0,99.0,99.00,
2020,07,12,21,00,193,5.4,6.4,99.00,99.00,99.00,999,1009.6,31.1,999.0,999.0,99.0,99.00,
2020,07,12,22,00,197,5.2,6.0,99.00,99.00,99.00,999,1009.3,31.1,999.0,999.0,99.0,99.00,
2020,07,12,23,00,203,4.3,4.8,99.00,99.00,99.00,999,1009.4,30.5,999.0,999.0,99.0,99.00,
2020,07,13,00,00,196,6.5,7.5,99.00,99.00,99.00,999,1009.9,29.5,999.0,999.0,99.0,99.00,
2020,07,13,01,00,196,6.7,7.9,99.00,99.00,99.00,999,1010.0,29.4,999.0,999.0,99.0,99.00,
2020,07,13,02,00,196,6.5,7.9,99.00,99.00,99.00,999,1010.5,29.1,999.0,999.0,99.0,99.00,
2020,07,13,03,00,195,6.5,7.6,99.00,99.00,99.00,999,1010.7,29.1,999.0,999.0,99.0,99.00,
2020,07,13,04,00,207,6.2,7.5,99.00,99.00,99.00,999,1011.1,29.1,999.0,999.0,99.0,99.00,
2020,07,13,05,00,221,6.0,7.4,99.00,99.00,99.00,999,1011.2,28.8,999.0,999.0,99.0,99.00,
2020,07,13,06,00,220,6.3,6.9,99.00,99.00,99.00,999,1010.9,28.9,999.0,999.0,99.0,99.00,
2020,07,13,07,00,226,6.5,8.4,99.00,99.00,99.00,999,1010.7,28.5,999.0,999.0,99.0,99.00,
2020,07,13,08,00,219,6.7,7.7,99.00,99.00,99.00,999,1010.5,28.5,999.0,999.0,99.0,99.00,
2020,07,13,09,00,217,6.2,6.9,99.00,99.00,99.00,999,1010.4,28.3,999.0,999.0,99.0,99.00,
2020,07,13,10,00,212,6.3,7.4,99.00,99.00,99.00,999,1010.8,28.5,999.0,999.0,99.0,99.00,
2020,07,13,11,00,212,5.4,6.2,99.00,99.00,99.00,999,1011.0,28.5,999.0,999.0,99.0,99.00,
2020,07,13,12,00,215,6.4,7.3,99.00,99.00,99.00,999,1011.1,28.6,999.0,999.0,99.0,99.00,
2020,07,13,13,00,219,5.7,6.8,99.00,99.00,99.00,999,1011.4,29.1,999.0,999.0,99.0,99.00,
2020,07,13,14,00,215,4.7,5.6,99.00,99.00,99.00,999,1011.9,29.5,999.0,999.0,99.0,99.00,
2020,07,13,15,00,215,4.7,5.3,99.00,99.00,99.00,999,1012.1,29.7,999.0,999.0,99.0,99.00,
2020,07,13,16,00,209,6.2,7.5,99.00,99.00,99.00,999,1012.4,30.2,999.0,999.0,99.0,99.00,
2020,07,13,17,00,206,6.2,7.3,99.00,99.00,99.00,999,1012.0,29.7,999.0,999.0,99.0,99.00,
2020,07,13,18,00,198,6.2,7.5,99.00,99.00,99.00,999,1012.0,29.8,999.0,999.0,99.0,99.00,
2020,07,13,19,00,205,6.2,6.9,99.00,99.00,99.00,999,1011.8,29.7,999.0,999.0,99.0,99.00,
2020,07,13,20,00,216,8.3,9.9,99.00,99.00,99.00,999,1011.3,29.7,999.0,999.0,99.0,99.00,
2020,07,13,21,00,219,7.6,9.1,99.00,99.00,99.00,999,1010.8,29.6,999.0,999.0,99.0,99.00,
2020,07,13,22,00,215,6.7,8.0,99.00,99.00,99.00,999,1011.0,29.2,999.0,999.0,99.0,99.00,
2020,07,13,23,00,217,7.3,8.3,99.00,99.00,99.00,999,1011.5,29.2,999.0,999.0,99.0,99.00,
2020,07,14,00,00,212,7.7,8.6,99.00,99.00,99.00,999,1011.4,28.9,999.0,999.0,99.0,99.00,
2020,07,14,01,00,68,7.4,12.9,99.00,99.00,99.00,999,1013.6,28.1,999.0,999.0,99.0,99.00,
2020,07,14,02,00,88,2.9,3.5,99.00,99.00,99.00,999,1013.1,26.8,999.0,999.0,99.0,99.00,
2020,07,14,03,00,298,1.4,2.2,99.00,99.00,99.00,999,1012.8,26.1,999.0,999.0,99.0,99.00,
2020,07,14,04,00,0,0.0,0.0,99.00,99.00,99.00,999,1013.1,25.2,999.0,999.0,99.0,99.00,
2020,07,14,05,00,226,1.2,1.4,99.00,99.00,99.00,999,1013.0,25.7,999.0,999.0,99.0,99.00,
2020,07,14,06,00,197,2.5,2.9,99.00,99.00,99.00,999,1012.9,27.3,999.0,999.0,99.0,99.00,
2020,07,14,07,00,228,1.9,2.5,99.00,99.00,99.00,999,1012.7,27.6,999.0,999.0,99.0,99.00,
2020,07,14,08,00,242,2.2,2.9,99.00,99.00,99.00,999,1012.7,27.4,999.0,999.0,99.0,99.00,
2020,07,14,09,00,259,1.7,2.1,99.00,99.00,99.00,999,1012.9,27.6,999.0,999.0,99.0,99.00,
2020,07,14,10,00,267,1.8,2.5,99.00,99.00,99.00,999,1013.6,26.7,999.0,999.0,99.0,99.00,
2020,07,14,11,00,294,1.5,2.1,99.00,99.00,99.00,999,1014.0,26.5,999.0,999.0,99.0,99.00,
2020,07,14,12,00,327,1.4,2.4,99.00,99.00,99.00,999,1014.3,27.4,999.0,999.0,99.0,99.00,
2020,07,14,13,00,332,1.8,2.5,99.00,99.00,99.00,999,1015.2,28.7,999.0,999.0,99.0,99.00,
2020,07,14,14,00,34,2.5,3.1,99.00,99.00,99.00,999,1015.6,29.3,999.0,999.0,99.0,99.00,
2020,07,14,15,00,104,3.5,3.8,99.00,99.00,99.00,999,1016.0,29.0,999.0,999.0,99.0,99.00,
2020,07,14,16,00,122,4.4,4.8,99.00,99.00,99.00,999,1016.5,28.5,999.0,999.0,99.0,99.00,
2020,07,14,17,00,125,4.2,4.9,99.00,99.00,99.00,999,1016.0,29.0,999.0,999.0,99.0,99.00,
2020,07,14,18,00,136,3.7,4.2,99.00,99.00,99.00,999,1016.0,29.5,999.0,999.0,99.0,99.00,
2020,07,14,19,00,148,4.6,5.3,99.00,99.00,99.00,999,1015.8,29.8,999.0,999.0,99.0,99.00,
2020,07,14,20,00,163,4.5,4.8,99.00,99.00,99.00,999,1015.6,29.8,999.0,999.0,99.0,99.00,
2020,07,14,21,00,170,4.6,5.3,99.00,99.00,99.00,999,1015.2,30.2,999.0,999.0,99.0,99.00,
2020,07,14,22,00,163,4.2,4.7,99.00,99.00,99.00,999,1015.7,29.8,999.0,999.0,99.0,99.00,
2020,07,14,23,00,170,4.2,4.6,99.00,99.00,99.00,999,1016.1,29.8,999.0,999.0,99.0,99.00,
2020,07,15,00,00,246,2.1,2.5,99.00,99.00,99.00,999,1016.8,29.6,999.0,999.0,99.0,99.00,
2020,07,15,01,00,278,1.1,1.3,99.00,99.00,99.00,999,1016.9,29.2,999.0,999.0,99.0,99.00,
2020,07,15,02,00,230,0.8,1.6,99.00,99.00,99.00,999,1017.2,29.1,999.0,999.0,99.0,99.00,
2020,07,15,03,00,182,2.7,3.1,99.00,99.00,99.00,999,1017.8,29.6,999.0,999.0,99.0,99.00,
2020,07,15,04,00,191,4.4,4.8,99.00,99.00,99.00,999,1018.0,29.4,999.0,999.0,99.0,99.00,
2020,07,15,05,00,207,5.4,6.4,99.00,99.00,99.00,999,1017.4,29.2,999.0,999.0,99.0,99.00,
2020,07,15,06,00,233,3.7,4.5,99.00,99.00,99.00,999,1017.0,28.6,999.0,999.0,99.0,99.00,
2020,07,15,07,00,249,1.3,2.1,99.00,99.00,99.00,999,1016.6,28.1,999.0,999.0,99.0,99.00,
2020,07,15,08,00,0,0.0,0.0,99.00,99.00,99.00,999,1016.6,28.1,999.0,999.0,99.0,99.00,
2020,07,15,09,00,194,2.3,2.9,99.00,99.00,99.00,999,1016.7,28.2,999.0,999.0,99.0,99.00,
2020,07,15,10,00,180,2.5,3.0,99.00,99.00,99.00,999,1017.1,28.5,999.0,999.0,99.0,99.00,
2020,07,15,11,00,197,1.5,2.0,99.00,99.00,99.00,999,1017.8,28.4,999.0,999.0,99.0,99.00,
2020,07,15,12,00,126,1.5,1.8,99.00,99.00,99.00,999,1018.5,29.0,999.0,999.0,99.0,99.00,
2020,07,15,13,00,123,1.4,1.9,99.00,99.00,99.00,999,1018.9,29.4,999.0,999.0,99.0,99.00,
2020,07,15,14,00,139,1.5,1.9,99.00,99.00,99.00,999,1019.3,29.6,999.0,999.0,99.0,99.00,
2020,07,15,15,00,122,3.9,4.5,99.00,99.00,99.00,999,1019.7,29.7,999.0,999.0,99.0,99.00,
2020,07,15,16,00,128,3.3,3.9,99.00,99.00,99.00,999,1019.7,29.7,999.0,999.0,99.0,99.00,
2020,07,15,17,00,122,3.3,3.8,99.00,99.00,99.00,999,1019.7,29.8,999.0,999.0,99.0,99.00,
2020,07,15,18,00,112,3.8,4.4,99.00,99.00,99.00,999,1019.5,29.9,999.0,999.0,99.0,99.00,
2020,07,15,19,00,106,4.8,5.4,99.00,99.00,99.00,999,1019.2,30.0,999.0,999.0,99.0,99.00,
2020,07,15,20,00,104,3.8,4.5,99.00,99.00,99.00,999,1019.0,29.9,999.0,999.0,99.0,99.00,
2020,07,15,21,00,104,4.6,5.3,99.00,99.00,99.00,999,1018.4,29.9,999.0,999.0,99.0,99.00,
2020,07,15,22,00,96,5.6,6.0,99.00,99.00,99.00,999,1018.4,29.9,999.0,999.0,99.0,99.00,
2020,07,15,23,00,109,4.9,5.4,99.00,99.00,99.00,999,1018.1,29.9,999.0,999.0,99.0,99.00,
2020,07,16,00,00,120,4.1,4.6,99.00,99.00,99.00,999,1018.7,29.8,999.0,999.0,99.0,99.00,
2020,07,16,01,00,122,5.1,5.7,99.00,99.00,99.00,999,1019.0,29.7,999.0,999.0,99.0,99.00,
2020,07,16,02,00,127,5.6,6.1,99.00,99.00,99.00,999,1019.5,29.4,999.0,999.0,99.0,99.00,
2020,07,16,03,00,158,5.8,6.5,99.00,99.00,99.00,999,1020.1,29.5,999.0,999.0,99.0,99.00,
2020,07,16,04,00,149,4.3,4.9,99.00,99.00,99.00,999,1020.3,29.3,999.0,999.0,99.0,99.00,
2020,07,16,05,00,166,3.2,3.6,99.00,99.00,99.00,999,1020.1,29.3,999.0,999.0,99.0,99.00,
2020,07,16,06,00,154,2.8,3.2,99.00,99.00,99.00,999,1019.5,29.2,999.0,999.0,99.0,99.00,
2020,07,16,07,00,181,1.6,2.1,99.00,99.00,99.00,999,1019.0,28.9,999.0,999.0,99.0,99.00,
2020,07,16,08,00,212,1.2,1.5,99.00,99.00,99.00,999,1018.9,28.2,999.0,999.0,99.0,99.00,
2020,07,16,09,00,0,2.1,2.4,99.00,99.00,99.00,999,1019.5,28.2,999.0,999.0,99.0,99.00,
2020,07,16,10,00,353,2.5,3.1,99.00,99.00,99.00,999,1020.0,27.4,999.0,999.0,99.0,99.00,
2020,07,16,11,00,351,2.5,2.9,99.00,99.00,99.00,999,1020.7,27.7,999.0,999.0,99.0,99.00,
2020,07,16,12,00,39,3.7,4.1,99.00,99.00,99.00,999,1021.4,28.4,999.0,999.0,99.0,99.00,
2020,07,16,13,00,45,4.4,4.9,99.00,99.00,99.00,999,1021.6,28.9,999.0,999.0,99.0,99.00,
2020,07,16,14,00,73,5.8,6.4,99.00,99.00,99.00,999,1021.6,29.7,999.0,999.0,99.0,99.00,
2020,07,16,15,00,77,5.6,6.2,99.00,99.00,99.00,999,1021.7,29.9,999.0,999.0,99.0,99.00,
2020,07,16,16,00,92,5.4,5.8,99.00,99.00,99.00,999,1022.4,29.9,999.0,999.0,99.0,99.00,
2020,07,16,17,00,107,4.6,5.1,99.00,99.00,99.00,999,1022.2,29.6,999.0,999.0,99.0,99.00,
2020,07,16,18,00,103,5.0,5.5,99.00,99.00,99.00,999,1022.1,29.7,999.0,999.0,99.0,99.00,
2020,07,16,19,00,101,4.9,5.9,99.00,99.00,99.00,999,1021.7,29.7,999.0,999.0,99.0,99.00,
2020,07,16,20,00,97,3.9,4.4,99.00,99.00,99.00,999,1021.6,30.3,999.0,999.0,99.0,99.00,
2020,07,16,21,00,103,4.5,5.8,99.00,99.00,99.00,999,1021.4,29.6,999.0,999.0,99.0,99.00,
2020,07,16,22,00,95,4.6,5.0,99.00,99.00,99.00,999,1021.2,29.7,999.0,999.0,99.0,99.00,
2020,07,16,23,00,93,4.3,4.9,99.00,99.00,99.00,999,1021.1,29.6,999.0,999.0,99.0,99.00,
2020,07,17,00,00,95,3.8,4.5,99.00,99.00,99.00,999,1021.2,29.0,999.0,999.0,99.0,99.00,
2020,07,17,01,00,94,4.5,5.8,99.00,99.00,99.00,999,1021.3,29.0,999.0,999.0,99.0,99.00,
2020,07,17,02,00,96,4.3,5.2,99.00,99.00,99.00,999,1021.6,28.9,999.0,999.0,99.0,99.00,
2020,07,17,03,00,126,5.0,6.2,99.00,99.00,99.00,999,1021.9,28.9,999.0,999.0,99.0,99.00,
2020,07,17,04,00,115,4.5,5.1,99.00,99.00,99.00,999,1021.9,28.9,999.0,999.0,99.0,99.00,
2020,07,17,05,00,122,3.3,3.6,99.00,99.00,99.00,999,1021.9,28.9,999.0,999.0,99.0,99.00,
2020,07,17,06,00,99,3.1,3.4,99.00,99.00,99.00,999,1021.6,28.6,999.0,999.0,99.0,99.00,
2020,07,17,07,00,108,2.3,2.7,99.00,99.00,99.00,999,1021.1,28.5,999.0,999.0,99.0,99.00,
2020,07,17,08,00,96,2.5,2.9,99.00,99.00,99.00,999,1020.8,28.4,999.0,999.0,99.0,99.00,
2020,07,17,09,00,101,3.4,3.8,99.00,99.00,99.00,999,1020.9,28.3,999.0,999.0,99.0,99.00,
2020,07,17,10,00,94,2.6,3.0,99.00,99.00,99.00,999,1021.4,28.3,999.0,999.0,99.0,99.00,
2020,07,17,11,00,94,3.6,4.1,99.00,99.00,99.00,999,1022.0,28.6,999.0,999.0,99.0,99.00,
2020,07,17,12,00,91,2.7,3.1,99.00,99.00,99.00,999,1022.4,28.8,999.0,999.0,99.0,99.00,
2020,07,17,13,00,83,2.5,2.7,99.00,99.00,99.00,999,1022.8,29.4,999.0,999.0,99.0,99.00,
2020,07,17,14,00,31,2.1,2.7,99.00,99.00,99.00,999,1022.8,29.4,999.0,999.0,99.0,99.00,
2020,07,17,15,00,94,3.0,3.7,99.00,99.00,99.00,999,1023.2,29.6,999.0,999.0,99.0,99.00,
2020,07,17,16,00,85,3.1,3.7,99.00,99.00,99.00,999,1023.4,30.2,999.0,999.0,99.0,99.00,
2020,07,17,17,00,99,3.9,4.5,99.00,99.00,99.00,999,1023.0,29.3,999.0,999.0,99.0,99.00,
2020,07,17,18,00,112,4.7,5.2,99.00,99.00,99.00,999,1022.6,29.3,999.0,999.0,99.0,99.00,
2020,07,17,19,00,114,4.6,4.9,99.00,99.00,99.00,999,1022.0,29.3,999.0,999.0,99.0,99.00,
2020,07,17,20,00,137,5.7,6.1,99.00,99.00,99.00,999,1021.5,29.4,999.0,999.0,99.0,99.00,
2020,07,17,21,00,117,5.7,6.4,99.00,99.00,99.00,999,1021.0,29.1,999.0,999.0,99.0,99.00,
2020,07,17,22,00,136,5.5,6.1,99.00,99.00,99.00,999,1020.1,29.2,999.0,999.0,99.0,99.00,
2020,07,17,23,00,147,4.5,5.4,99.00,99.00,99.00,999,1019.9,29.1,999.0,999.0,99.0,99.00,
2020,07,18,00,00,139,3.9,4.3,99.00,99.00,99.00,999,1020.2,28.9,999.0,999.0,99.0,99.00,
2020,07,18,01,00,155,3.0,4.0,99.00,99.00,99.00,999,1020.9,28.9,999.0,999.0,99.0,99.00,
2020,07,18,02,00,143,3.6,4.1,99.00,99.00,99.00,999,1021.8,29.1,999.0,999.0,99.0,99.00,
2020,07,18,03,00,147,3.7,4.4,99.00,99.00,99.00,999,1021.9,28.9,999.0,999.0,99.0,99.00,
2020,07,18,04,00,164,4.5,5.3,99.00,99.00,99.00,999,1021.5,28.9,999.0,999.0,99.0,99.00,
2020,07,18,05,00,180,3.5,4.0,99.00,99.00,99.00,999,1021.2,28.8,999.0,999.0,99.0,99.00,
2020,07,18,06,00,189,3.3,4.1,99.00,99.00,99.00,999,1020.5,28.5,999.0,999.0,99.0,99.00,
2020,07,18,07,00,192,4.5,5.2,99.00,99.00,99.00,999,1019.7,28.5,999.0,999.0,99.0,99.00,
2020,07,18,08,00,212,2.4,2.9,99.00,99.00,99.00,999,1019.7,28.2,999.0,999.0,99.0,99.00,
2020,07,18,09,00,270,0.8,1.0,99.00,99.00,99.00,999,1020.0,27.4,999.0,999.0,99.0,99.00,
2020,07,18,10,00,314,1.4,1.8,99.00,99.00,99.00,999,1020.6,26.5,999.0,999.0,99.0,99.00,
2020,07,18,11,00,282,0.9,1.0,99.00,99.00,99.00,999,1020.7,26.8,999.0,999.0,99.0,99.00,
2020,07,18,12,00,359,2.0,2.9,99.00,99.00,99.00,999,1021.2,28.0,999.0,999.0,99.0,99.00,
2020,07,18,13,00,37,1.7,2.0,99.00,99.00,99.00,999,1021.4,28.5,999.0,999.0,99.0,99.00,
2020,07,18,14,00,119,1.0,1.5,99.00,99.00,99.00,999,1021.8,29.3,999.0,999.0,99.0,99.00,
2020,07,18,15,00,149,2.8,3.1,99.00,99.00,99.00,999,1021.8,29.0,999.0,999.0,99.0,99.00,
2020,07,18,16,00,150,2.9,3.4,99.00,99.00,99.00,999,1021.8,29.8,999.0,999.0,99.0,99.00,
2020,07,18,17,00,164,3.4,3.9,99.00,99.00,99.00,999,1021.6,29.7,999.0,999.0,99.0,99.00,
2020,07,18,18,00,164,4.0,4.7,99.00,99.00,99.00,999,1021.1,30.1,999.0,999.0,99.0,99.00,
2020,07,18,19,00,166,4.9,5.4,99.00,99.00,99.00,999,1020.5,29.9,999.0,999.0,99.0,99.00,
2020,07,18,20,00,172,4.5,5.7,99.00,99.00,99.00,999,1019.8,29.9,999.0,999.0,99.0,99.00,
2020,07,18,21,00,179,4.9,5.4,99.00,99.00,99.00,999,1019.5,30.0,999.0,999.0,99.0,99.00,
2020,07,18,22,00,175,5.7,6.2,99.00,99.00,99.00,999,1019.2,29.6,999.0,999.0,99.0,99.00,
2020,07,18,23,00,175,4.7,5.7,99.00,99.00,99.00,999,1019.0,29.6,999.0,999.0,99.0,99.00,
2020,07,19,00,00,171,3.3,4.6,99.00,99.00,99.00,999,1019.7,29.6,999.0,999.0,99.0,99.00,
2020,07,19,01,00,198,2.3,2.7,99.00,99.00,99.00,999,1020.2,29.0,999.0,999.0,99.0,99.00,
2020,07,19,02,00,178,4.4,4.9,99.00,99.00,99.00,999,1019.8,29.1,999.0,999.0,99.0,99.00,
2020,07,19,03,00,192,6.1,6.8,99.00,99.00,99.00,999,1019.6,29.0,999.0,999.0,99.0,99.00,
2020,07,19,04,00,199,6.1,7.7,99.00,99.00,99.00,999,1019.2,28.8,999.0,999.0,99.0,99.00,
2020,07,19,05,00,196,6.4,8.0,99.00,99.00,99.00,999,1019.3,28.9,999.0,999.0,99.0,99.00,
2020,07,19,06,00,208,4.8,5.9,99.00,99.00,99.00,999,1019.1,28.4,999.0,999.0,99.0,99.00,
2020,07,19,07,00,216,3.4,4.7,99.00,99.00,99.00,999,1018.7,28.3,999.0,999.0,99.0,99.00,
2020,07,19,08,00,206,4.6,5.5,99.00,99.00,99.00,999,1018.5,28.3,999.0,999.0,99.0,99.00,
2020,07,19,09,00,206,4.5,5.9,99.00,99.00,99.00,999,1018.4,28.2,999.0,999.0,99.0,99.00,
2020,07,19,10,00,242,1.6,2.1,99.00,99.00,99.00,999,1018.8,27.6,999.0,999.0,99.0,99.00,
2020,07,19,11,00,297,1.2,1.6,99.00,99.00,99.00,999,1019.2,27.1,999.0,999.0,99.0,99.00,
2020,07,19,12,00,305,1.2,2.0,99.00,99.00,99.00,999,1019.5,28.1,999.0,999.0,99.0,99.00,
2020,07,19,13,00,250,2.0,2.8,99.00,99.00,99.00,999,1019.8,28.7,999.0,999.0,99.0,99.00,
2020,07,19,14,00,244,2.6,3.1,99.00,99.00,99.00,999,1020.2,28.9,999.0,999.0,99.0,99.00,
2020,07,19,15,00,202,4.1,5.0,99.00,99.00,99.00,999,1020.0,29.8,999.0,999.0,99.0,99.00,
2020,07,19,16,00,195,4.3,5.5,99.00,99.00,99.00,999,1020.0,30.4,999.0,999.0,99.0,99.00,
2020,07,19,17,00,181,4.4,5.1,99.00,99.00,99.00,999,1019.5,30.2,999.0,999.0,99.0,99.00,
2020,07,19,18,00,171,4.9,5.7,99.00,99.00,99.00,999,1019.3,30.5,999.0,999.0,99.0,99.00,
2020,07,19,19,00,190,5.6,6.5,99.00,99.00,99.00,999,1018.6,30.3,999.0,999.0,99.0,99.00,
2020,07,19,20,00,193,5.3,5.9,99.00,99.00,99.00,999,1018.0,30.7,999.0,999.0,99.0,99.00,
2020,07,19,21,00,184,6.0,6.8,99.00,99.00,99.00,999,1017.9,30.2,999.0,999.0,99.0,99.00,
2020,07,19,22,00,186,6.7,7.5,99.00,99.00,99.00,999,1017.3,30.0,999.0,999.0,99.0,99.00,
2020,07,19,23,00,184,6.5,7.6,99.00,99.00,99.00,999,1017.2,29.9,999.0,999.0,99.0,99.00,
2020,07,20,00,00,190,4.9,5.9,99.00,99.00,99.00,999,1017.8,29.7,999.0,999.0,99.0,99.00,
2020,07,20,01,00,193,6.1,7.1,99.00,99.00,99.00,999,1018.1,29.5,999.0,999.0,99.0,99.00,
2020,07,20,02,00,188,7.1,7.7,99.00,99.00,99.00,999,1018.7,29.5,999.0,999.0,99.0,99.00,
2020,07,20,03,00,192,6.9,7.7,99.00,99.00,99.00,999,1018.8,29.4,999.0,999.0,99.0,99.00,
2020,07,20,04,00,198,6.3,7.7,99.00,99.00,99.00,999,1018.6,29.2,999.0,999.0,99.0,99.00,
2020,07,20,05,00,190,7.8,8.7,99.00,99.00,99.00,999,1018.3,29.0,999.0,999.0,99.0,99.00,
2020,07,20,06,00,210,7.6,8.5,99.00,99.00,99.00,999,1018.0,29.0,999.0,999.0,99.0,99.00,
2020,07,20,07,00,215,7.4,8.6,99.00,99.00,99.00,999,1017.4,28.8,999.0,999.0,99.0,99.00,
2020,07,20,08,00,219,6.5,7.7,99.00,99.00,99.00,999,1017.3,28.6,999.0,999.0,99.0,99.00,
2020,07,20,09,00,226,4.3,6.3,99.00,99.00,99.00,999,1017.4,28.4,999.0,999.0,99.0,99.00,
2020,07,20,10,00,258,1.6,2.0,99.00,99.00,99.00,999,1017.8,27.6,999.0,999.0,99.0,99.00,
2020,07,20,11,00,296,1.2,2.1,99.00,99.00,99.00,999,1018.6,26.9,999.0,999.0,99.0,99.00,
2020,07,20,12,00,285,1.9,3.4,99.00,99.00,99.00,999,1018.8,28.1,999.0,999.0,99.0,99.00,
2020,07,20,13,00,263,2.4,3.3,99.00,99.00,99.00,999,1019.1,29.2,999.0,999.0,99.0,99.00,
2020,07,20,14,00,235,2.0,3.0,99.00,99.00,99.00,999,1019.1,29.5,999.0,999.0,99.0,99.00,
2020,07,20,15,00,220,4.9,6.5,99.00,99.00,99.00,999,1019.1,30.1,999.0,999.0,99.0,99.00,
2020,07,20,16,00,211,4.9,5.9,99.00,99.00,99.00,999,1018.9,30.0,999.0,999.0,99.0,99.00,
2020,07,20,17,00,193,5.3,5.8,99.00,99.00,99.00,999,1018.7,30.7,999.0,999.0,99.0,99.00,
2020,07,20,18,00,188,5.9,6.5,99.00,99.00,99.00,999,1018.4,30.4,999.0,999.0,99.0,99.00,
2020,07,20,19,00,187,6.6,7.2,99.00,99.00,99.00,999,1018.1,30.2,999.0,999.0,99.0,99.00,
2020,07,20,20,00,199,5.3,6.2,99.00,99.00,99.00,999,1017.8,30.6,999.0,999.0,99.0,99.00,
2020,07,20,21,00,189,6.4,7.6,99.00,99.00,99.00,999,1017.2,30.4,999.0,999.0,99.0,99.00,
2020,07,20,22,00,187,6.1,7.1,99.00,99.00,99.00,999,1016.7,29.8,999.0,999.0,99.0,99.00,
2020,07,20,23,00,189,7.3,8.2,99.00,99.00,99.00,999,1016.7,29.4,999.0,999.0,99.0,99.00,
2020,07,21,00,00,187,6.6,7.6,99.00,99.00,99.00,999,1017.4,29.5,999.0,999.0,99.0,99.00,
2020,07,21,01,00,191,5.6,6.2,99.00,99.00,99.00,999,1017.9,29.3,999.0,999.0,99.0,99.00,
2020,07,21,02,00,188,5.4,6.3,99.00,99.00,99.00,999,1018.5,29.4,999.0,999.0,99.0,99.00,
2020,07,21,03,00,201,5.4,6.1,99.00,99.00,99.00,999,1019.3,29.2,999.0,999.0,99.0,99.00,
2020,07,21,04,00,206,5.4,6.4,99.00,99.00,99.00,999,1019.6,29.2,999.0,999.0,99.0,99.00,
2020,07,21,05,00,199,5.3,6.4,99.00,99.00,99.00,999,1019.2,29.0,999.0,999.0,99.0,99.00,
2020,07,21,06,00,207,5.0,5.9,99.00,99.00,99.00,999,1018.7,29.0,999.0,999.0,99.0,99.00,
2020,07,21,07,00,207,5.7,7.1,99.00,99.00,99.00,999,1018.0,28.7,999.0,999.0,99.0,99.00,
2020,07,21,08,00,201,4.8,5.9,99.00,99.00,99.00,999,1017.7,28.7,999.0,999.0,99.0,99.00,
2020,07,21,09,00,208,5.0,5.7,99.00,99.00,99.00,999,1017.6,28.6,999.0,999.0,99.0,99.00,
2020,07,21,10,00,209,4.0,4.8,99.00,99.00,99.00,999,1018.1,28.4,999.0,999.0,99.0,99.00,
2020,07,21,11,00,180,4.6,5.6,99.00,99.00,99.00,999,1018.4,28.7,999.0,999.0,99.0,99.00,
2020,07,21,12,00,188,4.4,5.0,99.00,99.00,99.00,999,1019.4,28.9,999.0,999.0,99.0,99.00,
2020,07,21,13,00,203,3.7,4.4,99.00,99.00,99.00,999,1020.1,29.5,999.0,999.0,99.0,99.00,
2020,07,21,14,00,195,4.1,4.6,99.00,99.00,99.00,999,1020.6,29.6,999.0,999.0,99.0,99.00,
2020,07,21,15,00,198,4.4,5.4,99.00,99.00,99.00,999,1021.1,30.2,999.0,999.0,99.0,99.00,
2020,07,21,16,00,202,4.4,4.9,99.00,99.00,99.00,999,1021.1,30.5,999.0,999.0,99.0,99.00,
2020,07,21,17,00,193,4.3,5.1,99.00,99.00,99.00,999,1021.0,30.8,999.0,999.0,99.0,99.00,
2020,07,21,18,00,188,4.2,5.0,99.00,99.00,99.00,999,1020.9,31.0,999.0,999.0,99.0,99.00,
2020,07,21,19,00,183,5.1,5.8,99.00,99.00,99.00,999,1020.5,30.5,999.0,999.0,99.0,99.00,
2020,07,21,20,00,164,5.1,5.6,99.00,99.00,99.00,999,1019.6,30.4,999.0,999.0,99.0,99.00,
2020,07,21,21,00,160,6.1,6.8,99.00,99.00,99.00,999,1019.3,29.9,999.0,999.0,99.0,99.00,
2020,07,21,22,00,172,7.9,9.1,99.00,99.00,99.00,999,1018.8,29.9,999.0,999.0,99.0,99.00,
2020,07,21,23,00,169,6.1,7.1,99.00,99.00,99.00,999,1018.9,29.7,999.0,999.0,99.0,99.00,
2020,07,22,00,00,195,6.5,7.8,99.00,99.00,99.00,999,1019.3,29.3,999.0,999.0,99.0,99.00,
2020,07,22,01,00,198,4.2,4.9,99.00,99.00,99.00,999,1019.6,29.3,999.0,999.0,99.0,99.00,
2020,07,22,02,00,198,4.7,5.7,99.00,99.00,99.00,999,1020.0,29.0,999.0,999.0,99.0,99.00,
2020,07,22,03,00,195,4.7,5.3,99.00,99.00,99.00,999,1019.9,29.0,999.0,999.0,99.0,99.00,
2020,07,22,04,00,191,4.6,5.3,99.00,99.00,99.00,999,1019.9,28.8,999.0,999.0,99.0,99.00,
2020,07,22,05,00,194,4.9,5.5,99.00,99.00,99.00,999,1019.8,28.9,999.0,999.0,99.0,99.00,
2020,07,22,06,00,190,6.4,7.0,99.00,99.00,99.00,999,1019.6,28.8,999.0,999.0,99.0,99.00,
2020,07,22,07,00,198,4.6,5.4,99.00,99.00,99.00,999,1019.5,28.7,999.0,999.0,99.0,99.00,
2020,07,22,08,00,194,5.3,5.9,99.00,99.00,99.00,999,1019.6,28.7,999.0,999.0,99.0,99.00,
2020,07,22,09,00,223,3.2,4.0,99.00,99.00,99.00,999,1020.0,28.3,999.0,999.0,99.0,99.00,
2020,07,22,10,00,197,4.0,4.5,99.00,99.00,99.00,999,1020.2,28.6,999.0,999.0,99.0,99.00,
2020,07,22,11,00,205,2.7,3.7,99.00,99.00,99.00,999,1020.5,28.5,999.0,999.0,99.0,99.00,
2020,07,22,12,00,226,3.0,3.4,99.00,99.00,99.00,999,1020.8,29.0,999.0,999.0,99.0,99.00,
2020,07,22,13,00,215,3.6,4.5,99.00,99.00,99.00,999,1021.3,29.6,999.0,999.0,99.0,99.00,
2020,07,22,14,00,202,3.2,4.0,99.00,99.00,99.00,999,1021.5,29.8,999.0,999.0,99.0,99.00,
2020,07,22,15,00,193,3.5,4.1,99.00,99.00,99.00,999,1021.7,30.3,999.0,999.0,99.0,99.00,
2020,07,22,16,00,190,4.2,4.6,99.00,99.00,99.00,999,1021.7,30.1,999.0,999.0,99.0,99.00,
2020,07,22,17,00,167,4.0,4.6,99.00,99.00,99.00,999,1021.6,30.4,999.0,999.0,99.0,99.00,
2020,07,22,18,00,171,4.3,5.1,99.00,99.00,99.00,999,1021.2,30.3,999.0,999.0,99.0,99.00,
2020,07,22,19,00,180,4.9,5.8,99.00,99.00,99.00,999,1020.9,30.4,999.0,999.0,99.0,99.00,
2020,07,22,20,00,183,5.0,5.6,99.00,99.00,99.00,999,1020.6,30.4,999.0,999.0,99.0,99.00,
2020,07,22,21,00,176,5.8,6.4,99.00,99.00,99.00,999,1020.2,30.2,999.0,999.0,99.0,99.00,
2020,07,22,22,00,175,6.8,7.7,99.00,99.00,99.00,999,1019.6,29.8,999.0,999.0,99.0,99.00,
2020,07,22,23,00,177,7.2,7.8,99.00,99.00,99.00,999,1020.0,29.7,999.0,999.0,99.0,99.00,
2020,07,23,00,00,182,6.6,7.2,99.00,99.00,99.00,999,1020.1,29.6,999.0,999.0,99.0,99.00,
2020,07,23,01,00,182,6.4,6.8,99.00,99.00,99.00,999,1020.3,29.4,999.0,999.0,99.0,99.00,
2020,07,23,02,00,177,6.2,6.6,99.00,99.00,99.00,999,1020.6,29.4,999.0,999.0,99.0,99.00,
2020,07,23,03,00,195,5.4,6.0,99.00,99.00,99.00,999,1021.0,29.1,999.0,999.0,99.0,99.00,
2020,07,23,04,00,186,5.3,5.8,99.00,99.00,99.00,999,1020.9,29.0,999.0,999.0,99.0,99.00,
2020,07,23,05,00,180,6.0,6.5,99.00,99.00,99.00,999,1020.9,29.0,999.0,999.0,99.0,99.00,
2020,07,23,06,00,193,5.1,5.9,99.00,99.00,99.00,999,1020.9,28.9,999.0,999.0,99.0,99.00,
2020,07,23,07,00,199,3.8,4.3,99.00,99.00,99.00,999,1020.7,28.6,999.0,999.0,99.0,99.00,
2020,07,23,08,00,183,3.6,4.0,99.00,99.00,99.00,999,1020.6,28.7,999.0,999.0,99.0,99.00,
2020,07,23,09,00,190,3.0,3.6,99.00,99.00,99.00,999,1020.5,28.5,999.0,999.0,99.0,99.00,
2020,07,23,10,00,162,3.0,3.3,99.00,99.00,99.00,999,1020.8,28.7,999.0,999.0,99.0,99.00,
2020,07,23,11,00,145,2.5,3.1,99.00,99.00,99.00,999,1021.2,28.7,999.0,999.0,99.0,99.00,
2020,07,23,12,00,162,2.2,2.4,99.00,99.00,99.00,999,1021.8,29.0,999.0,999.0,99.0,99.00,
2020,07,23,13,00,170,2.0,2.6,99.00,99.00,99.00,999,1022.4,29.4,999.0,999.0,99.0,99.00,
2020,07,23,14,00,152,2.5,2.7,99.00,99.00,99.00,999,1022.7,29.3,999.0,999.0,99.0,99.00,
2020,07,23,15,00,144,2.3,2.6,99.00,99.00,99.00,999,1022.9,29.4,999.0,999.0,99.0,99.00,
2020,07,23,16,00,163,2.6,3.0,99.00,99.00,99.00,999,1022.8,29.7,999.0,999.0,99.0,99.00,
2020,07,23,17,00,164,3.8,4.0,99.00,99.00,99.00,999,1022.6,30.1,999.0,999.0,99.0,99.00,
2020,07,23,18,00,155,3.6,4.2,99.00,99.00,99.00,999,1021.7,30.3,999.0,999.0,99.0,99.00,
2020,07,23,19,00,153,4.4,5.0,99.00,99.00,99.00,999,1021.2,30.1,999.0,999.0,99.0,99.00,
2020,07,23,20,00,163,5.5,6.3,99.00,99.00,99.00,999,1020.5,30.1,999.0,999.0,99.0,99.00,
2020,07,23,21,00,157,5.9,6.8,99.00,99.00,99.00,999,1020.2,29.7,999.0,999.0,99.0,99.00,
2020,07,23,22,00,178,5.6,6.1,99.00,99.00,99.00,999,1020.2,29.7,999.0,999.0,99.0,99.00,
2020,07,23,23,00,185,6.0,6.4,99.00,99.00,99.00,999,1020.5,29.9,999.0,999.0,99.0,99.00,
2020,07,24,00,00,184,5.1,5.8,99.00,99.00,99.00,999,1020.6,29.6,999.0,999.0,99.0,99.00,
2020,07,24,01,00,193,5.1,5.9,99.00,99.00,99.00,999,1021.0,29.3,999.0,999.0,99.0,99.00,
2020,07,24,02,00,200,4.2,5.1,99.00,99.00,99.00,999,1021.5,29.2,999.0,999.0,99.0,99.00,
2020,07,24,03,00,210,5.8,6.5,99.00,99.00,99.00,999,1021.6,29.2,999.0,999.0,99.0,99.00,
2020,07,24,04,00,203,4.4,5.3,99.00,99.00,99.00,999,1021.6,29.1,999.0,999.0,99.0,99.00,
2020,07,24,05,00,208,5.0,5.6,99.00,99.00,99.00,999,1021.6,28.8,999.0,999.0,99.0,99.00,
2020,07,24,06,00,216,4.6,5.5,99.00,99.00,99.00,999,1021.5,28.6,999.0,999.0,99.0,99.00,
2020,07,24,07,00,218,4.3,4.9,99.00,99.00,99.00,999,1021.1,28.6,999.0,999.0,99.0,99.00,
2020,07,24,08,00,194,2.2,2.8,99.00,99.00,99.00,999,1020.9,27.9,999.0,999.0,99.0,99.00,
2020,07,24,09,00,294,1.2,1.3,99.00,99.00,99.00,999,1020.9,27.7,999.0,999.0,99.0,99.00,
2020,07,24,10,00,278,1.0,1.0,99.00,99.00,99.00,999,1021.0,27.3,999.0,999.0,99.0,99.00,
2020,07,24,11,00,305,1.0,1.0,99.00,99.00,99.00,999,1021.3,27.1,999.0,999.0,99.0,99.00,
2020,07,24,12,00,286,0.9,1.3,99.00,99.00,99.00,999,1021.9,28.0,999.0,999.0,99.0,99.00,
2020,07,24,13,00,291,0.5,0.7,99.00,99.00,99.00,999,1022.3,28.7,999.0,999.0,99.0,99.00,
2020,07,24,14,00,346,1.7,2.4,99.00,99.00,99.00,999,1022.7,29.6,999.0,999.0,99.0,99.00,
2020,07,24,15,00,330,4.0,5.3,99.00,99.00,99.00,999,1023.3,25.6,999.0,999.0,99.0,99.00,
2020,07,24,16,00,88,2.1,3.1,99.00,99.00,99.00,999,1023.0,26.6,999.0,999.0,99.0,99.00,
2020,07,24,17,00,141,2.5,2.9,99.00,99.00,99.00,999,1022.8,28.7,999.0,999.0,99.0,99.00,
2020,07,24,18,00,171,3.4,4.4,99.00,99.00,99.00,999,1022.1,29.1,999.0,999.0,99.0,99.00,
2020,07,24,19,00,185,5.3,5.8,99.00,99.00,99.00,999,1021.2,28.9,999.0,999.0,99.0,99.00,
2020,07,24,20,00,181,4.7,5.9,99.00,99.00,99.00,999,1021.3,29.8,999.0,999.0,99.0,99.00,
2020,07,24,21,00,190,4.6,5.0,99.00,99.00,99.00,999,1020.8,29.1,999.0,999.0,99.0,99.00,
2020,07,24,22,00,174,4.4,4.8,99.00,99.00,99.00,999,1020.1,29.0,999.0,999.0,99.0,99.00,
2020,07,24,23,00,197,3.7,4.5,99.00,99.00,99.00,999,1020.3,29.0,999.0,999.0,99.0,99.00,
2020,07,25,00,00,208,2.6,3.0,99.00,99.00,99.00,999,1020.9,28.9,999.0,999.0,99.0,99.00,
2020,07,25,01,00,236,2.0,2.2,99.00,99.00,99.00,999,1021.5,28.5,999.0,999.0,99.0,99.00,
2020,07,25,02,00,228,1.2,1.4,99.00,99.00,99.00,999,1021.6,28.5,999.0,999.0,99.0,99.00,
2020,07,25,03,00,340,4.7,5.8,99.00,99.00,99.00,999,1022.0,27.1,999.0,999.0,99.0,99.00,
2020,07,25,04,00,86,2.0,2.5,99.00,99.00,99.00,999,1021.3,27.0,999.0,999.0,99.0,99.00,
2020,07,25,05,00,18,1.4,1.8,99.00,99.00,99.00,999,1021.3,27.2,999.0,999.0,99.0,99.00,
2020,07,25,06,00,7,1.8,2.1,99.00,99.00,99.00,999,1020.9,27.0,999.0,999.0,99.0,99.00,
2020,07,25,07,00,79,2.4,2.7,99.00,99.00,99.00,999,1020.7,27.2,999.0,999.0,99.0,99.00,
2020,07,25,08,00,193,5.1,5.7,99.00,99.00,99.00,999,1020.3,28.6,999.0,999.0,99.0,99.00,
2020,07,25,09,00,211,4.4,4.8,99.00,99.00,99.00,999,1020.1,28.1,999.0,999.0,99.0,99.00,
2020,07,25,10,00,283,1.1,1.3,99.00,99.00,99.00,999,1020.5,27.0,999.0,999.0,99.0,99.00,
2020,07,25,11,00,300,1.5,1.6,99.00,99.00,99.00,999,1020.8,27.1,999.0,999.0,99.0,99.00,
2020,07,25,12,00,256,0.3,0.6,99.00,99.00,99.00,999,1021.1,28.2,999.0,999.0,99.0,99.00,
2020,07,25,13,00,286,1.5,2.3,99.00,99.00,99.00,999,1021.3,29.4,999.0,999.0,99.0,99.00,
2020,07,25,14,00,211,1.6,2.1,99.00,99.00,99.00,999,1021.7,29.4,999.0,999.0,99.0,99.00,
2020,07,25,15,00,139,1.5,1.8,99.00,99.00,99.00,999,1021.9,29.4,999.0,999.0,99.0,99.00,
2020,07,25,16,00,331,1.7,2.6,99.00,99.00,99.00,999,1021.9,29.1,999.0,999.0,99.0,99.00,
2020,07,25,17,00,26,2.2,2.7,99.00,99.00,99.00,999,1021.8,29.6,999.0,999.0,99.0,99.00,
2020,07,25,18,00,97,1.9,2.4,99.00,99.00,99.00,999,1021.1,29.8,999.0,999.0,99.0,99.00,
2020,07,25,19,00,123,3.3,3.7,99.00,99.00,99.00,999,1020.3,29.2,999.0,999.0,99.0,99.00,
2020,07,25,20,00,130,3.6,4.1,99.00,99.00,99.00,999,1020.1,29.3,999.0,999.0,99.0,99.00,
2020,07,25,21,00,116,4.0,4.8,99.00,99.00,99.00,999,1020.2,29.5,999.0,999.0,99.0,99.00,
2020,07,25,22,00,126,3.7,4.6,99.00,99.00,99.00,999,1020.0,29.5,999.0,999.0,99.0,99.00,
2020,07,25,23,00,168,3.6,4.3,99.00,99.00,99.00,999,1020.1,29.2,999.0,999.0,99.0,99.00,
2020,07,26,00,00,165,2.2,2.6,99.00,99.00,99.00,999,1020.4,29.0,999.0,999.0,99.0,99.00,
2020,07,26,01,00,322,2.0,2.6,99.00,99.00,99.00,999,1020.9,26.2,999.0,999.0,99.0,99.00,
2020,07,26,02,00,300,0.1,0.3,99.00,99.00,99.00,999,1021.5,26.2,999.0,999.0,99.0,99.00,
2020,07,26,03,00,0,0.0,0.0,99.00,99.00,99.00,999,1021.8,27.2,999.0,999.0,99.0,99.00,
2020,07,26,04,00,191,4.0,4.8,99.00,99.00,99.00,999,1021.8,28.3,999.0,999.0,99.0,99.00,
2020,07,26,05,00,188,4.2,4.7,99.00,99.00,99.00,999,1021.5,28.4,999.0,999.0,99.0,99.00,
2020,07,26,06,00,193,2.7,3.3,99.00,99.00,99.00,999,1021.0,28.4,999.0,999.0,99.0,99.00,
2020,07,26,07,00,310,1.9,2.2,99.00,99.00,99.00,999,1020.7,26.6,999.0,999.0,99.0,99.00,
2020,07,26,08,00,331,1.8,2.3,99.00,99.00,99.00,999,1020.5,26.5,999.0,999.0,99.0,99.00,
2020,07,26,09,00,339,2.5,3.0,99.00,99.00,99.00,999,1020.4,26.0,999.0,999.0,99.0,99.00,
2020,07,26,10,00,355,2.9,3.6,99.00,99.00,99.00,999,1020.7,26.2,999.0,999.0,99.0,99.00,
2020,07,26,11,00,355,2.0,3.3,99.00,99.00,99.00,999,1021.1,25.7,999.0,999.0,99.0,99.00,
2020,07,26,12,00,22,3.0,3.6,99.00,99.00,99.00,999,1021.5,26.6,999.0,999.0,99.0,99.00,
2020,07,26,13,00,33,3.2,3.7,99.00,99.00,99.00,999,1021.7,27.1,999.0,999.0,99.0,99.00,
2020,07,26,14,00,54,3.1,3.8,99.00,99.00,99.00,999,1021.8,27.9,999.0,999.0,99.0,99.00,
2020,07,26,15,00,71,3.9,4.6,99.00,99.00,99.00,999,1022.1,29.1,999.0,999.0,99.0,99.00,
2020,07,26,16,00,83,3.6,4.5,99.00,99.00,99.00,999,1022.0,29.2,999.0,999.0,99.0,99.00,
2020,07,26,17,00,116,3.1,3.4,99.00,99.00,99.00,999,1022.1,28.6,999.0,999.0,99.0,99.00,
2020,07,26,18,00,147,3.8,4.2,99.00,99.00,99.00,999,1021.6,28.3,999.0,999.0,99.0,99.00,
2020,07,26,19,00,161,3.1,3.6,99.00,99.00,99.00,999,1021.3,28.8,999.0,999.0,99.0,99.00,
2020,07,26,20,00,138,2.2,2.9,99.00,99.00,99.00,999,1020.6,28.6,999.0,999.0,99.0,99.00,
2020,07,26,21,00,158,2.2,2.8,99.00,99.00,99.00,999,1020.2,28.6,999.0,999.0,99.0,99.00,
2020,07,26,22,00,180,3.2,3.9,99.00,99.00,99.00,999,1019.7,29.0,999.0,999.0,99.0,99.00,
2020,07,26,23,00,180,3.9,4.4,99.00,99.00,99.00,999,1019.4,28.9,999.0,999.0,99.0,99.00,
2020,07,27,00,00,199,3.3,4.2,99.00,99.00,99.00,999,1019.4,28.5,999.0,999.0,99.0,99.00,
2020,07,27,01,00,199,2.8,3.7,99.00,99.00,99.00,999,1019.3,28.3,999.0,999.0,99.0,99.00,
2020,07,27,02,00,241,2.0,2.5,99.00,99.00,99.00,999,1019.6,27.6,999.0,999.0,99.0,99.00,
2020,07,27,03,00,237,1.5,1.9,99.00,99.00,99.00,999,1019.8,27.2,999.0,999.0,99.0,99.00,
2020,07,27,04,00,211,3.7,4.5,99.00,99.00,99.00,999,1020.1,28.0,999.0,999.0,99.0,99.00,
2020,07,27,05,00,198,3.5,4.4,99.00,99.00,99.00,999,1019.6,28.2,999.0,999.0,99.0,99.00,
2020,07,27,06,00,214,3.0,3.6,99.00,99.00,99.00,999,1019.2,27.8,999.0,999.0,99.0,99.00,
2020,07,27,07,00,218,3.9,4.5,99.00,99.00,99.00,999,1018.9,27.7,999.0,999.0,99.0,99.00,
2020,07,27,08,00,227,3.3,4.4,99.00,99.00,99.00,999,1018.5,27.9,999.0,999.0,99.0,99.00,
2020,07,27,09,00,238,2.8,3.6,99.00,99.00,99.00,999,1018.4,27.3,999.0,999.0,99.0,99.00,
2020,07,27,10,00,268,1.0,1.4,99.00,99.00,99.00,999,1018.9,26.4,999.0,999.0,99.0,99.00,
2020,07,27,11,00,281,1.9,3.1,99.00,99.00,99.00,999,1019.4,26.1,999.0,999.0,99.0,99.00,
2020,07,27,12,00,272,2.9,5.0,99.00,99.00,99.00,999,1019.5,27.1,999.0,999.0,99.0,99.00,
2020,07,27,13,00,273,3.4,4.6,99.00,99.00,99.00,999,1019.7,28.0,999.0,999.0,99.0,99.00,
2020,07,27,14,00,276,2.6,3.9,99.00,99.00,99.00,999,1019.7,29.1,999.0,999.0,99.0,99.00,
2020,07,27,15,00,297,2.3,3.4,99.00,99.00,99.00,999,1019.3,29.8,999.0,999.0,99.0,99.00,
2020,07,27,16,00,158,2.6,3.1,99.00,99.00,99.00,999,1019.2,29.9,999.0,999.0,99.0,99.00,
2020,07,27,17,00,165,3.7,4.2,99.00,99.00,99.00,999,1018.9,29.9,999.0,999.0,99.0,99.00,
2020,07,27,18,00,184,4.9,5.6,99.00,99.00,99.00,999,1018.7,29.6,999.0,999.0,99.0,99.00,
2020,07,27,19,00,196,6.1,7.1,99.00,99.00,99.00,999,1017.9,30.1,999.0,999.0,99.0,99.00,
2020,07,27,20,00,196,6.0,7.0,99.00,99.00,99.00,999,1016.9,30.2,999.0,999.0,99.0,99.00,
2020,07,27,21,00,194,6.4,7.0,99.00,99.00,99.00,999,1016.6,29.9,999.0,999.0,99.0,99.00,
2020,07,27,22,00,207,7.1,8.3,99.00,99.00,99.00,999,1016.2,29.8,999.0,999.0,99.0,99.00,
2020,07,27,23,00,198,7.3,8.3,99.00,99.00,99.00,999,1015.9,29.4,999.0,999.0,99.0,99.00,
2020,07,28,00,00,200,7.1,8.0,99.00,99.00,99.00,999,1016.2,29.0,999.0,999.0,99.0,99.00,
2020,07,28,01,00,211,8.6,9.5,99.00,99.00,99.00,999,1016.7,28.9,999.0,999.0,99.0,99.00,
2020,07,28,02,00,214,8.2,9.3,99.00,99.00,99.00,999,1016.9,29.0,999.0,999.0,99.0,99.00,
2020,07,28,03,00,222,7.7,9.9,99.00,99.00,99.00,999,1017.2,28.8,999.0,999.0,99.0,99.00,
2020,07,28,04,00,212,8.9,9.5,99.00,99.00,99.00,999,1016.8,28.7,999.0,999.0,99.0,99.00,
2020,07,28,05,00,208,7.8,8.9,99.00,99.00,99.00,999,1016.4,28.9,999.0,999.0,99.0,99.00,
2020,07,28,06,00,214,8.5,10.5,99.00,99.00,99.00,999,1016.1,28.6,999.0,999.0,99.0,99.00,
2020,07,28,07,00,232,4.0,6.1,99.00,99.00,99.00,999,1015.9,28.2,999.0,999.0,99.0,99.00,
2020,07,28,08,00,244,3.1,5.2,99.00,99.00,99.00,999,1015.6,27.6,999.0,999.0,99.0,99.00,
2020,07,28,09,00,243,3.9,5.4,99.00,99.00,99.00,999,1015.7,27.2,999.0,999.0,99.0,99.00,
2020,07,28,10,00,238,2.6,4.0,99.00,99.00,99.00,999,1016.0,26.9,999.0,999.0,99.0,99.00,
2020,07,28,11,00,239,2.5,3.4,99.00,99.00,99.00,999,1016.5,26.6,999.0,999.0,99.0,99.00,
2020,07,28,12,00,251,1.9,2.6,99.00,99.00,99.00,999,1016.8,27.5,999.0,999.0,99.0,99.00,
2020,07,28,13,00,245,3.2,4.1,99.00,99.00,99.00,999,1017.2,28.6,999.0,999.0,99.0,99.00,
2020,07,28,14,00,245,3.4,4.7,99.00,99.00,99.00,999,1017.2,29.8,999.0,999.0,99.0,99.00,
2020,07,28,15,00,212,5.8,6.4,99.00,99.00,99.00,999,1017.2,29.8,999.0,999.0,99.0,99.00,
2020,07,28,16,00,208,5.7,6.3,99.00,99.00,99.00,999,1017.1,30.1,999.0,999.0,99.0,99.00,
2020,07,28,17,00,200,5.9,7.0,99.00,99.00,99.00,999,1016.9,30.9,999.0,999.0,99.0,99.00,
2020,07,28,18,00,192,7.2,7.6,99.00,99.00,99.00,999,1016.2,30.2,999.0,999.0,99.0,99.00,
2020,07,28,19,00,187,8.1,8.6,99.00,99.00,99.00,999,1015.6,30.0,999.0,999.0,99.0,99.00,
2020,07,28,20,00,191,8.5,9.3,99.00,99.00,99.00,999,1015.3,30.0,999.0,999.0,99.0,99.00,
2020,07,28,21,00,198,7.5,9.3,99.00,99.00,99.00,999,1015.5,29.5,999.0,999.0,99.0,99.00,
2020,07,28,22,00,199,8.0,10.2,99.00,99.00,99.00,999,1015.3,29.3,999.0,999.0,99.0,99.00,
2020,07,28,23,00,212,8.3,9.5,99.00,99.00,99.00,999,1015.5,29.3,999.0,999.0,99.0,99.00,
2020,07,29,00,00,216,6.7,7.9,99.00,99.00,99.00,999,1016.0,29.1,999.0,999.0,99.0,99.00,
2020,07,29,01,00,213,6.7,7.7,99.00,99.00,99.00,999,1016.3,29.1,999.0,999.0,99.0,99.00,
2020,07,29,02,00,214,6.6,7.3,99.00,99.00,99.00,999,1016.9,29.3,999.0,999.0,99.0,99.00,
2020,07,29,03,00,242,2.5,3.4,99.00,99.00,99.00,999,1016.5,28.8,999.0,999.0,99.0,99.00,
2020,07,29,04,00,258,1.8,2.5,99.00,99.00,99.00,999,1016.5,27.7,999.0,999.0,99.0,99.00,
2020,07,29,05,00,239,2.0,2.7,99.00,99.00,99.00,999,1016.2,26.7,999.0,999.0,99.0,99.00,
2020,07,29,06,00,243,3.0,3.9,99.00,99.00,99.00,999,1016.3,27.0,999.0,999.0,99.0,99.00,
2020,07,29,07,00,263,3.1,5.0,99.00,99.00,99.00,999,1016.4,26.3,999.0,999.0,99.0,99.00,
2020,07,29,08,00,260,3.9,6.2,99.00,99.00,99.00,999,1016.4,26.0,999.0,999.0,99.0,99.00,
2020,07,29,09,00,267,3.4,4.5,99.00,99.00,99.00,999,1016.7,25.4,999.0,999.0,99.0,99.00,
2020,07,29,10,00,257,4.5,5.9,99.00,99.00,99.00,999,1016.8,24.9,999.0,999.0,99.0,99.00,
2020,07,29,11,00,257,3.1,4.0,99.00,99.00,99.00,999,1017.6,24.8,999.0,999.0,99.0,99.00,
2020,07,29,12,00,257,5.2,6.9,99.00,99.00,99.00,999,1017.9,25.3,999.0,999.0,99.0,99.00,
2020,07,29,13,00,262,5.5,7.1,99.00,99.00,99.00,999,1018.2,26.3,999.0,999.0,99.0,99.00,
2020,07,29,14,00,271,3.8,5.5,99.00,99.00,99.00,999,1018.0,27.3,999.0,999.0,99.0,99.00,
2020,07,29,15,00,227,2.6,3.7,99.00,99.00,99.00,999,1018.2,29.2,999.0,999.0,99.0,99.00,
2020,07,29,16,00,213,6.5,7.2,99.00,99.00,99.00,999,1017.9,29.4,999.0,999.0,99.0,99.00,
2020,07,29,17,00,209,7.3,8.2,99.00,99.00,99.00,999,1017.5,29.8,999.0,999.0,99.0,99.00,
2020,07,29,18,00,207,7.9,9.2,99.00,99.00,99.00,999,1017.0,29.9,999.0,999.0,99.0,99.00,
2020,07,29,19,00,203,6.7,8.5,99.00,99.00,99.00,999,1016.6,30.4,999.0,999.0,99.0,99.00,
2020,07,29,20,00,222,7.6,9.0,99.00,99.00,99.00,999,1016.0,28.9,999.0,999.0,99.0,99.00,
2020,07,29,21,00,211,9.2,10.3,99.00,99.00,99.00,999,1015.5,28.6,999.0,999.0,99.0,99.00,
2020,07,29,22,00,212,11.2,12.9,99.00,99.00,99.00,999,1015.7,28.3,999.0,999.0,99.0,99.00,
2020,07,29,23,00,220,10.2,12.2,99.00,99.00,99.00,999,1015.5,28.3,999.0,999.0,99.0,99.00,
2020,07,30,00,00,253,4.7,6.6,99.00,99.00,99.00,999,1016.3,27.6,999.0,999.0,99.0,99.00,
2020,07,30,01,00,241,3.3,4.2,99.00,99.00,99.00,999,1017.1,26.8,999.0,999.0,99.0,99.00,
2020,07,30,02,00,244,2.9,4.2,99.00,99.00,99.00,999,1017.3,26.7,999.0,999.0,99.0,99.00,
2020,07,30,03,00,243,5.0,6.6,99.00,99.00,99.00,999,1017.4,27.4,999.0,999.0,99.0,99.00,
2020,07,30,04,00,249,3.6,5.9,99.00,99.00,99.00,999,1017.4,26.6,999.0,999.0,99.0,99.00,
2020,07,30,05,00,245,4.6,6.2,99.00,99.00,99.00,999,1016.8,26.1,999.0,999.0,99.0,99.00,
2020,07,30,06,00,232,5.0,6.2,99.00,99.00,99.00,999,1016.1,26.1,999.0,999.0,99.0,99.00,
2020,07,30,07,00,244,4.8,6.5,99.00,99.00,99.00,999,1015.7,26.1,999.0,999.0,99.0,99.00,
2020,07,30,08,00,242,4.5,5.9,99.00,99.00,99.00,999,1015.9,25.9,999.0,999.0,99.0,99.00,
2020,07,30,09,00,244,4.5,7.4,99.00,99.00,99.00,999,1015.8,26.0,999.0,999.0,99.0,99.00,
2020,07,30,10,00,241,3.8,5.0,99.00,99.00,99.00,999,1015.9,25.8,999.0,999.0,99.0,99.00,
2020,07,30,11,00,243,2.5,3.7,99.00,99.00,99.00,999,1016.2,25.8,999.0,999.0,99.0,99.00,
2020,07,30,12,00,248,3.2,4.4,99.00,99.00,99.00,999,1017.1,25.9,999.0,999.0,99.0,99.00,
2020,07,30,13,00,245,4.7,6.3,99.00,99.00,99.00,999,1016.9,26.6,999.0,999.0,99.0,99.00,
2020,07,30,14,00,253,4.2,7.9,99.00,99.00,99.00,999,1016.8,27.6,999.0,999.0,99.0,99.00,
2020,07,30,15,00,220,6.6,8.3,99.00,99.00,99.00,999,1016.6,28.5,999.0,999.0,99.0,99.00,
2020,07,30,16,00,226,6.3,7.7,99.00,99.00,99.00,999,1016.5,29.6,999.0,999.0,99.0,99.00,
2020,07,30,17,00,215,8.1,9.0,99.00,99.00,99.00,999,1016.2,28.7,999.0,999.0,99.0,99.00,
2020,07,30,18,00,215,8.5,9.4,99.00,99.00,99.00,999,1015.6,28.5,999.0,999.0,99.0,99.00,
2020,07,30,19,00,209,8.3,9.5,99.00,99.00,99.00,999,1014.6,29.1,999.0,999.0,99.0,99.00,
2020,07,30,20,00,215,9.8,11.3,99.00,99.00,99.00,999,1014.4,27.8,999.0,999.0,99.0,99.00,
2020,07,30,21,00,197,8.5,9.8,99.00,99.00,99.00,999,1013.9,28.2,999.0,999.0,99.0,99.00,
2020,07,30,22,00,215,11.8,13.0,99.00,99.00,99.00,999,1013.8,28.0,999.0,999.0,99.0,99.00,
2020,07,30,23,00,226,9.5,11.4,99.00,99.00,99.00,999,1013.6,28.1,999.0,999.0,99.0,99.00,
2020,07,31,00,00,230,6.7,9.0,99.00,99.00,99.00,999,1014.1,28.1,999.0,999.0,99.0,99.00,
2020,07,31,01,00,236,7.4,10.5,99.00,99.00,99.00,999,1014.5,28.4,999.0,999.0,99.0,99.00,
2020,07,31,02,00,238,4.6,5.7,99.00,99.00,99.00,999,1015.1,28.0,999.0,999.0,99.0,99.00,
2020,07,31,03,00,232,5.2,7.3,99.00,99.00,99.00,999,1015.0,28.2,999.0,999.0,99.0,99.00,
2020,07,31,04,00,229,7.4,9.1,99.00,99.00,99.00,999,1014.8,28.3,999.0,999.0,99.0,99.00,
2020,07,31,05,00,232,6.1,7.6,99.00,99.00,99.00,999,1014.5,27.9,999.0,999.0,99.0,99.00,
2020,07,31,06,00,231,3.7,5.1,99.00,99.00,99.00,999,1014.1,27.2,999.0,999.0,99.0,99.00,
2020,07,31,07,00,237,3.9,6.6,99.00,99.00,99.00,999,1013.6,26.9,999.0,999.0,99.0,99.00,
2020,07,31,08,00,234,5.4,8.3,99.00,99.00,99.00,999,1013.8,26.9,999.0,999.0,99.0,99.00,
2020,07,31,09,00,237,4.5,6.1,99.00,99.00,99.00,999,1013.9,26.9,999.0,999.0,99.0,99.00,
2020,07,31,10,00,238,5.9,7.7,99.00,99.00,99.00,999,1014.4,27.2,999.0,999.0,99.0,99.00,
2020,07,31,11,00,240,4.9,7.7,99.00,99.00,99.00,999,1014.9,26.7,999.0,999.0,99.0,99.00,
2020,07,31,12,00,236,3.3,4.6,99.00,99.00,99.00,999,1015.2,27.2,999.0,999.0,99.0,99.00,
2020,07,31,13,00,245,4.2,5.8,99.00,99.00,99.00,999,1015.6,28.5,999.0,999.0,99.0,99.00,
2020,07,31,14,00,242,5.1,6.8,99.00,99.00,99.00,999,1015.6,29.6,999.0,999.0,99.0,99.00,
2020,07,31,15,00,231,5.3,7.8,99.00,99.00,99.00,999,1015.5,30.9,999.0,999.0,99.0,99.00,
2020,07,31,16,00,217,8.1,9.3,99.00,99.00,99.00,999,1015.2,30.5,999.0,999.0,99.0,99.00,
2020,07,31,17,00,214,9.6,10.5,99.00,99.00,99.00,999,1014.8,29.9,999.0,999.0,99.0,99.00,
2020,07,31,18,00,208,9.5,10.9,99.00,99.00,99.00,999,1014.5,29.8,999.0,999.0,99.0,99.00,
2020,07,31,19,00,198,8.8,10.3,99.00,99.00,99.00,999,1014.3,30.2,999.0,999.0,99.0,99.00,
2020,07,31,20,00,204,9.0,9.8,99.00,99.00,99.00,999,1013.7,29.6,999.0,999.0,99.0,99.00,
2020,07,31,21,00,205,9.2,10.9,99.00,99.00,99.00,999,1013.6,29.6,999.0,999.0,99.0,99.00,
2020,07,31,22,00,209,10.4,11.1,99.00,99.00,99.00,999,1013.4,29.2,999.0,999.0,99.0,99.00,
2020,07,31,23,00,208,10.3,11.4,99.00,99.00,99.00,999,1013.2,29.3,999.0,999.0,99.0,99.00,
2020,08,01,00,00,207,9.3,10.0,99.00,99.00,99.00,999,1012.8,29.4,999.0,999.0,99.0,99.00,
2020,08,01,01,00,208,10.1,11.6,99.00,99.00,99.00,999,1013.2,29.5,999.0,999.0,99.0,99.00,
2020,08,01,02,00,221,7.0,8.1,99.00,99.00,99.00,999,1014.3,29.6,999.0,999.0,99.0,99.00,
2020,08,01,03,00,229,5.5,8.1,99.00,99.00,99.00,999,1015.2,29.6,999.0,999.0,99.0,99.00,
2020,08,01,04,00,219,7.6,8.5,99.00,99.00,99.00,999,1015.3,29.4,999.0,999.0,99.0,99.00,
2020,08,01,05,00,230,5.9,8.2,99.00,99.00,99.00,999,1015.3,29.2,999.0,999.0,99.0,99.00,
2020,08,01,06,00,213,8.5,10.5,99.00,99.00,99.00,999,1014.9,29.0,999.0,999.0,99.0,99.00,
2020,08,01,07,00,209,9.2,10.3,99.00,99.00,99.00,999,1014.7,28.6,999.0,999.0,99.0,99.00,
2020,08,01,08,00,218,8.7,9.9,99.00,99.00,99.00,999,1014.5,28.7,999.0,999.0,99.0,99.00,
2020,08,01,09,00,216,8.6,9.6,99.00,99.00,99.00,999,1014.3,28.6,999.0,999.0,99.0,99.00,
2020,08,01,10,00,216,7.7,9.0,99.00,99.00,99.00,999,1014.7,28.6,999.0,999.0,99.0,99.00,
2020,08,01,11,00,225,5.4,7.2,99.00,99.00,99.00,999,1015.1,28.7,999.0,999.0,99.0,99.00,
2020,08,01,12,00,234,4.5,5.8,99.00,99.00,99.00,999,1015.5,29.2,999.0,999.0,99.0,99.00,
2020,08,01,13,00,228,4.2,5.7,99.00,99.00,99.00,999,1015.9,29.9,999.0,999.0,99.0,99.00,
2020,08,01,14,00,222,3.2,4.7,99.00,99.00,99.00,999,1016.2,30.3,999.0,999.0,99.0,99.00,
2020,08,01,15,00,203,4.6,5.6,99.00,99.00,99.00,999,1016.5,30.2,999.0,999.0,99.0,99.00,
2020,08,01,16,00,200,5.1,6.2,99.00,99.00,99.00,999,1016.8,30.6,999.0,999.0,99.0,99.00,
2020,08,01,17,00,180,6.6,7.0,99.00,99.00,99.00,999,1016.5,30.0,999.0,999.0,99.0,99.00,
2020,08,01,18,00,195,8.1,9.0,99.00,99.00,99.00,999,1015.9,30.2,999.0,999.0,99.0,99.00,
2020,08,01,19,00,191,9.5,10.6,99.00,99.00,99.00,999,1015.1,29.8,999.0,999.0,99.0,99.00,
2020,08,01,20,00,197,7.9,10.0,99.00,99.00,99.00,999,1016.1,29.5,999.0,999.0,99.0,99.00,
2020,08,01,21,00,183,5.8,6.5,99.00,99.00,99.00,999,1016.1,29.6,999.0,999.0,99.0,99.00,
2020,08,01,22,00,170,6.0,6.6,99.00,99.00,99.00,999,1015.9,29.3,999.0,999.0,99.0,99.00,
2020,08,01,23,00,165,7.4,8.3,99.00,99.00,99.00,999,1015.5,29.2,999.0,999.0,99.0,99.00,
2020,08,02,00,00,169,7.0,7.8,99.00,99.00,99.00,999,1015.9,29.1,999.0,999.0,99.0,99.00,
2020,08,02,01,00,171,8.4,9.6,99.00,99.00,99.00,999,1015.7,29.1,999.0,999.0,99.0,99.00,
2020,08,02,02,00,175,8.0,8.9,99.00,99.00,99.00,999,1016.2,29.0,999.0,999.0,99.0,99.00,
2020,08,02,03,00,176,8.3,9.3,99.00,99.00,99.00,999,1016.6,28.9,999.0,999.0,99.0,99.00,
2020,08,02,04,00,190,6.9,7.7,99.00,99.00,99.00,999,1016.5,29.0,999.0,999.0,99.0,99.00,
2020,08,02,05,00,199,6.4,7.4,99.00,99.00,99.00,999,1016.3,28.6,999.0,999.0,99.0,99.00,
2020,08,02,06,00,202,5.7,6.6,99.00,99.00,99.00,999,1015.8,28.4,999.0,999.0,99.0,99.00,
2020,08,02,07,00,201,5.9,6.7,99.00,99.00,99.00,999,1015.3,28.5,999.0,999.0,99.0,99.00,
2020,08,02,08,00,188,7.3,8.3,99.00,99.00,99.00,999,1015.5,28.3,999.0,999.0,99.0,99.00,
2020,08,02,09,00,198,5.2,6.3,99.00,99.00,99.00,999,1015.5,28.3,999.0,999.0,99.0,99.00,
2020,08,02,10,00,182,5.9,6.5,99.00,99.00,99.00,999,1015.9,28.4,999.0,999.0,99.0,99.00,
2020,08,02,11,00,202,3.4,4.1,99.00,99.00,99.00,999,1016.2,28.0,999.0,999.0,99.0,99.00,
2020,08,02,12,00,184,4.9,5.7,99.00,99.00,99.00,999,1016.7,28.4,999.0,999.0,99.0,99.00,
2020,08,02,13,00,184,3.4,3.8,99.00,99.00,99.00,999,1017.0,28.9,999.0,999.0,99.0,99.00,
2020,08,02,14,00,191,2.5,3.1,99.00,99.00,99.00,999,1017.2,29.5,999.0,999.0,99.0,99.00,
2020,08,02,15,00,173,2.0,2.6,99.00,99.00,99.00,999,1017.4,29.6,999.0,999.0,99.0,99.00,
2020,08,02,16,00,158,2.7,3.2,99.00,99.00,99.00,999,1017.9,29.6,999.0,999.0,99.0,99.00,
2020,08,02,17,00,146,2.9,3.4,99.00,99.00,99.00,999,1017.5,29.6,999.0,999.0,99.0,99.00,
2020,08,02,18,00,133,3.8,4.5,99.00,99.00,99.00,999,1017.2,29.3,999.0,999.0,99.0,99.00,
2020,08,02,19,00,124,5.2,6.3,99.00,99.00,99.00,999,1017.0,29.3,999.0,999.0,99.0,99.00,
2020,08,02,20,00,158,8.3,9.4,99.00,99.00,99.00,999,1016.7,27.3,999.0,999.0,99.0,99.00,
2020,08,02,21,00,147,5.2,5.7,99.00,99.00,99.00,999,1016.2,28.6,999.0,999.0,99.0,99.00,
2020,08,02,22,00,125,5.3,6.2,99.00,99.00,99.00,999,1016.1,29.0,999.0,999.0,99.0,99.00,
2020,08,02,23,00,122,5.9,6.8,99.00,99.00,99.00,999,1015.5,29.1,999.0,999.0,99.0,99.00,
2020,08,03,00,00,110,8.0,8.6,99.00,99.00,99.00,999,1015.9,28.4,999.0,999.0,99.0,99.00,
2020,08,03,01,00,109,8.3,9.2,99.00,99.00,99.00,999,1016.1,28.5,999.0,999.0,99.0,99.00,
2020,08,03,02,00,113,5.8,6.5,99.00,99.00,99.00,999,1016.3,28.4,999.0,999.0,99.0,99.00,
2020,08,03,03,00,108,6.7,7.5,99.00,99.00,99.00,999,1016.3,28.5,999.0,999.0,99.0,99.00,
2020,08,03,04,00,118,6.2,7.2,99.00,99.00,99.00,999,1016.0,28.5,999.0,999.0,99.0,99.00,
2020,08,03,05,00,119,6.7,7.3,99.00,99.00,99.00,999,1015.8,28.2,999.0,999.0,99.0,99.00,
2020,08,03,06,00,117,7.2,7.9,99.00,99.00,99.00,999,1015.6,28.4,999.0,999.0,99.0,99.00,
2020,08,03,07,00,105,6.3,7.4,99.00,99.00,99.00,999,1015.3,28.6,999.0,999.0,99.0,99.00,
2020,08,03,08,00,108,6.1,7.0,99.00,99.00,99.00,999,1014.7,28.8,999.0,999.0,99.0,99.00,
2020,08,03,09,00,96,7.2,8.4,99.00,99.00,99.00,999,1014.3,28.8,999.0,999.0,99.0,99.00,
2020,08,03,10,00,106,6.1,6.6,99.00,99.00,99.00,999,1014.9,28.4,999.0,999.0,99.0,99.00,
2020,08,03,11,00,98,5.6,6.2,99.00,99.00,99.00,999,1015.2,28.7,999.0,999.0,99.0,99.00,
2020,08,03,12,00,88,7.6,8.3,99.00,99.00,99.00,999,1014.9,29.0,999.0,999.0,99.0,99.00,
2020,08,03,13,00,76,7.8,9.1,99.00,99.00,99.00,999,1015.2,28.7,999.0,999.0,99.0,99.00,
2020,08,03,14,00,63,9.4,10.6,99.00,99.00,99.00,999,1014.6,28.2,999.0,999.0,99.0,99.00,
2020,08,03,15,00,91,10.1,11.3,99.00,99.00,99.00,999,1014.5,28.7,999.0,999.0,99.0,99.00,
2020,08,03,16,00,92,9.4,11.6,99.00,99.00,99.00,999,1014.9,26.9,999.0,999.0,99.0,99.00,
2020,08,03,17,00,53,9.3,10.7,99.00,99.00,99.00,999,1013.3,26.7,999.0,999.0,99.0,99.00,
2020,08,03,18,00,91,14.2,16.6,99.00,99.00,99.00,999,1012.4,25.8,999.0,999.0,99.0,99.00,
2020,08,03,19,00,71,15.9,18.2,99.00,99.00,99.00,999,1011.5,24.7,999.0,999.0,99.0,99.00,
2020,08,03,20,00,25,12.3,14.5,99.00,99.00,99.00,999,1009.4,25.2,999.0,999.0,99.0,99.00,
2020,08,03,21,00,22,17.0,20.2,99.00,99.00,99.00,999,1006.3,24.3,999.0,999.0,99.0,99.00,
2020,08,03,22,00,28,17.9,20.4,99.00,99.00,99.00,999,1004.0,23.9,999.0,999.0,99.0,99.00,
2020,08,03,23,00,312,6.4,9.0,99.00,99.00,99.00,999,1003.8,24.4,999.0,999.0,99.0,99.00,
2020,08,04,00,00,305,8.7,12.5,99.00,99.00,99.00,999,1006.0,24.0,999.0,999.0,99.0,99.00,
2020,08,04,01,00,281,7.9,10.9,99.00,99.00,99.00,999,1008.1,24.4,999.0,999.0,99.0,99.00,
2020,08,04,02,00,276,5.5,10.5,99.00,99.00,99.00,999,1010.4,24.7,999.0,999.0,99.0,99.00,
2020,08,04,03,00,266,4.6,7.4,99.00,99.00,99.00,999,1011.8,24.8,999.0,999.0,99.0,99.00,
2020,08,04,04,00,286,3.8,5.3,99.00,99.00,99.00,999,1012.3,24.0,999.0,999.0,99.0,99.00,
2020,08,04,05,00,231,3.4,4.5,99.00,99.00,99.00,999,1012.8,23.4,999.0,999.0,99.0,99.00,
2020,08,04,06,00,214,5.8,7.1,99.00,99.00,99.00,999,1012.5,25.0,999.0,999.0,99.0,99.00,
2020,08,04,07,00,263,2.6,3.3,99.00,99.00,99.00,999,1012.4,24.2,999.0,999.0,99.0,99.00,
2020,08,04,08,00,316,1.3,1.9,99.00,99.00,99.00,999,1012.9,22.7,999.0,999.0,99.0,99.00,
2020,08,04,09,00,322,1.9,2.6,99.00,99.00,99.00,999,1013.1,22.5,999.0,999.0,99.0,99.00,
2020,08,04,10,00,329,1.8,2.5,99.00,99.00,99.00,999,1013.9,22.5,999.0,999.0,99.0,99.00,
2020,08,04,11,00,322,1.7,2.5,99.00,99.00,99.00,999,1014.7,22.6,999.0,999.0,99.0,99.00,
2020,08,04,12,00,339,1.1,1.8,99.00,99.00,99.00,999,1015.3,23.6,999.0,999.0,99.0,99.00,
2020,08,04,13,00,293,1.5,2.3,99.00,99.00,99.00,999,1016.0,25.5,999.0,999.0,99.0,99.00,
2020,08,04,14,00,282,2.9,4.0,99.00,99.00,99.00,999,1016.1,26.2,999.0,999.0,99.0,99.00,
2020,08,04,15,00,284,1.6,3.3,99.00,99.00,99.00,999,1016.5,27.8,999.0,999.0,99.0,99.00,
2020,08,04,16,00,189,3.6,3.8,99.00,99.00,99.00,999,1016.6,27.2,999.0,999.0,99.0,99.00,
2020,08,04,17,00,187,3.1,3.8,99.00,99.00,99.00,999,1016.6,27.0,999.0,999.0,99.0,99.00,
2020,08,04,18,00,175,3.4,4.1,99.00,99.00,99.00,999,1016.3,27.8,999.0,999.0,99.0,99.00,
2020,08,04,19,00,167,4.1,4.6,99.00,99.00,99.00,999,1015.8,27.8,999.0,999.0,99.0,99.00,
2020,08,04,20,00,156,5.0,5.7,99.00,99.00,99.00,999,1015.5,27.8,999.0,999.0,99.0,99.00,
2020,08,04,21,00,176,3.7,4.1,99.00,99.00,99.00,999,1015.0,28.3,999.0,999.0,99.0,99.00,
2020,08,04,22,00,150,4.7,5.4,99.00,99.00,99.00,999,1014.8,28.1,999.0,999.0,99.0,99.00,
2020,08,04,23,00,144,6.1,7.0,99.00,99.00,99.00,999,1015.1,28.0,999.0,999.0,99.0,99.00,
2020,08,05,00,00,155,5.3,6.0,99.00,99.00,99.00,999,1015.6,28.2,999.0,999.0,99.0,99.00,
2020,08,05,01,00,177,6.7,7.3,99.00,99.00,99.00,999,1015.5,28.3,999.0,999.0,99.0,99.00,
2020,08,05,02,00,197,5.1,5.8,99.00,99.00,99.00,999,1016.5,28.3,999.0,999.0,99.0,99.00,
2020,08,05,03,00,172,5.7,6.2,99.00,99.00,99.00,999,1016.7,28.2,999.0,999.0,99.0,99.00,
2020,08,05,04,00,197,4.9,5.6,99.00,99.00,99.00,999,1017.0,28.2,999.0,999.0,99.0,99.00,
2020,08,05,05,00,184,5.0,5.5,99.00,99.00,99.00,999,1016.6,28.1,999.0,999.0,99.0,99.00,
2020,08,05,06,00,173,5.6,6.1,99.00,99.00,99.00,999,1016.1,28.2,999.0,999.0,99.0,99.00,
2020,08,05,07,00,184,5.4,6.1,99.00,99.00,99.00,999,1015.8,28.2,999.0,999.0,99.0,99.00,
2020,08,05,08,00,197,1.5,1.8,99.00,99.00,99.00,999,1015.6,26.4,999.0,999.0,99.0,99.00,
2020,08,05,09,00,185,4.3,4.9,99.00,99.00,99.00,999,1015.7,27.9,999.0,999.0,99.0,99.00,
2020,08,05,10,00,164,4.5,5.1,99.00,99.00,99.00,999,1015.8,28.0,999.0,999.0,99.0,99.00,
2020,08,05,11,00,173,5.1,5.5,99.00,99.00,99.00,999,1016.1,27.9,999.0,999.0,99.0,99.00,
2020,08,05,12,00,163,4.4,4.7,99.00,99.00,99.00,999,1016.9,27.9,999.0,999.0,99.0,99.00,
2020,08,05,13,00,146,4.3,4.7,99.00,99.00,99.00,999,1017.5,28.1,999.0,999.0,99.0,99.00,
2020,08,05,14,00,150,3.7,4.0,99.00,99.00,99.00,999,1017.6,28.3,999.0,999.0,99.0,99.00,
2020,08,05,15,00,150,3.3,3.8,99.00,99.00,99.00,999,1017.8,28.4,999.0,999.0,99.0,99.00,
2020,08,05,16,00,112,4.2,4.9,99.00,99.00,99.00,999,1018.1,28.5,999.0,999.0,99.0,99.00,
2020,08,05,17,00,99,5.6,6.0,99.00,99.00,99.00,999,1018.2,28.7,999.0,999.0,99.0,99.00,
2020,08,05,18,00,17,6.9,7.8,99.00,99.00,99.00,999,1018.2,27.0,999.0,999.0,99.0,99.00,
2020,08,05,19,00,349,1.4,3.0,99.00,99.00,99.00,999,1017.6,28.2,999.0,999.0,99.0,99.00,
2020,08,05,20,00,94,9.1,10.1,99.00,99.00,99.00,999,1017.6,26.2,999.0,999.0,99.0,99.00,
2020,08,05,21,00,114,5.7,6.1,99.00,99.00,99.00,999,1017.0,26.5,999.0,999.0,99.0,99.00,
2020,08,05,22,00,125,5.9,6.9,99.00,99.00,99.00,999,1016.6,26.8,999.0,999.0,99.0,99.00,
2020,08,05,23,00,160,4.4,5.0,99.00,99.00,99.00,999,1016.1,28.2,999.0,999.0,99.0,99.00,
2020,08,06,00,00,127,2.1,2.6,99.00,99.00,99.00,999,1016.5,28.0,999.0,999.0,99.0,99.00,
2020,08,06,01,00,147,2.8,3.1,99.00,99.00,99.00,999,1017.4,28.0,999.0,999.0,99.0,99.00,
2020,08,06,02,00,161,3.8,4.4,99.00,99.00,99.00,999,1017.5,28.2,999.0,999.0,99.0,99.00,
2020,08,06,03,00,168,4.4,5.0,99.00,99.00,99.00,999,1017.2,28.3,999.0,999.0,99.0,99.00,
2020,08,06,04,00,175,6.4,6.8,99.00,99.00,99.00,999,1017.5,28.4,999.0,999.0,99.0,99.00,
2020,08,06,05,00,186,5.3,5.9,99.00,99.00,99.00,999,1017.0,28.2,999.0,999.0,99.0,99.00,
2020,08,06,06,00,179,7.2,7.7,99.00,99.00,99.00,999,1016.9,28.2,999.0,999.0,99.0,99.00,
2020,08,06,07,00,185,6.7,7.4,99.00,99.00,99.00,999,1016.7,28.2,999.0,999.0,99.0,99.00,
2020,08,06,08,00,174,6.2,7.5,99.00,99.00,99.00,999,1016.6,28.3,999.0,999.0,99.0,99.00,
2020,08,06,09,00,201,5.8,8.1,99.00,99.00,99.00,999,1016.8,28.1,999.0,999.0,99.0,99.00,
2020,08,06,10,00,211,5.8,6.7,99.00,99.00,99.00,999,1016.9,28.2,999.0,999.0,99.0,99.00,
2020,08,06,11,00,192,5.7,6.2,99.00,99.00,99.00,999,1017.2,28.2,999.0,999.0,99.0,99.00,
2020,08,06,12,00,191,5.5,6.3,99.00,99.00,99.00,999,1017.7,28.4,999.0,999.0,99.0,99.00,
2020,08,06,13,00,205,4.9,5.7,99.00,99.00,99.00,999,1017.7,28.8,999.0,999.0,99.0,99.00,
2020,08,06,14,00,188,5.0,5.6,99.00,99.00,99.00,999,1018.3,28.9,999.0,999.0,99.0,99.00,
2020,08,06,15,00,203,4.5,5.7,99.00,99.00,99.00,999,1018.2,28.9,999.0,999.0,99.0,99.00,
2020,08,06,16,00,165,8.9,9.7,99.00,99.00,99.00,999,1018.3,27.9,999.0,999.0,99.0,99.00,
2020,08,06,17,00,161,4.8,5.1,99.00,99.00,99.00,999,1018.5,28.1,999.0,999.0,99.0,99.00,
2020,08,06,18,00,160,6.6,7.2,99.00,99.00,99.00,999,1017.7,28.1,999.0,999.0,99.0,99.00,
2020,08,06,19,00,146,6.6,7.2,99.00,99.00,99.00,999,1017.8,28.1,999.0,999.0,99.0,99.00,
2020,08,06,20,00,139,5.5,5.9,99.00,99.00,99.00,999,1017.4,28.1,999.0,999.0,99.0,99.00,
2020,08,06,21,00,153,4.1,4.6,99.00,99.00,99.00,999,1017.3,28.1,999.0,999.0,99.0,99.00,
2020,08,06,22,00,154,6.1,7.0,99.00,99.00,99.00,999,1016.7,28.2,999.0,999.0,99.0,99.00,
2020,08,06,23,00,178,7.5,8.4,99.00,99.00,99.00,999,1017.1,28.2,999.0,999.0,99.0,99.00,
2020,08,07,00,00,180,7.6,9.0,99.00,99.00,99.00,999,1017.2,28.2,999.0,999.0,99.0,99.00,
2020,08,07,01,00,188,7.9,8.6,99.00,99.00,99.00,999,1017.5,28.4,999.0,999.0,99.0,99.00,
2020,08,07,02,00,183,6.0,6.5,99.00,99.00,99.00,999,1017.8,28.5,999.0,999.0,99.0,99.00,
2020,08,07,03,00,173,7.5,8.2,99.00,99.00,99.00,999,1017.5,28.4,999.0,999.0,99.0,99.00,
2020,08,07,04,00,198,6.9,8.1,99.00,99.00,99.00,999,1017.7,28.4,999.0,999.0,99.0,99.00,
2020,08,07,05,00,194,7.5,8.4,99.00,99.00,99.00,999,1017.9,28.3,999.0,999.0,99.0,99.00,
2020,08,07,06,00,199,6.7,7.9,99.00,99.00,99.00,999,1018.1,28.5,999.0,999.0,99.0,99.00,
2020,08,07,07,00,222,3.7,4.8,99.00,99.00,99.00,999,1017.8,28.1,999.0,999.0,99.0,99.00,
2020,08,07,08,00,213,4.9,5.4,99.00,99.00,99.00,999,1017.5,28.5,999.0,999.0,99.0,99.00,
2020,08,07,09,00,215,5.1,6.2,99.00,99.00,99.00,999,1017.7,28.4,999.0,999.0,99.0,99.00,
2020,08,07,10,00,137,6.0,8.0,99.00,99.00,99.00,999,1018.5,25.9,999.0,999.0,99.0,99.00,
2020,08,07,11,00,255,0.8,1.1,99.00,99.00,99.00,999,1018.7,26.3,999.0,999.0,99.0,99.00,
2020,08,07,12,00,272,0.4,0.7,99.00,99.00,99.00,999,1019.3,25.5,999.0,999.0,99.0,99.00,
2020,08,07,13,00,2,2.2,2.7,99.00,99.00,99.00,999,1019.9,27.0,999.0,999.0,99.0,99.00,
2020,08,07,14,00,48,3.2,3.9,99.00,99.00,99.00,999,1020.1,27.5,999.0,999.0,99.0,99.00,
2020,08,07,15,00,82,4.0,4.7,99.00,99.00,99.00,999,1020.3,27.8,999.0,999.0,99.0,99.00,
2020,08,07,16,00,102,3.0,3.7,99.00,99.00,99.00,999,1020.2,27.9,999.0,999.0,99.0,99.00,
2020,08,07,17,00,105,4.2,4.6,99.00,99.00,99.00,999,1020.1,27.6,999.0,999.0,99.0,99.00,
2020,08,07,18,00,136,4.1,5.1,99.00,99.00,99.00,999,1019.8,28.2,999.0,999.0,99.0,99.00,
2020,08,07,19,00,138,3.6,4.2,99.00,99.00,99.00,999,1019.2,28.4,999.0,999.0,99.0,99.00,
2020,08,07,20,00,162,4.8,5.4,99.00,99.00,99.00,999,1018.5,28.7,999.0,999.0,99.0,99.00,
2020,08,07,21,00,167,6.5,7.4,99.00,99.00,99.00,999,1018.1,28.4,999.0,999.0,99.0,99.00,
2020,08,07,22,00,190,6.3,7.5,99.00,99.00,99.00,999,1019.2,28.8,999.0,999.0,99.0,99.00,
2020,08,07,23,00,194,7.6,8.6,99.00,99.00,99.00,999,1019.1,28.8,999.0,999.0,99.0,99.00,
2020,08,08,00,00,193,8.3,9.6,99.00,99.00,99.00,999,1018.6,28.7,999.0,999.0,99.0,99.00,
2020,08,08,01,00,251,3.2,4.7,99.00,99.00,99.00,999,1019.7,28.0,999.0,999.0,99.0,99.00,
2020,08,08,02,00,255,1.9,2.2,99.00,99.00,99.00,999,1020.2,27.5,999.0,999.0,99.0,99.00,
2020,08,08,03,00,295,1.5,2.4,99.00,99.00,99.00,999,1020.4,27.4,999.0,999.0,99.0,99.00,
2020,08,08,04,00,314,1.1,1.3,99.00,99.00,99.00,999,1020.5,27.5,999.0,999.0,99.0,99.00,
2020,08,08,05,00,300,1.0,1.4,99.00,99.00,99.00,999,1020.5,27.3,999.0,999.0,99.0,99.00,
2020,08,08,06,00,54,5.0,5.8,99.00,99.00,99.00,999,1020.3,26.7,999.0,999.0,99.0,99.00,
2020,08,08,07,00,88,2.4,2.8,99.00,99.00,99.00,999,1020.0,26.9,999.0,999.0,99.0,99.00,
2020,08,08,08,00,149,0.7,1.0,99.00,99.00,99.00,999,1019.7,27.1,999.0,999.0,99.0,99.00,
2020,08,08,09,00,245,0.4,0.5,99.00,99.00,99.00,999,1019.9,26.9,999.0,999.0,99.0,99.00,
2020,08,08,10,00,290,1.0,1.1,99.00,99.00,99.00,999,1020.2,26.4,999.0,999.0,99.0,99.00,
2020,08,08,11,00,281,1.6,1.8,99.00,99.00,99.00,999,1020.7,25.9,999.0,999.0,99.0,99.00,
2020,08,08,12,00,257,0.9,1.1,99.00,99.00,99.00,999,1021.4,26.0,999.0,999.0,99.0,99.00,
2020,08,08,13,00,241,0.8,1.2,99.00,99.00,99.00,999,1021.7,28.0,999.0,999.0,99.0,99.00,
2020,08,08,14,00,160,1.2,1.5,99.00,99.00,99.00,999,1021.7,28.3,999.0,999.0,99.0,99.00,
2020,08,08,15,00,179,1.3,1.6,99.00,99.00,99.00,999,1021.7,28.8,999.0,999.0,99.0,99.00,
2020,08,08,16,00,200,2.5,3.2,99.00,99.00,99.00,999,1021.7,29.1,999.0,999.0,99.0,99.00,
2020,08,08,17,00,209,5.1,6.2,99.00,99.00,99.00,999,1021.4,29.3,999.0,999.0,99.0,99.00,
2020,08,08,18,00,203,4.4,5.3,99.00,99.00,99.00,999,1021.1,29.6,999.0,999.0,99.0,99.00,
2020,08,08,19,00,200,4.8,5.5,99.00,99.00,99.00,999,1020.6,29.6,999.0,999.0,99.0,99.00,
2020,08,08,20,00,192,5.8,6.5,99.00,99.00,99.00,999,1020.1,29.3,999.0,999.0,99.0,99.00,
2020,08,08,21,00,185,5.9,6.4,99.00,99.00,99.00,999,1019.7,29.3,999.0,999.0,99.0,99.00,
2020,08,08,22,00,184,6.4,6.8,99.00,99.00,99.00,999,1019.8,29.1,999.0,999.0,99.0,99.00,
2020,08,08,23,00,202,5.8,6.9,99.00,99.00,99.00,999,1020.0,28.6,999.0,999.0,99.0,99.00,
2020,08,09,00,00,197,5.7,6.9,99.00,99.00,99.00,999,1020.4,28.6,999.0,999.0,99.0,99.00,
2020,08,09,01,00,192,5.5,6.0,99.00,99.00,99.00,999,1020.3,28.6,999.0,999.0,99.0,99.00,
2020,08,09,02,00,182,5.6,6.2,99.00,99.00,99.00,999,1020.9,28.6,999.0,999.0,99.0,99.00,
2020,08,09,03,00,190,6.6,7.4,99.00,99.00,99.00,999,1021.3,28.5,999.0,999.0,99.0,99.00,
2020,08,09,04,00,199,6.4,7.5,99.00,99.00,99.00,999,1021.7,28.4,999.0,999.0,99.0,99.00,
2020,08,09,05,00,212,6.2,7.7,99.00,99.00,99.00,999,1021.7,28.4,999.0,999.0,99.0,99.00,
2020,08,09,06,00,263,1.8,2.2,99.00,99.00,99.00,999,1021.1,26.3,999.0,999.0,99.0,99.00,
2020,08,09,07,00,245,1.2,1.3,99.00,99.00,99.00,999,1020.8,25.4,999.0,999.0,99.0,99.00,
2020,08,09,08,00,274,1.5,1.9,99.00,99.00,99.00,999,1020.6,25.7,999.0,999.0,99.0,99.00,
2020,08,09,09,00,268,2.0,2.4,99.00,99.00,99.00,999,1020.6,25.5,999.0,999.0,99.0,99.00,
2020,08,09,10,00,266,1.2,1.6,99.00,99.00,99.00,999,1020.7,25.6,999.0,999.0,99.0,99.00,
2020,08,09,11,00,299,0.7,0.9,99.00,99.00,99.00,999,1020.9,25.5,999.0,999.0,99.0,99.00,
2020,08,09,12,00,294,1.0,1.4,99.00,99.00,99.00,999,1021.5,26.8,999.0,999.0,99.0,99.00,
2020,08,09,13,00,261,1.5,2.3,99.00,99.00,99.00,999,1021.6,28.2,999.0,999.0,99.0,99.00,
2020,08,09,14,00,221,1.4,2.0,99.00,99.00,99.00,999,1021.7,29.4,999.0,999.0,99.0,99.00,
2020,08,09,15,00,121,0.6,0.9,99.00,99.00,99.00,999,1022.1,30.1,999.0,999.0,99.0,99.00,
2020,08,09,16,00,141,2.0,2.4,99.00,99.00,99.00,999,1022.0,29.5,999.0,999.0,99.0,99.00,
2020,08,09,17,00,152,2.2,2.6,99.00,99.00,99.00,999,1021.6,29.5,999.0,999.0,99.0,99.00,
2020,08,09,18,00,167,3.2,3.7,99.00,99.00,99.00,999,1021.3,29.8,999.0,999.0,99.0,99.00,
2020,08,09,19,00,165,4.3,5.0,99.00,99.00,99.00,999,1020.6,29.6,999.0,999.0,99.0,99.00,
2020,08,09,20,00,164,5.7,6.5,99.00,99.00,99.00,999,1019.8,29.4,999.0,999.0,99.0,99.00,
2020,08,09,21,00,181,5.9,7.0,99.00,99.00,99.00,999,1019.9,29.7,999.0,999.0,99.0,99.00,
2020,08,09,22,00,189,5.6,6.3,99.00,99.00,99.00,999,1019.6,29.4,999.0,999.0,99.0,99.00,
2020,08,09,23,00,184,5.5,6.3,99.00,99.00,99.00,999,1019.1,29.2,999.0,999.0,99.0,99.00,
2020,08,10,00,00,216,5.5,6.2,99.00,99.00,99.00,999,1019.9,29.2,999.0,999.0,99.0,99.00,
2020,08,10,01,00,211,6.7,7.7,99.00,99.00,99.00,999,1019.6,29.3,999.0,999.0,99.0,99.00,
2020,08,10,02,00,207,4.5,5.4,99.00,99.00,99.00,999,1020.0,29.2,999.0,999.0,99.0,99.00,
2020,08,10,03,00,208,7.0,7.8,99.00,99.00,99.00,999,1020.2,29.1,999.0,999.0,99.0,99.00,
2020,08,10,04,00,240,2.7,3.6,99.00,99.00,99.00,999,1020.5,28.2,999.0,999.0,99.0,99.00,
2020,08,10,05,00,290,1.9,2.6,99.00,99.00,99.00,999,1020.3,27.0,999.0,999.0,99.0,99.00,
2020,08,10,06,00,288,1.8,2.3,99.00,99.00,99.00,999,1019.7,26.8,999.0,999.0,99.0,99.00,
2020,08,10,07,00,305,1.9,2.4,99.00,99.00,99.00,999,1019.3,26.4,999.0,999.0,99.0,99.00,
2020,08,10,08,00,323,1.7,2.1,99.00,99.00,99.00,999,1019.3,26.1,999.0,999.0,99.0,99.00,
2020,08,10,09,00,316,1.8,2.7,99.00,99.00,99.00,999,1019.5,25.1,999.0,999.0,99.0,99.00,
2020,08,10,10,00,298,1.9,2.4,99.00,99.00,99.00,999,1019.5,25.0,999.0,999.0,99.0,99.00,
2020,08,10,11,00,232,0.3,1.1,99.00,99.00,99.00,999,1019.7,24.7,999.0,999.0,99.0,99.00,
2020,08,10,12,00,289,1.6,2.0,99.00,99.00,99.00,999,1019.8,25.8,999.0,999.0,99.0,99.00,
2020,08,10,13,00,229,0.6,1.0,99.00,99.00,99.00,999,1020.0,27.4,999.0,999.0,99.0,99.00,
2020,08,10,14,00,192,1.9,2.4,99.00,99.00,99.00,999,1019.8,27.3,999.0,999.0,99.0,99.00,
2020,08,10,15,00,209,3.1,3.9,99.00,99.00,99.00,999,1020.0,28.5,999.0,999.0,99.0,99.00,
2020,08,10,16,00,223,4.8,5.6,99.00,99.00,99.00,999,1020.0,29.0,999.0,999.0,99.0,99.00,
2020,08,10,17,00,193,3.6,4.4,99.00,99.00,99.00,999,1019.8,29.5,999.0,999.0,99.0,99.00,
2020,08,10,18,00,195,4.3,4.9,99.00,99.00,99.00,999,1019.2,29.1,999.0,999.0,99.0,99.00,
2020,08,10,19,00,203,4.1,5.1,99.00,99.00,99.00,999,1018.2,29.6,999.0,999.0,99.0,99.00,
2020,08,10,20,00,198,5.3,6.1,99.00,99.00,99.00,999,1016.8,29.6,999.0,999.0,99.0,99.00,
2020,08,10,21,00,203,5.4,6.2,99.00,99.00,99.00,999,1016.5,29.3,999.0,999.0,99.0,99.00,
2020,08,10,22,00,199,5.3,6.6,99.00,99.00,99.00,999,1016.4,29.3,999.0,999.0,99.0,99.00,
2020,08,10,23,00,194,5.5,6.8,99.00,99.00,99.00,999,1016.2,29.2,999.0,999.0,99.0,99.00,
2020,08,11,00,00,194,7.1,8.0,99.00,99.00,99.00,999,1016.5,28.6,999.0,999.0,99.0,99.00,
2020,08,11,01,00,195,6.7,7.7,99.00,99.00,99.00,999,1016.5,28.7,999.0,999.0,99.0,99.00,
2020,08,11,02,00,205,6.2,7.8,99.00,99.00,99.00,999,1016.8,28.8,999.0,999.0,99.0,99.00,
2020,08,11,03,00,334,6.6,8.7,99.00,99.00,99.00,999,1017.1,23.8,999.0,999.0,99.0,99.00,
2020,08,11,04,00,27,2.5,3.0,99.00,99.00,99.00,999,1017.2,24.1,999.0,999.0,99.0,99.00,
2020,08,11,05,00,54,1.1,1.8,99.00,99.00,99.00,999,1016.6,25.6,999.0,999.0,99.0,99.00,
2020,08,11,06,00,183,3.7,4.4,99.00,99.00,99.00,999,1016.7,26.4,999.0,999.0,99.0,99.00,
2020,08,11,07,00,246,2.6,3.4,99.00,99.00,99.00,999,1016.0,26.1,999.0,999.0,99.0,99.00,
2020,08,11,08,00,314,2.0,2.6,99.00,99.00,99.00,999,1015.9,24.8,999.0,999.0,99.0,99.00,
2020,08,11,09,00,310,1.5,1.8,99.00,99.00,99.00,999,1015.7,25.0,999.0,999.0,99.0,99.00,
2020,08,11,10,00,303,2.2,2.8,99.00,99.00,99.00,999,1015.8,24.4,999.0,999.0,99.0,99.00,
2020,08,11,11,00,299,0.9,1.4,99.00,99.00,99.00,999,1016.2,24.2,999.0,999.0,99.0,99.00,
2020,08,11,12,00,278,2.4,3.8,99.00,99.00,99.00,999,1016.4,24.2,999.0,999.0,99.0,99.00,
2020,08,11,13,00,260,1.6,2.4,99.00,99.00,99.00,999,1017.3,24.5,999.0,999.0,99.0,99.00,
2020,08,11,14,00,284,1.6,2.5,99.00,99.00,99.00,999,1017.3,25.4,999.0,999.0,99.0,99.00,
2020,08,11,15,00,193,0.7,1.2,99.00,99.00,99.00,999,1017.4,27.4,999.0,999.0,99.0,99.00,
2020,08,11,16,00,225,1.6,2.3,99.00,99.00,99.00,999,1017.0,28.6,999.0,999.0,99.0,99.00,
2020,08,11,17,00,183,4.0,4.6,99.00,99.00,99.00,999,1016.9,28.4,999.0,999.0,99.0,99.00,
2020,08,11,18,00,190,4.4,5.1,99.00,99.00,99.00,999,1016.3,28.9,999.0,999.0,99.0,99.00,
2020,08,11,19,00,177,5.8,6.4,99.00,99.00,99.00,999,1015.6,28.9,999.0,999.0,99.0,99.00,
2020,08,11,20,00,192,6.2,7.4,99.00,99.00,99.00,999,1015.3,29.1,999.0,999.0,99.0,99.00,
2020,08,11,21,00,192,5.9,7.2,99.00,99.00,99.00,999,1014.8,29.1,999.0,999.0,99.0,99.00,
2020,08,11,22,00,192,5.9,6.5,99.00,99.00,99.00,999,1014.7,28.6,999.0,999.0,99.0,99.00,
2020,08,11,23,00,194,6.8,8.1,99.00,99.00,99.00,999,1014.4,28.6,999.0,999.0,99.0,99.00,
2020,08,12,00,00,201,6.2,7.9,99.00,99.00,99.00,999,1014.9,28.6,999.0,999.0,99.0,99.00,
2020,08,12,01,00,202,7.1,8.3,99.00,99.00,99.00,999,1015.4,28.5,999.0,999.0,99.0,99.00,
2020,08,12,02,00,215,7.3,8.4,99.00,99.00,99.00,999,1016.0,28.4,999.0,999.0,99.0,99.00,
2020,08,12,03,00,213,7.4,8.4,99.00,99.00,99.00,999,1016.1,28.5,999.0,999.0,99.0,99.00,
2020,08,12,04,00,233,3.2,4.2,99.00,99.00,99.00,999,1015.9,28.2,999.0,999.0,99.0,99.00,
2020,08,12,05,00,302,2.0,2.7,99.00,99.00,99.00,999,1015.5,28.0,999.0,999.0,99.0,99.00,
2020,08,12,06,00,236,3.7,4.6,99.00,99.00,99.00,999,1015.5,26.3,999.0,999.0,99.0,99.00,
2020,08,12,07,00,257,2.5,3.4,99.00,99.00,99.00,999,1014.8,27.1,999.0,999.0,99.0,99.00,
2020,08,12,08,00,265,2.4,3.0,99.00,99.00,99.00,999,1014.7,26.6,999.0,999.0,99.0,99.00,
2020,08,12,09,00,255,1.4,2.4,99.00,99.00,99.00,999,1015.0,26.2,999.0,999.0,99.0,99.00,
2020,08,12,10,00,281,1.5,2.2,99.00,99.00,99.00,999,1015.3,25.8,999.0,999.0,99.0,99.00,
2020,08,12,11,00,293,1.9,2.7,99.00,99.00,99.00,999,1015.6,25.3,999.0,999.0,99.0,99.00,
2020,08,12,12,00,227,1.5,2.1,99.00,99.00,99.00,999,1016.5,25.6,999.0,999.0,99.0,99.00,
2020,08,12,13,00,332,1.6,2.4,99.00,99.00,99.00,999,1016.8,26.8,999.0,999.0,99.0,99.00,
2020,08,12,14,00,75,1.8,2.1,99.00,99.00,99.00,999,1016.7,27.8,999.0,999.0,99.0,99.00,
2020,08,12,15,00,103,1.9,2.4,99.00,99.00,99.00,999,1017.1,27.7,999.0,999.0,99.0,99.00,
2020,08,12,16,00,152,3.8,4.4,99.00,99.00,99.00,999,1017.1,28.1,999.0,999.0,99.0,99.00,
2020,08,12,17,00,197,3.6,4.1,99.00,99.00,99.00,999,1016.7,28.8,999.0,999.0,99.0,99.00,
2020,08,12,18,00,192,3.7,5.0,99.00,99.00,99.00,999,1016.6,29.2,999.0,999.0,99.0,99.00,
2020,08,12,19,00,188,6.3,7.2,99.00,99.00,99.00,999,1015.7,28.8,999.0,999.0,99.0,99.00,
2020,08,12,20,00,191,7.0,8.2,99.00,99.00,99.00,999,1015.0,29.1,999.0,999.0,99.0,99.00,
2020,08,12,21,00,200,6.4,8.0,99.00,99.00,99.00,999,1014.7,29.3,999.0,999.0,99.0,99.00,
2020,08,12,22,00,198,6.6,8.1,99.00,99.00,99.00,999,1015.0,28.7,999.0,999.0,99.0,99.00,
2020,08,12,23,00,194,7.1,8.7,99.00,99.00,99.00,999,1015.5,28.4,999.0,999.0,99.0,99.00,
2020,08,13,00,00,204,5.9,6.6,99.00,99.00,99.00,999,1015.8,28.3,999.0,999.0,99.0,99.00,
2020,08,13,01,00,209,4.9,6.0,99.00,99.00,99.00,999,1016.1,28.4,999.0,999.0,99.0,99.00,
2020,08,13,02,00,215,6.0,7.1,99.00,99.00,99.00,999,1016.6,28.7,999.0,999.0,99.0,99.00,
2020,08,13,03,00,199,5.1,6.1,99.00,99.00,99.00,999,1016.1,28.8,999.0,999.0,99.0,99.00,
2020,08,13,04,00,224,5.1,6.0,99.00,99.00,99.00,999,1016.5,28.1,999.0,999.0,99.0,99.00,
2020,08,13,05,00,246,3.0,3.9,99.00,99.00,99.00,999,1016.2,27.1,999.0,999.0,99.0,99.00,
2020,08,13,06,00,276,1.1,1.9,99.00,99.00,99.00,999,1015.8,26.4,999.0,999.0,99.0,99.00,
2020,08,13,07,00,245,1.6,2.1,99.00,99.00,99.00,999,1015.9,27.0,999.0,999.0,99.0,99.00,
2020,08,13,08,00,235,3.4,4.3,99.00,99.00,99.00,999,1015.5,28.0,999.0,999.0,99.0,99.00,
2020,08,13,09,00,234,3.8,4.6,99.00,99.00,99.00,999,1015.3,27.8,999.0,999.0,99.0,99.00,
2020,08,13,10,00,254,4.0,5.8,99.00,99.00,99.00,999,1015.7,27.5,999.0,999.0,99.0,99.00,
2020,08,13,11,00,283,1.2,2.0,99.00,99.00,99.00,999,1016.2,26.5,999.0,999.0,99.0,99.00,
2020,08,13,12,00,327,3.1,4.1,99.00,99.00,99.00,999,1016.4,26.2,999.0,999.0,99.0,99.00,
2020,08,13,13,00,317,0.6,1.3,99.00,99.00,99.00,999,1017.1,25.8,999.0,999.0,99.0,99.00,
2020,08,13,14,00,233,0.4,0.6,99.00,99.00,99.00,999,1017.6,25.8,999.0,999.0,99.0,99.00,
2020,08,13,15,00,189,2.0,2.4,99.00,99.00,99.00,999,1017.7,26.8,999.0,999.0,99.0,99.00,
2020,08,13,16,00,202,3.0,3.8,99.00,99.00,99.00,999,1017.6,27.9,999.0,999.0,99.0,99.00,
2020,08,13,17,00,198,2.6,3.3,99.00,99.00,99.00,999,1017.2,28.3,999.0,999.0,99.0,99.00,
2020,08,13,18,00,189,5.0,5.5,99.00,99.00,99.00,999,1016.6,28.3,999.0,999.0,99.0,99.00,
2020,08,13,19,00,198,5.5,6.9,99.00,99.00,99.00,999,1015.5,28.6,999.0,999.0,99.0,99.00,
2020,08,13,20,00,196,6.5,7.3,99.00,99.00,99.00,999,1014.7,28.9,999.0,999.0,99.0,99.00,
2020,08,13,21,00,192,6.0,7.3,99.00,99.00,99.00,999,1014.7,28.9,999.0,999.0,99.0,99.00,
2020,08,13,22,00,190,7.3,8.1,99.00,99.00,99.00,999,1014.5,28.9,999.0,999.0,99.0,99.00,
2020,08,13,23,00,202,8.1,9.6,99.00,99.00,99.00,999,1014.6,28.9,999.0,999.0,99.0,99.00,
2020,08,14,00,00,304,7.1,9.4,99.00,99.00,99.00,999,1016.2,25.0,999.0,999.0,99.0,99.00,
2020,08,14,01,00,313,2.4,3.3,99.00,99.00,99.00,999,1016.2,23.9,999.0,999.0,99.0,99.00,
2020,08,14,02,00,328,1.6,2.4,99.00,99.00,99.00,999,1016.9,23.6,999.0,999.0,99.0,99.00,
2020,08,14,03,00,290,0.6,0.7,99.00,99.00,99.00,999,1016.2,24.0,999.0,999.0,99.0,99.00,
2020,08,14,04,00,202,2.1,2.7,99.00,99.00,99.00,999,1015.9,24.0,999.0,999.0,99.0,99.00,
2020,08,14,05,00,183,5.5,6.3,99.00,99.00,99.00,999,1015.7,25.7,999.0,999.0,99.0,99.00,
2020,08,14,06,00,172,5.6,6.2,99.00,99.00,99.00,999,1015.2,27.0,999.0,999.0,99.0,99.00,
2020,08,14,07,00,176,4.3,4.8,99.00,99.00,99.00,999,1015.4,27.3,999.0,999.0,99.0,99.00,
2020,08,14,08,00,186,4.9,5.8,99.00,99.00,99.00,999,1014.9,27.6,999.0,999.0,99.0,99.00,
2020,08,14,09,00,134,2.7,3.8,99.00,99.00,99.00,999,1014.4,27.5,999.0,999.0,99.0,99.00,
2020,08,14,10,00,250,3.0,4.5,99.00,99.00,99.00,999,1014.5,26.1,999.0,999.0,99.0,99.00,
2020,08,14,11,00,301,2.6,4.3,99.00,99.00,99.00,999,1015.2,25.7,999.0,999.0,99.0,99.00,
2020,08,14,12,00,287,2.0,3.3,99.00,99.00,99.00,999,1015.9,25.1,999.0,999.0,99.0,99.00,
2020,08,14,13,00,292,2.0,3.2,99.00,99.00,99.00,999,1016.1,25.4,999.0,999.0,99.0,99.00,
2020,08,14,14,00,303,3.1,4.4,99.00,99.00,99.00,999,1016.5,25.9,999.0,999.0,99.0,99.00,
2020,08,14,15,00,245,2.4,3.8,99.00,99.00,99.00,999,1016.8,27.3,999.0,999.0,99.0,99.00,
2020,08,14,16,00,195,2.1,2.5,99.00,99.00,99.00,999,1016.7,27.7,999.0,999.0,99.0,99.00,
2020,08,14,17,00,193,3.5,4.1,99.00,99.00,99.00,999,1016.5,28.0,999.0,999.0,99.0,99.00,
2020,08,14,18,00,187,4.7,5.6,99.00,99.00,99.00,999,1015.8,28.5,999.0,999.0,99.0,99.00,
2020,08,14,19,00,190,6.4,7.1,99.00,99.00,99.00,999,1015.0,29.1,999.0,999.0,99.0,99.00,
2020,08,14,20,00,190,6.7,7.9,99.00,99.00,99.00,999,1014.2,29.4,999.0,999.0,99.0,99.00,
2020,08,14,21,00,188,7.4,8.4,99.00,99.00,99.00,999,1013.8,29.3,999.0,999.0,99.0,99.00,
2020,08,14,22,00,179,8.1,9.3,99.00,99.00,99.00,999,1013.4,28.8,999.0,999.0,99.0,99.00,
2020,08,14,23,00,189,9.0,10.2,99.00,99.00,99.00,999,1013.4,28.8,999.0,999.0,99.0,99.00,
2020,08,15,00,00,200,7.3,8.8,99.00,99.00,99.00,999,1014.3,28.8,999.0,999.0,99.0,99.00,
2020,08,15,01,00,203,8.3,9.5,99.00,99.00,99.00,999,1014.5,28.9,999.0,999.0,99.0,99.00,
2020,08,15,02,00,232,2.8,3.5,99.00,99.00,99.00,999,1014.8,27.8,999.0,999.0,99.0,99.00,
2020,08,15,03,00,209,6.8,7.7,99.00,99.00,99.00,999,1014.8,28.6,999.0,999.0,99.0,99.00,
2020,08,15,04,00,235,3.1,4.0,99.00,99.00,99.00,999,1015.0,27.8,999.0,999.0,99.0,99.00,
2020,08,15,05,00,226,5.9,7.3,99.00,99.00,99.00,999,1014.5,28.1,999.0,999.0,99.0,99.00,
2020,08,15,06,00,229,5.8,6.7,99.00,99.00,99.00,999,1013.7,28.3,999.0,999.0,99.0,99.00,
2020,08,15,07,00,221,7.9,10.7,99.00,99.00,99.00,999,1013.2,27.3,999.0,999.0,99.0,99.00,
2020,08,15,08,00,239,2.9,4.4,99.00,99.00,99.00,999,1012.8,26.6,999.0,999.0,99.0,99.00,
2020,08,15,09,00,236,5.6,6.9,99.00,99.00,99.00,999,1013.0,24.7,999.0,999.0,99.0,99.00,
2020,08,15,10,00,228,4.9,7.7,99.00,99.00,99.00,999,1013.7,25.1,999.0,999.0,99.0,99.00,
2020,08,15,11,00,214,5.7,6.3,99.00,99.00,99.00,999,1013.6,26.2,999.0,999.0,99.0,99.00,
2020,08,15,12,00,242,2.5,3.4,99.00,99.00,99.00,999,1014.1,26.1,999.0,999.0,99.0,99.00,
2020,08,15,13,00,244,3.7,4.9,99.00,99.00,99.00,999,1014.0,26.9,999.0,999.0,99.0,99.00,
2020,08,15,14,00,229,3.8,6.1,99.00,99.00,99.00,999,1014.1,28.4,999.0,999.0,99.0,99.00,
2020,08,15,15,00,224,4.1,5.5,99.00,99.00,99.00,999,1014.2,28.2,999.0,999.0,99.0,99.00,
2020,08,15,16,00,199,4.4,5.7,99.00,99.00,99.00,999,1013.8,29.1,999.0,999.0,99.0,99.00,
2020,08,15,17,00,255,5.7,8.8,99.00,99.00,99.00,999,1014.0,26.9,999.0,999.0,99.0,99.00,
2020,08,15,18,00,250,1.8,2.3,99.00,99.00,99.00,999,1013.0,27.7,999.0,999.0,99.0,99.00,
2020,08,15,19,00,183,6.4,6.9,99.00,99.00,99.00,999,1012.1,28.4,999.0,999.0,99.0,99.00,
2020,08,15,20,00,207,8.5,10.1,99.00,99.00,99.00,999,1011.5,29.4,999.0,999.0,99.0,99.00,
2020,08,15,21,00,203,9.2,10.9,99.00,99.00,99.00,999,1011.3,29.3,999.0,999.0,99.0,99.00,
2020,08,15,22,00,206,9.0,10.6,99.00,99.00,99.00,999,1011.3,29.1,999.0,999.0,99.0,99.00,
2020,08,15,23,00,199,9.0,10.9,99.00,99.00,99.00,999,1011.2,29.0,999.0,999.0,99.0,99.00,
2020,08,16,00,00,209,9.2,10.5,99.00,99.00,99.00,999,1011.4,29.1,999.0,999.0,99.0,99.00,
2020,08,16,01,00,215,9.6,10.9,99.00,99.00,99.00,999,1011.5,28.9,999.0,999.0,99.0,99.00,
2020,08,16,02,00,210,10.0,11.4,99.00,99.00,99.00,999,1012.1,28.9,999.0,999.0,99.0,99.00,
2020,08,16,03,00,220,8.0,9.9,99.00,99.00,99.00,999,1012.2,28.7,999.0,999.0,99.0,99.00,
2020,08,16,04,00,215,9.9,11.4,99.00,99.00,99.00,999,1011.9,28.9,999.0,999.0,99.0,99.00,
2020,08,16,05,00,248,2.9,4.2,99.00,99.00,99.00,999,1011.5,27.9,999.0,999.0,99.0,99.00,
2020,08,16,06,00,246,1.5,1.9,99.00,99.00,99.00,999,1011.7,26.8,999.0,999.0,99.0,99.00,
2020,08,16,07,00,241,3.2,4.1,99.00,99.00,99.00,999,1011.0,27.0,999.0,999.0,99.0,99.00,
2020,08,16,08,00,243,3.4,4.2,99.00,99.00,99.00,999,1011.0,27.0,999.0,999.0,99.0,99.00,
2020,08,16,09,00,247,3.2,4.7,99.00,99.00,99.00,999,1011.2,26.5,999.0,999.0,99.0,99.00,
2020,08,16,10,00,278,1.6,2.7,99.00,99.00,99.00,999,1011.3,26.0,999.0,999.0,99.0,99.00,
2020,08,16,11,00,278,1.9,2.7,99.00,99.00,99.00,999,1011.9,25.1,999.0,999.0,99.0,99.00,
2020,08,16,12,00,269,1.7,2.5,99.00,99.00,99.00,999,1012.3,24.9,999.0,999.0,99.0,99.00,
2020,08,16,13,00,270,1.7,3.3,99.00,99.00,99.00,999,1012.6,25.7,999.0,999.0,99.0,99.00,
2020,08,16,14,00,272,2.2,3.0,99.00,99.00,99.00,999,1012.8,26.6,999.0,999.0,99.0,99.00,
2020,08,16,15,00,257,3.4,4.4,99.00,99.00,99.00,999,1013.0,26.9,999.0,999.0,99.0,99.00,
2020,08,16,16,00,299,2.3,3.2,99.00,99.00,99.00,999,1013.3,27.2,999.0,999.0,99.0,99.00,
2020,08,16,17,00,303,3.0,4.5,99.00,99.00,99.00,999,1013.3,28.4,999.0,999.0,99.0,99.00,
2020,08,16,18,00,319,2.0,3.0,99.00,99.00,99.00,999,1013.0,28.9,999.0,999.0,99.0,99.00,
2020,08,16,19,00,296,3.2,5.2,99.00,99.00,99.00,999,1012.5,30.1,999.0,999.0,99.0,99.00,
2020,08,16,20,00,287,3.3,4.8,99.00,99.00,99.00,999,1012.2,30.0,999.0,999.0,99.0,99.00,
2020,08,16,21,00,303,2.9,4.4,99.00,99.00,99.00,999,1012.2,29.9,999.0,999.0,99.0,99.00,
2020,08,16,22,00,332,3.5,4.4,99.00,99.00,99.00,999,1012.2,29.4,999.0,999.0,99.0,99.00,
2020,08,16,23,00,352,5.8,6.7,99.00,99.00,99.00,999,1012.6,27.9,999.0,999.0,99.0,99.00,
2020,08,17,00,00,350,5.2,7.1,99.00,99.00,99.00,999,1013.5,27.2,999.0,999.0,99.0,99.00,
2020,08,17,01,00,346,4.7,5.9,99.00,99.00,99.00,999,1013.9,26.5,999.0,999.0,99.0,99.00,
2020,08,17,02,00,1,4.3,5.5,99.00,99.00,99.00,999,1014.5,26.3,999.0,999.0,99.0,99.00,
2020,08,17,03,00,21,4.5,5.5,99.00,99.00,99.00,999,1014.4,26.0,999.0,999.0,99.0,99.00,
2020,08,17,04,00,26,4.3,5.2,99.00,99.00,99.00,999,1014.7,25.8,999.0,999.0,99.0,99.00,
2020,08,17,05,00,30,4.5,5.4,99.00,99.00,99.00,999,1014.8,25.4,999.0,999.0,99.0,99.00,
2020,08,17,06,00,19,4.6,5.7,99.00,99.00,99.00,999,1014.9,24.7,999.0,999.0,99.0,99.00,
2020,08,17,07,00,10,3.6,4.4,99.00,99.00,99.00,999,1015.0,24.7,999.0,999.0,99.0,99.00,
2020,08,17,08,00,10,3.8,4.5,99.00,99.00,99.00,999,1014.7,24.2,999.0,999.0,99.0,99.00,
2020,08,17,09,00,351,2.9,3.9,99.00,99.00,99.00,999,1014.8,23.4,999.0,999.0,99.0,99.00,
2020,08,17,10,00,352,3.4,4.4,99.00,99.00,99.00,999,1014.9,23.2,999.0,999.0,99.0,99.00,
2020,08,17,11,00,2,4.6,5.6,99.00,99.00,99.00,999,1015.6,23.2,999.0,999.0,99.0,99.00,
2020,08,17,12,00,3,4.6,5.9,99.00,99.00,99.00,999,1016.1,23.7,999.0,999.0,99.0,99.00,
2020,08,17,13,00,5,4.3,4.8,99.00,99.00,99.00,999,1016.2,24.4,999.0,999.0,99.0,99.00,
2020,08,17,14,00,22,3.1,4.0,99.00,99.00,99.00,999,1016.5,25.4,999.0,999.0,99.0,99.00,
2020,08,17,15,00,26,3.8,4.8,99.00,99.00,99.00,999,1016.5,26.2,999.0,999.0,99.0,99.00,
2020,08,17,16,00,62,4.3,5.0,99.00,99.00,99.00,999,1016.2,27.1,999.0,999.0,99.0,99.00,
2020,08,17,17,00,77,4.0,4.5,99.00,99.00,99.00,999,1016.2,27.7,999.0,999.0,99.0,99.00,
2020,08,17,18,00,110,3.0,3.3,99.00,99.00,99.00,999,1016.0,27.2,999.0,999.0,99.0,99.00,
2020,08,17,19,00,112,3.5,3.9,99.00,99.00,99.00,999,1015.4,27.2,999.0,999.0,99.0,99.00,
2020,08,17,20,00,119,4.4,5.3,99.00,99.00,99.00,999,1014.8,27.0,999.0,999.0,99.0,99.00,
2020,08,17,21,00,127,4.7,5.2,99.00,99.00,99.00,999,1014.4,27.0,999.0,999.0,99.0,99.00,
2020,08,17,22,00,142,2.4,3.1,99.00,99.00,99.00,999,1014.7,27.2,999.0,999.0,99.0,99.00,
2020,08,17,23,00,126,3.0,3.7,99.00,99.00,99.00,999,1014.2,26.8,999.0,999.0,99.0,99.00,
2020,08,18,00,00,131,3.4,4.0,99.00,99.00,99.00,999,1014.3,26.8,999.0,999.0,99.0,99.00,
2020,08,18,01,00,144,3.4,4.2,99.00,99.00,99.00,999,1014.5,26.9,999.0,999.0,99.0,99.00,
2020,08,18,02,00,181,3.0,3.3,99.00,99.00,99.00,999,1015.0,27.0,999.0,999.0,99.0,99.00,
2020,08,18,03,00,170,2.2,2.7,99.00,99.00,99.00,999,1014.7,27.0,999.0,999.0,99.0,99.00,
2020,08,18,04,00,185,3.3,4.1,99.00,99.00,99.00,999,1014.4,27.1,999.0,999.0,99.0,99.00,
2020,08,18,05,00,179,3.8,4.5,99.00,99.00,99.00,999,1014.3,27.3,999.0,999.0,99.0,99.00,
2020,08,18,06,00,170,1.9,2.2,99.00,99.00,99.00,999,1014.1,27.3,999.0,999.0,99.0,99.00,
2020,08,18,07,00,194,2.6,3.1,99.00,99.00,99.00,999,1013.7,27.1,999.0,999.0,99.0,99.00,
2020,08,18,08,00,327,1.7,2.7,99.00,99.00,99.00,999,1013.6,25.4,999.0,999.0,99.0,99.00,
2020,08,18,09,00,317,1.2,1.6,99.00,99.00,99.00,999,1013.6,24.7,999.0,999.0,99.0,99.00,
2020,08,18,10,00,45,2.6,3.0,99.00,99.00,99.00,999,1013.9,25.6,999.0,999.0,99.0,99.00,
2020,08,18,11,00,27,2.5,3.1,99.00,99.00,99.00,999,1014.1,25.9,999.0,999.0,99.0,99.00,
2020,08,18,12,00,11,1.0,1.3,99.00,99.00,99.00,999,1014.4,26.2,999.0,999.0,99.0,99.00,
2020,08,18,13,00,8,1.0,1.4,99.00,99.00,99.00,999,1014.9,27.0,999.0,999.0,99.0,99.00,
2020,08,18,14,00,75,1.1,1.8,99.00,99.00,99.00,999,1014.8,27.7,999.0,999.0,99.0,99.00,
2020,08,18,15,00,141,1.5,1.9,99.00,99.00,99.00,999,1015.2,28.2,999.0,999.0,99.0,99.00,
2020,08,18,16,00,185,4.2,4.8,99.00,99.00,99.00,999,1015.3,28.3,999.0,999.0,99.0,99.00,
2020,08,18,17,00,176,4.0,4.6,99.00,99.00,99.00,999,1014.4,28.8,999.0,999.0,99.0,99.00,
2020,08,18,18,00,166,4.7,5.6,99.00,99.00,99.00,999,1014.1,28.6,999.0,999.0,99.0,99.00,
2020,08,18,19,00,160,5.4,6.4,99.00,99.00,99.00,999,1013.7,28.4,999.0,999.0,99.0,99.00,
2020,08,18,20,00,160,5.7,6.2,99.00,99.00,99.00,999,1012.8,28.6,999.0,999.0,99.0,99.00,
2020,08,18,21,00,169,4.8,5.8,99.00,99.00,99.00,999,1012.6,28.8,999.0,999.0,99.0,99.00,
2020,08,18,22,00,269,3.1,5.0,99.00,99.00,99.00,999,1013.6,26.4,999.0,999.0,99.0,99.00,
2020,08,18,23,00,284,0.3,0.5,99.00,99.00,99.00,999,1013.1,25.3,999.0,999.0,99.0,99.00,
2020,08,19,00,00,54,3.8,4.2,99.00,99.00,99.00,999,1013.7,27.3,999.0,999.0,99.0,99.00,
2020,08,19,01,00,88,4.3,4.8,99.00,99.00,99.00,999,1013.6,26.7,999.0,999.0,99.0,99.00,
2020,08,19,02,00,138,3.3,3.8,99.00,99.00,99.00,999,1013.5,27.0,999.0,999.0,99.0,99.00,
2020,08,19,03,00,170,3.5,4.1,99.00,99.00,99.00,999,1013.8,27.5,999.0,999.0,99.0,99.00,
2020,08,19,04,00,147,2.9,3.4,99.00,99.00,99.00,999,1013.4,27.9,999.0,999.0,99.0,99.00,
2020,08,19,05,00,157,3.0,3.7,99.00,99.00,99.00,999,1012.5,28.3,999.0,999.0,99.0,99.00,
2020,08,19,06,00,165,2.1,2.4,99.00,99.00,99.00,999,1011.9,28.3,999.0,999.0,99.0,99.00,
2020,08,19,07,00,189,3.9,4.6,99.00,99.00,99.00,999,1011.8,28.3,999.0,999.0,99.0,99.00,
2020,08,19,08,00,212,4.1,4.6,99.00,99.00,99.00,999,1011.6,27.7,999.0,999.0,99.0,99.00,
2020,08,19,09,00,306,1.4,1.9,99.00,99.00,99.00,999,1011.8,25.8,999.0,999.0,99.0,99.00,
2020,08,19,10,00,284,1.8,2.3,99.00,99.00,99.00,999,1011.9,25.3,999.0,999.0,99.0,99.00,
2020,08,19,11,00,124,3.4,6.1,99.00,99.00,99.00,999,1012.8,25.2,999.0,999.0,99.0,99.00,
2020,08,19,12,00,114,4.5,4.9,99.00,99.00,99.00,999,1013.5,25.9,999.0,999.0,99.0,99.00,
2020,08,19,13,00,155,0.4,1.5,99.00,99.00,99.00,999,1013.7,26.8,999.0,999.0,99.0,99.00,
2020,08,19,14,00,155,3.6,4.1,99.00,99.00,99.00,999,1013.6,26.7,999.0,999.0,99.0,99.00,
2020,08,19,15,00,185,2.6,3.1,99.00,99.00,99.00,999,1013.5,27.8,999.0,999.0,99.0,99.00,
2020,08,19,16,00,125,2.3,2.9,99.00,99.00,99.00,999,1013.5,27.6,999.0,999.0,99.0,99.00,
2020,08,19,17,00,175,3.0,3.4,99.00,99.00,99.00,999,1013.4,27.8,999.0,999.0,99.0,99.00,
2020,08,19,18,00,154,3.5,3.9,99.00,99.00,99.00,999,1013.0,28.2,999.0,999.0,99.0,99.00,
2020,08,19,19,00,146,4.4,5.5,99.00,99.00,99.00,999,1012.6,28.4,999.0,999.0,99.0,99.00,
2020,08,19,20,00,171,5.1,5.7,99.00,99.00,99.00,999,1011.9,28.6,999.0,999.0,99.0,99.00,
2020,08,19,21,00,164,5.1,5.8,99.00,99.00,99.00,999,1011.9,28.5,999.0,999.0,99.0,99.00,
2020,08,19,22,00,185,3.9,4.2,99.00,99.00,99.00,999,1011.8,28.7,999.0,999.0,99.0,99.00,
2020,08,19,23,00,171,4.3,5.1,99.00,99.00,99.00,999,1011.8,28.5,999.0,999.0,99.0,99.00,
2020,08,20,00,00,200,3.3,4.1,99.00,99.00,99.00,999,1012.6,28.2,999.0,999.0,99.0,99.00,
2020,08,20,01,00,176,4.5,5.3,99.00,99.00,99.00,999,1012.4,28.2,999.0,999.0,99.0,99.00,
2020,08,20,02,00,187,6.2,6.9,99.00,99.00,99.00,999,1012.6,28.3,999.0,999.0,99.0,99.00,
2020,08,20,03,00,207,5.9,7.2,99.00,99.00,99.00,999,1013.7,28.3,999.0,999.0,99.0,99.00,
2020,08,20,04,00,239,2.7,3.8,99.00,99.00,99.00,999,1013.7,27.6,999.0,999.0,99.0,99.00,
2020,08,20,05,00,322,0.8,1.1,99.00,99.00,99.00,999,1013.5,26.5,999.0,999.0,99.0,99.00,
2020,08,20,06,00,268,2.8,3.9,99.00,99.00,99.00,999,1013.6,26.2,999.0,999.0,99.0,99.00,
2020,08,20,07,00,12,3.7,4.6,99.00,99.00,99.00,999,1013.7,25.1,999.0,999.0,99.0,99.00,
2020,08,20,08,00,221,2.0,2.4,99.00,99.00,99.00,999,1013.8,24.9,999.0,999.0,99.0,99.00,
2020,08,20,09,00,24,1.6,2.1,99.00,99.00,99.00,999,1013.4,24.5,999.0,999.0,99.0,99.00,
2020,08,20,10,00,105,4.6,5.3,99.00,99.00,99.00,999,1013.2,25.9,999.0,999.0,99.0,99.00,
2020,08,20,11,00,80,0.5,1.1,99.00,99.00,99.00,999,1014.0,26.3,999.0,999.0,99.0,99.00,
2020,08,20,12,00,36,2.5,3.1,99.00,99.00,99.00,999,1014.4,26.4,999.0,999.0,99.0,99.00,
2020,08,20,13,00,83,2.2,2.6,99.00,99.00,99.00,999,1015.1,26.7,999.0,999.0,99.0,99.00,
2020,08,20,14,00,103,2.4,2.9,99.00,99.00,99.00,999,1015.3,27.2,999.0,999.0,99.0,99.00,
2020,08,20,15,00,92,3.5,4.1,99.00,99.00,99.00,999,1015.5,27.6,999.0,999.0,99.0,99.00,
2020,08,20,16,00,79,3.9,4.5,99.00,99.00,99.00,999,1015.9,28.1,999.0,999.0,99.0,99.00,
2020,08,20,17,00,87,4.7,7.5,99.00,99.00,99.00,999,1015.4,28.0,999.0,999.0,99.0,99.00,
2020,08,20,18,00,99,4.5,5.4,99.00,99.00,99.00,999,1014.8,27.7,999.0,999.0,99.0,99.00,
2020,08,20,19,00,93,4.0,5.0,99.00,99.00,99.00,999,1014.4,27.7,999.0,999.0,99.0,99.00,
2020,08,20,20,00,121,5.7,6.4,99.00,99.00,99.00,999,1013.5,27.6,999.0,999.0,99.0,99.00,
2020,08,20,21,00,108,5.2,5.9,99.00,99.00,99.00,999,1013.1,27.5,999.0,999.0,99.0,99.00,
2020,08,20,22,00,96,4.0,4.7,99.00,99.00,99.00,999,1013.2,28.2,999.0,999.0,99.0,99.00,
2020,08,20,23,00,123,5.1,5.8,99.00,99.00,99.00,999,1013.2,27.5,999.0,999.0,99.0,99.00,
2020,08,21,00,00,114,4.8,5.2,99.00,99.00,99.00,999,1013.7,27.6,999.0,999.0,99.0,99.00,
2020,08,21,01,00,118,5.0,5.9,99.00,99.00,99.00,999,1014.1,27.6,999.0,999.0,99.0,99.00,
2020,08,21,02,00,138,4.4,4.9,99.00,99.00,99.00,999,1014.9,27.8,999.0,999.0,99.0,99.00,
2020,08,21,03,00,122,4.6,5.0,99.00,99.00,99.00,999,1014.6,27.9,999.0,999.0,99.0,99.00,
2020,08,21,04,00,137,5.5,5.9,99.00,99.00,99.00,999,1014.4,28.1,999.0,999.0,99.0,99.00,
2020,08,21,05,00,125,2.8,3.2,99.00,99.00,99.00,999,1014.4,27.8,999.0,999.0,99.0,99.00,
2020,08,21,06,00,121,5.3,6.4,99.00,99.00,99.00,999,1013.9,27.6,999.0,999.0,99.0,99.00,
2020,08,21,07,00,157,6.4,7.5,99.00,99.00,99.00,999,1013.5,27.1,999.0,999.0,99.0,99.00,
2020,08,21,08,00,128,5.0,5.8,99.00,99.00,99.00,999,1013.1,27.3,999.0,999.0,99.0,99.00,
2020,08,21,09,00,81,3.8,4.2,99.00,99.00,99.00,999,1013.1,26.5,999.0,999.0,99.0,99.00,
2020,08,21,10,00,71,3.8,4.4,99.00,99.00,99.00,999,1013.9,25.2,999.0,999.0,99.0,99.00,
2020,08,21,11,00,100,6.1,6.8,99.00,99.00,99.00,999,1014.2,25.0,999.0,999.0,99.0,99.00,
2020,08,21,12,00,337,0.7,1.0,99.00,99.00,99.00,999,1016.1,21.0,999.0,999.0,99.0,99.00,
2020,08,21,13,00,120,1.8,2.4,99.00,99.00,99.00,999,1016.2,22.9,999.0,999.0,99.0,99.00,
2020,08,21,14,00,142,1.2,1.5,99.00,99.00,99.00,999,1015.3,24.6,999.0,999.0,99.0,99.00,
2020,08,21,15,00,202,5.9,7.1,99.00,99.00,99.00,999,1015.3,26.2,999.0,999.0,99.0,99.00,
2020,08,21,16,00,192,3.6,4.1,99.00,99.00,99.00,999,1014.8,27.7,999.0,999.0,99.0,99.00,
2020,08,21,17,00,210,4.6,5.2,99.00,99.00,99.00,999,1014.5,28.8,999.0,999.0,99.0,99.00,
2020,08,21,18,00,211,6.1,6.8,99.00,99.00,99.00,999,1014.2,28.9,999.0,999.0,99.0,99.00,
2020,08,21,19,00,207,4.8,5.6,99.00,99.00,99.00,999,1013.4,29.0,999.0,999.0,99.0,99.00,
2020,08,21,20,00,194,5.8,6.7,99.00,99.00,99.00,999,1013.5,29.3,999.0,999.0,99.0,99.00,
2020,08,21,21,00,188,5.6,6.6,99.00,99.00,99.00,999,1013.7,28.8,999.0,999.0,99.0,99.00,
2020,08,21,22,00,190,6.3,7.1,99.00,99.00,99.00,999,1013.4,28.5,999.0,999.0,99.0,99.00,
2020,08,21,23,00,204,5.7,6.9,99.00,99.00,99.00,999,1013.4,28.5,999.0,999.0,99.0,99.00,
2020,08,22,00,00,194,6.3,7.5,99.00,99.00,99.00,999,1013.6,28.3,999.0,999.0,99.0,99.00,
2020,08,22,01,00,183,6.8,7.7,99.00,99.00,99.00,999,1013.6,28.3,999.0,999.0,99.0,99.00,
2020,08,22,02,00,185,7.5,8.0,99.00,99.00,99.00,999,1014.4,28.0,999.0,999.0,99.0,99.00,
2020,08,22,03,00,199,6.4,7.9,99.00,99.00,99.00,999,1014.6,28.0,999.0,999.0,99.0,99.00,
2020,08,22,04,00,208,7.4,8.1,99.00,99.00,99.00,999,1014.9,28.3,999.0,999.0,99.0,99.00,
2020,08,22,05,00,199,6.5,7.5,99.00,99.00,99.00,999,1014.5,28.1,999.0,999.0,99.0,99.00,
2020,08,22,06,00,209,7.9,8.4,99.00,99.00,99.00,999,1014.3,28.0,999.0,999.0,99.0,99.00,
2020,08,22,07,00,295,1.4,2.7,99.00,99.00,99.00,999,1014.5,26.4,999.0,999.0,99.0,99.00,
2020,08,22,08,00,277,2.0,2.5,99.00,99.00,99.00,999,1014.6,23.8,999.0,999.0,99.0,99.00,
2020,08,22,09,00,314,0.2,0.4,99.00,99.00,99.00,999,1015.0,25.0,999.0,999.0,99.0,99.00,
2020,08,22,10,00,268,1.3,1.6,99.00,99.00,99.00,999,1015.3,24.8,999.0,999.0,99.0,99.00,
2020,08,22,11,00,296,0.6,1.1,99.00,99.00,99.00,999,1016.0,24.3,999.0,999.0,99.0,99.00,
2020,08,22,12,00,302,0.9,1.2,99.00,99.00,99.00,999,1016.3,24.7,999.0,999.0,99.0,99.00,
2020,08,22,13,00,306,1.0,1.6,99.00,99.00,99.00,999,1016.8,25.2,999.0,999.0,99.0,99.00,
2020,08,22,14,00,332,1.6,2.2,99.00,99.00,99.00,999,1017.3,26.6,999.0,999.0,99.0,99.00,
2020,08,22,15,00,330,1.9,2.2,99.00,99.00,99.00,999,1017.6,27.1,999.0,999.0,99.0,99.00,
2020,08,22,16,00,354,0.8,1.6,99.00,99.00,99.00,999,1017.5,27.3,999.0,999.0,99.0,99.00,
2020,08,22,17,00,96,1.6,2.2,99.00,99.00,99.00,999,1017.5,27.7,999.0,999.0,99.0,99.00,
2020,08,22,18,00,151,1.2,1.6,99.00,99.00,99.00,999,1017.7,27.6,999.0,999.0,99.0,99.00,
2020,08,22,19,00,115,1.2,1.4,99.00,99.00,99.00,999,1017.6,27.8,999.0,999.0,99.0,99.00,
2020,08,22,20,00,130,1.6,1.9,99.00,99.00,99.00,999,1017.5,28.1,999.0,999.0,99.0,99.00,
2020,08,22,21,00,121,1.6,2.0,99.00,99.00,99.00,999,1017.6,28.0,999.0,999.0,99.0,99.00,
2020,08,22,22,00,124,3.0,3.4,99.00,99.00,99.00,999,1017.6,27.7,999.0,999.0,99.0,99.00,
2020,08,22,23,00,135,4.6,5.3,99.00,99.00,99.00,999,1017.3,27.7,999.0,999.0,99.0,99.00,
2020,08,23,00,00,138,4.1,4.6,99.00,99.00,99.00,999,1017.3,27.7,999.0,999.0,99.0,99.00,
2020,08,23,01,00,146,5.8,6.4,99.00,99.00,99.00,999,1017.8,27.8,999.0,999.0,99.0,99.00,
2020,08,23,02,00,143,4.6,5.0,99.00,99.00,99.00,999,1018.1,28.0,999.0,999.0,99.0,99.00,
2020,08,23,03,00,152,5.3,5.7,99.00,99.00,99.00,999,1018.5,28.1,999.0,999.0,99.0,99.00,
2020,08,23,04,00,191,4.3,4.7,99.00,99.00,99.00,999,1018.5,28.5,999.0,999.0,99.0,99.00,
2020,08,23,05,00,187,4.3,4.7,99.00,99.00,99.00,999,1018.5,28.4,999.0,999.0,99.0,99.00,
2020,08,23,06,00,176,6.9,7.8,99.00,99.00,99.00,999,1018.5,28.5,999.0,999.0,99.0,99.00,
2020,08,23,07,00,175,4.5,5.1,99.00,99.00,99.00,999,1018.1,28.5,999.0,999.0,99.0,99.00,
2020,08,23,08,00,170,4.5,5.3,99.00,99.00,99.00,999,1018.0,28.5,999.0,999.0,99.0,99.00,
2020,08,23,09,00,183,3.2,3.5,99.00,99.00,99.00,999,1018.5,28.4,999.0,999.0,99.0,99.00,
2020,08,23,10,00,242,0.8,1.1,99.00,99.00,99.00,999,1018.8,27.9,999.0,999.0,99.0,99.00,
2020,08,23,11,00,358,2.3,2.7,99.00,99.00,99.00,999,1018.8,27.0,999.0,999.0,99.0,99.00,
2020,08,23,12,00,302,4.4,6.1,99.00,99.00,99.00,999,1019.8,23.1,999.0,999.0,99.0,99.00,
2020,08,23,13,00,340,3.3,4.1,99.00,99.00,99.00,999,1020.3,23.9,999.0,999.0,99.0,99.00,
2020,08,23,14,00,3,4.8,5.9,99.00,99.00,99.00,999,1020.7,25.0,999.0,999.0,99.0,99.00,
2020,08,23,15,00,45,5.1,5.8,99.00,99.00,99.00,999,1020.8,24.8,999.0,999.0,99.0,99.00,
2020,08,23,16,00,5,2.1,2.4,99.00,99.00,99.00,999,1021.4,25.0,999.0,999.0,99.0,99.00,
2020,08,23,17,00,101,2.5,3.0,99.00,99.00,99.00,999,1021.6,25.8,999.0,999.0,99.0,99.00,
2020,08,23,18,00,133,2.6,3.1,99.00,99.00,99.00,999,1021.4,25.8,999.0,999.0,99.0,99.00,
2020,08,23,19,00,102,2.4,2.7,99.00,99.00,99.00,999,1020.7,25.7,999.0,999.0,99.0,99.00,
2020,08,23,20,00,74,1.8,2.1,99.00,99.00,99.00,999,1020.2,26.2,999.0,999.0,99.0,99.00,
2020,08,23,21,00,63,4.8,5.5,99.00,99.00,99.00,999,1020.2,27.3,999.0,999.0,99.0,99.00,
2020,08,23,22,00,82,7.2,7.9,99.00,99.00,99.00,999,1020.4,27.0,999.0,999.0,99.0,99.00,
2020,08,23,23,00,78,6.5,7.6,99.00,99.00,99.00,999,1020.3,27.3,999.0,999.0,99.0,99.00,
2020,08,24,00,00,82,6.6,7.6,99.00,99.00,99.00,999,1020.3,27.4,999.0,999.0,99.0,99.00,
2020,08,24,01,00,78,6.0,6.4,99.00,99.00,99.00,999,1020.3,27.4,999.0,999.0,99.0,99.00,
2020,08,24,02,00,93,6.5,7.0,99.00,99.00,99.00,999,1020.2,27.7,999.0,999.0,99.0,99.00,
2020,08,24,03,00,144,6.1,6.7,99.00,99.00,99.00,999,1020.3,28.2,999.0,999.0,99.0,99.00,
2020,08,24,04,00,129,5.9,6.7,99.00,99.00,99.00,999,1020.4,28.2,999.0,999.0,99.0,99.00,
2020,08,24,05,00,129,4.4,4.8,99.00,99.00,99.00,999,1020.1,28.1,999.0,999.0,99.0,99.00,
2020,08,24,06,00,121,4.2,4.7,99.00,99.00,99.00,999,1019.6,28.0,999.0,999.0,99.0,99.00,
2020,08,24,07,00,101,3.8,4.1,99.00,99.00,99.00,999,1018.9,28.0,999.0,999.0,99.0,99.00,
2020,08,24,08,00,126,2.2,2.4,99.00,99.00,99.00,999,1019.2,28.2,999.0,999.0,99.0,99.00,
2020,08,24,09,00,150,2.3,2.5,99.00,99.00,99.00,999,1019.3,28.4,999.0,999.0,99.0,99.00,
2020,08,24,10,00,135,4.7,5.1,99.00,99.00,99.00,999,1019.4,28.4,999.0,999.0,99.0,99.00,
2020,08,24,11,00,142,3.1,3.3,99.00,99.00,99.00,999,1019.9,28.4,999.0,999.0,99.0,99.00,
2020,08,24,12,00,110,2.3,2.5,99.00,99.00,99.00,999,1020.1,28.7,999.0,999.0,99.0,99.00,
2020,08,24,13,00,102,2.1,2.4,99.00,99.00,99.00,999,1020.7,28.7,999.0,999.0,99.0,99.00,
2020,08,24,14,00,101,3.6,4.0,99.00,99.00,99.00,999,1020.5,28.7,999.0,999.0,99.0,99.00,
2020,08,24,15,00,139,6.4,6.9,99.00,99.00,99.00,999,1020.8,28.5,999.0,999.0,99.0,99.00,
2020,08,24,16,00,186,6.1,6.7,99.00,99.00,99.00,999,1020.6,27.4,999.0,999.0,99.0,99.00,
2020,08,24,17,00,185,1.0,1.3,99.00,99.00,99.00,999,1020.2,29.2,999.0,999.0,99.0,99.00,
2020,08,24,18,00,51,1.2,1.7,99.00,99.00,99.00,999,1020.1,29.3,999.0,999.0,99.0,99.00,
2020,08,24,19,00,51,2.0,2.3,99.00,99.00,99.00,999,1020.0,29.2,999.0,999.0,99.0,99.00,
2020,08,24,20,00,140,4.1,4.5,99.00,99.00,99.00,999,1019.2,29.0,999.0,999.0,99.0,99.00,
2020,08,24,21,00,141,3.9,4.4,99.00,99.00,99.00,999,1019.2,29.1,999.0,999.0,99.0,99.00,
2020,08,24,22,00,106,4.1,4.7,99.00,99.00,99.00,999,1019.5,28.9,999.0,999.0,99.0,99.00,
2020,08,24,23,00,103,3.7,4.2,99.00,99.00,99.00,999,1019.5,28.9,999.0,999.0,99.0,99.00,
2020,08,25,00,00,339,7.6,10.6,99.00,99.00,99.00,999,1020.5,24.4,999.0,999.0,99.0,99.00,
2020,08,25,01,00,4,6.5,7.6,99.00,99.00,99.00,999,1021.1,23.4,999.0,999.0,99.0,99.00,
2020,08,25,02,00,21,3.8,4.5,99.00,99.00,99.00,999,1021.6,24.4,999.0,999.0,99.0,99.00,
2020,08,25,03,00,62,7.5,8.1,99.00,99.00,99.00,999,1021.5,25.4,999.0,999.0,99.0,99.00,
2020,08,25,04,00,76,7.4,8.1,99.00,99.00,99.00,999,1021.1,26.7,999.0,999.0,99.0,99.00,
2020,08,25,05,00,77,5.8,6.6,99.00,99.00,99.00,999,1020.5,26.8,999.0,999.0,99.0,99.00,
2020,08,25,06,00,105,5.6,6.2,99.00,99.00,99.00,999,1020.0,27.5,999.0,999.0,99.0,99.00,
2020,08,25,07,00,125,6.2,6.8,99.00,99.00,99.00,999,1019.4,27.9,999.0,999.0,99.0,99.00,
2020,08,25,08,00,122,4.3,4.7,99.00,99.00,99.00,999,1019.0,27.6,999.0,999.0,99.0,99.00,
2020,08,25,09,00,136,3.3,3.7,99.00,99.00,99.00,999,1018.9,27.9,999.0,999.0,99.0,99.00,
2020,08,25,10,00,143,2.1,2.3,99.00,99.00,99.00,999,1018.9,27.7,999.0,999.0,99.0,99.00,
2020,08,25,11,00,123,1.2,1.3,99.00,99.00,99.00,999,1019.0,27.8,999.0,999.0,99.0,99.00,
2020,08,25,12,00,339,2.3,2.9,99.00,99.00,99.00,999,1019.2,26.4,999.0,999.0,99.0,99.00,
2020,08,25,13,00,3,1.2,1.6,99.00,99.00,99.00,999,1019.2,26.8,999.0,999.0,99.0,99.00,
2020,08,25,14,00,7,1.6,2.0,99.00,99.00,99.00,999,1019.6,27.9,999.0,999.0,99.0,99.00,
2020,08,25,15,00,53,2.5,2.9,99.00,99.00,99.00,999,1019.9,28.7,999.0,999.0,99.0,99.00,
2020,08,25,16,00,67,2.8,3.2,99.00,99.00,99.00,999,1020.0,28.7,999.0,999.0,99.0,99.00,
2020,08,25,17,00,95,2.3,2.5,99.00,99.00,99.00,999,1019.9,28.7,999.0,999.0,99.0,99.00,
2020,08,25,18,00,102,2.1,2.4,99.00,99.00,99.00,999,1019.7,29.0,999.0,999.0,99.0,99.00,
2020,08,25,19,00,314,1.8,3.1,99.00,99.00,99.00,999,1019.1,27.4,999.0,999.0,99.0,99.00,
2020,08,25,20,00,191,2.8,3.2,99.00,99.00,99.00,999,1018.5,29.3,999.0,999.0,99.0,99.00,
2020,08,25,21,00,198,1.9,2.2,99.00,99.00,99.00,999,1018.4,29.1,999.0,999.0,99.0,99.00,
2020,08,25,22,00,40,4.3,4.9,99.00,99.00,99.00,999,1018.4,26.9,999.0,999.0,99.0,99.00,
2020,08,25,23,00,21,0.6,0.7,99.00,99.00,99.00,999,1018.1,27.5,999.0,999.0,99.0,99.00,
2020,08,26,00,00,63,1.5,1.8,99.00,99.00,99.00,999,1017.9,27.1,999.0,999.0,99.0,99.00,
2020,08,26,01,00,2,1.4,1.6,99.00,99.00,99.00,999,1018.3,26.6,999.0,999.0,99.0,99.00,
2020,08,26,02,00,0,0.0,0.2,99.00,99.00,99.00,999,1018.6,26.6,999.0,999.0,99.0,99.00,
2020,08,26,03,00,0,0.0,0.1,99.00,99.00,99.00,999,1019.0,26.9,999.0,999.0,99.0,99.00,
2020,08,26,04,00,327,1.5,1.8,99.00,99.00,99.00,999,1019.3,26.5,999.0,999.0,99.0,99.00,
2020,08,26,05,00,301,1.6,1.7,99.00,99.00,99.00,999,1019.0,26.2,999.0,999.0,99.0,99.00,
2020,08,26,06,00,301,1.6,1.9,99.00,99.00,99.00,999,1018.4,26.4,999.0,999.0,99.0,99.00,
2020,08,26,07,00,299,1.5,2.2,99.00,99.00,99.00,999,1018.4,25.2,999.0,999.0,99.0,99.00,
2020,08,26,08,00,303,1.6,1.9,99.00,99.00,99.00,999,1018.1,25.1,999.0,999.0,99.0,99.00,
2020,08,26,09,00,281,1.5,1.9,99.00,99.00,99.00,999,1017.9,25.3,999.0,999.0,99.0,99.00,
2020,08,26,10,00,266,1.0,1.8,99.00,99.00,99.00,999,1018.0,24.7,999.0,999.0,99.0,99.00,
2020,08,26,11,00,313,1.3,1.5,99.00,99.00,99.00,999,1018.4,24.5,999.0,999.0,99.0,99.00,
2020,08,26,12,00,309,1.2,2.0,99.00,99.00,99.00,999,1018.6,25.3,999.0,999.0,99.0,99.00,
2020,08,26,13,00,311,1.0,2.3,99.00,99.00,99.00,999,1018.7,27.2,999.0,999.0,99.0,99.00,
2020,08,26,14,00,295,3.1,4.7,99.00,99.00,99.00,999,1019.0,28.7,999.0,999.0,99.0,99.00,
2020,08,26,15,00,282,2.1,3.7,99.00,99.00,99.00,999,1019.2,30.3,999.0,999.0,99.0,99.00,
2020,08,26,16,00,312,2.1,3.4,99.00,99.00,99.00,999,1019.0,31.3,999.0,999.0,99.0,99.00,
2020,08,26,17,00,353,1.3,2.1,99.00,99.00,99.00,999,1018.7,31.7,999.0,999.0,99.0,99.00,
2020,08,26,18,00,147,3.6,3.9,99.00,99.00,99.00,999,1018.4,30.4,999.0,999.0,99.0,99.00,
2020,08,26,19,00,189,3.7,4.0,99.00,99.00,99.00,999,1017.8,30.6,999.0,999.0,99.0,99.00,
2020,08,26,20,00,195,5.5,6.0,99.00,99.00,99.00,999,1017.3,30.4,999.0,999.0,99.0,99.00,
2020,08,26,21,00,231,3.7,4.4,99.00,99.00,99.00,999,1018.7,24.3,999.0,999.0,99.0,99.00,
2020,08,26,22,00,195,3.1,3.7,99.00,99.00,99.00,999,1017.7,27.3,999.0,999.0,99.0,99.00,
2020,08,26,23,00,251,2.6,3.6,99.00,99.00,99.00,999,1018.0,25.1,999.0,999.0,99.0,99.00,
2020,08,27,00,00,235,3.2,3.9,99.00,99.00,99.00,999,1017.9,25.4,999.0,999.0,99.0,99.00,
2020,08,27,01,00,257,2.6,3.1,99.00,99.00,99.00,999,1018.1,25.5,999.0,999.0,99.0,99.00,
2020,08,27,02,00,313,1.2,1.7,99.00,99.00,99.00,999,1018.7,25.2,999.0,999.0,99.0,99.00,
2020,08,27,03,00,303,1.2,1.4,99.00,99.00,99.00,999,1018.9,24.7,999.0,999.0,99.0,99.00,
2020,08,27,04,00,282,1.7,2.2,99.00,99.00,99.00,999,1018.8,24.6,999.0,999.0,99.0,99.00,
2020,08,27,05,00,263,1.9,2.5,99.00,99.00,99.00,999,1018.5,24.5,999.0,999.0,99.0,99.00,
2020,08,27,06,00,290,1.3,1.7,99.00,99.00,99.00,999,1018.2,24.9,999.0,999.0,99.0,99.00,
2020,08,27,07,00,303,0.7,1.1,99.00,99.00,99.00,999,1018.0,24.9,999.0,999.0,99.0,99.00,
2020,08,27,08,00,320,0.4,0.6,99.00,99.00,99.00,999,1017.8,25.0,999.0,999.0,99.0,99.00,
2020,08,27,09,00,320,1.2,1.3,99.00,99.00,99.00,999,1018.0,25.3,999.0,999.0,99.0,99.00,
2020,08,27,10,00,354,1.6,2.3,99.00,99.00,99.00,999,1018.1,25.2,999.0,999.0,99.0,99.00,
2020,08,27,11,00,336,1.6,2.0,99.00,99.00,99.00,999,1018.6,25.0,999.0,999.0,99.0,99.00,
2020,08,27,12,00,354,1.7,2.1,99.00,99.00,99.00,999,1019.1,26.1,999.0,999.0,99.0,99.00,
2020,08,27,13,00,11,1.2,1.6,99.00,99.00,99.00,999,1019.6,27.2,999.0,999.0,99.0,99.00,
2020,08,27,14,00,36,1.3,1.8,99.00,99.00,99.00,999,1019.7,28.3,999.0,999.0,99.0,99.00,
2020,08,27,15,00,164,2.5,2.7,99.00,99.00,99.00,999,1019.8,28.6,999.0,999.0,99.0,99.00,
2020,08,27,16,00,180,3.3,3.8,99.00,99.00,99.00,999,1019.5,29.0,999.0,999.0,99.0,99.00,
2020,08,27,17,00,187,4.1,4.7,99.00,99.00,99.00,999,1019.1,29.1,999.0,999.0,99.0,99.00,
2020,08,27,18,00,188,4.9,5.7,99.00,99.00,99.00,999,1018.7,29.7,999.0,999.0,99.0,99.00,
2020,08,27,19,00,192,6.1,6.6,99.00,99.00,99.00,999,1018.1,29.9,999.0,999.0,99.0,99.00,
2020,08,27,20,00,191,6.1,6.7,99.00,99.00,99.00,999,1017.6,29.9,999.0,999.0,99.0,99.00,
2020,08,27,21,00,194,5.6,6.9,99.00,99.00,99.00,999,1017.1,30.2,999.0,999.0,99.0,99.00,
2020,08,27,22,00,201,6.5,7.6,99.00,99.00,99.00,999,1017.0,29.6,999.0,999.0,99.0,99.00,
2020,08,27,23,00,208,7.1,8.3,99.00,99.00,99.00,999,1017.3,29.4,999.0,999.0,99.0,99.00,
2020,08,28,00,00,203,5.9,6.6,99.00,99.00,99.00,999,1017.2,29.0,999.0,999.0,99.0,99.00,
2020,08,28,01,00,211,7.3,8.4,99.00,99.00,99.00,999,1018.1,29.0,999.0,999.0,99.0,99.00,
2020,08,28,02,00,218,4.9,6.3,99.00,99.00,99.00,999,1018.6,28.7,999.0,999.0,99.0,99.00,
2020,08,28,03,00,210,5.0,5.7,99.00,99.00,99.00,999,1018.7,28.8,999.0,999.0,99.0,99.00,
2020,08,28,04,00,206,5.3,5.8,99.00,99.00,99.00,999,1018.6,28.7,999.0,999.0,99.0,99.00,
2020,08,28,05,00,200,4.9,5.9,99.00,99.00,99.00,999,1018.5,28.7,999.0,999.0,99.0,99.00,
2020,08,28,06,00,200,5.6,6.4,99.00,99.00,99.00,999,1018.0,28.5,999.0,999.0,99.0,99.00,
2020,08,28,07,00,210,7.5,8.1,99.00,99.00,99.00,999,1017.5,28.5,999.0,999.0,99.0,99.00,
2020,08,28,08,00,214,6.8,7.7,99.00,99.00,99.00,999,1017.3,28.4,999.0,999.0,99.0,99.00,
2020,08,28,09,00,210,6.9,7.8,99.00,99.00,99.00,999,1017.1,28.6,999.0,999.0,99.0,99.00,
2020,08,28,10,00,213,7.4,8.2,99.00,99.00,99.00,999,1017.0,28.5,999.0,999.0,99.0,99.00,
2020,08,28,11,00,218,5.4,6.8,99.00,99.00,99.00,999,1017.2,28.4,999.0,999.0,99.0,99.00,
2020,08,28,12,00,230,4.6,5.6,99.00,99.00,99.00,999,1017.6,28.4,999.0,999.0,99.0,99.00,
2020,08,28,13,00,228,4.7,6.0,99.00,99.00,99.00,999,1018.0,29.1,999.0,999.0,99.0,99.00,
2020,08,28,14,00,219,5.7,6.5,99.00,99.00,99.00,999,1018.1,29.7,999.0,999.0,99.0,99.00,
2020,08,28,15,00,215,5.5,6.3,99.00,99.00,99.00,999,1018.1,30.2,999.0,999.0,99.0,99.00,
2020,08,28,16,00,212,5.7,6.2,99.00,99.00,99.00,999,1017.8,30.1,999.0,999.0,99.0,99.00,
2020,08,28,17,00,201,5.4,6.7,99.00,99.00,99.00,999,1017.7,30.0,999.0,999.0,99.0,99.00,
2020,08,28,18,00,176,6.9,7.5,99.00,99.00,99.00,999,1017.0,29.1,999.0,999.0,99.0,99.00,
2020,08,28,19,00,199,5.6,6.5,99.00,99.00,99.00,999,1016.3,30.5,999.0,999.0,99.0,99.00,
2020,08,28,20,00,196,6.6,8.0,99.00,99.00,99.00,999,1015.6,30.4,999.0,999.0,99.0,99.00,
2020,08,28,21,00,185,7.3,7.9,99.00,99.00,99.00,999,1015.2,29.4,999.0,999.0,99.0,99.00,
2020,08,28,22,00,194,8.5,9.4,99.00,99.00,99.00,999,1015.0,29.5,999.0,999.0,99.0,99.00,
2020,08,28,23,00,193,9.4,10.5,99.00,99.00,99.00,999,1014.7,29.2,999.0,999.0,99.0,99.00,
2020,08,29,00,00,200,6.8,7.8,99.00,99.00,99.00,999,1014.3,29.0,999.0,999.0,99.0,99.00,
2020,08,29,01,00,204,7.7,9.1,99.00,99.00,99.00,999,1014.9,29.1,999.0,999.0,99.0,99.00,
2020,08,29,02,00,203,7.5,8.6,99.00,99.00,99.00,999,1015.2,29.1,999.0,999.0,99.0,99.00,
2020,08,29,03,00,208,8.1,9.1,99.00,99.00,99.00,999,1015.0,29.1,999.0,999.0,99.0,99.00,
2020,08,29,04,00,214,9.4,10.6,99.00,99.00,99.00,999,1015.0,29.2,999.0,999.0,99.0,99.00,
2020,08,29,05,00,219,9.3,10.9,99.00,99.00,99.00,999,1014.8,29.2,999.0,999.0,99.0,99.00,
2020,08,29,06,00,221,8.9,10.8,99.00,99.00,99.00,999,1014.5,29.4,999.0,999.0,99.0,99.00,
2020,08,29,07,00,236,5.4,7.0,99.00,99.00,99.00,999,1013.9,28.8,999.0,999.0,99.0,99.00,
2020,08,29,08,00,237,3.0,4.3,99.00,99.00,99.00,999,1013.5,28.4,999.0,999.0,99.0,99.00,
2020,08,29,09,00,240,4.3,6.1,99.00,99.00,99.00,999,1013.3,28.0,999.0,999.0,99.0,99.00,
2020,08,29,10,00,238,4.7,6.6,99.00,99.00,99.00,999,1013.2,27.6,999.0,999.0,99.0,99.00,
2020,08,29,11,00,234,3.4,5.0,99.00,99.00,99.00,999,1013.4,27.4,999.0,999.0,99.0,99.00,
2020,08,29,12,00,244,4.5,7.5,99.00,99.00,99.00,999,1013.8,27.1,999.0,999.0,99.0,99.00,
2020,08,29,13,00,238,6.5,8.5,99.00,99.00,99.00,999,1014.2,28.2,999.0,999.0,99.0,99.00,
2020,08,29,14,00,257,6.1,10.6,99.00,99.00,99.00,999,1014.4,29.0,999.0,999.0,99.0,99.00,
2020,08,29,15,00,248,7.4,10.7,99.00,99.00,99.00,999,1014.0,28.9,999.0,999.0,99.0,99.00,
2020,08,29,16,00,243,6.5,8.9,99.00,99.00,99.00,999,1013.0,29.9,999.0,999.0,99.0,99.00,
2020,08,29,17,00,225,7.9,10.1,99.00,99.00,99.00,999,1012.2,30.2,999.0,999.0,99.0,99.00,
2020,08,29,18,00,219,9.9,11.2,99.00,99.00,99.00,999,1011.4,29.8,999.0,999.0,99.0,99.00,
2020,08,29,19,00,215,10.7,13.1,99.00,99.00,99.00,999,1010.6,30.2,999.0,999.0,99.0,99.00,
2020,08,29,20,00,215,10.0,12.7,99.00,99.00,99.00,999,1010.0,29.8,999.0,999.0,99.0,99.00,
2020,08,29,21,00,212,10.4,12.0,99.00,99.00,99.00,999,1009.6,29.9,999.0,999.0,99.0,99.00,
2020,08,29,22,00,212,10.5,11.3,99.00,99.00,99.00,999,1009.4,29.9,999.0,999.0,99.0,99.00,
2020,08,29,23,00,223,8.5,10.9,99.00,99.00,99.00,999,1009.6,29.7,999.0,999.0,99.0,99.00,
2020,08,30,00,00,227,9.2,11.1,99.00,99.00,99.00,999,1009.9,29.5,999.0,999.0,99.0,99.00,
2020,08,30,01,00,234,5.7,8.1,99.00,99.00,99.00,999,1009.9,29.4,999.0,999.0,99.0,99.00,
2020,08,30,02,00,243,4.9,6.3,99.00,99.00,99.00,999,1010.5,28.9,999.0,999.0,99.0,99.00,
2020,08,30,03,00,242,4.2,5.1,99.00,99.00,99.00,999,1010.9,28.4,999.0,999.0,99.0,99.00,
2020,08,30,04,00,242,3.4,5.1,99.00,99.00,99.00,999,1011.2,27.7,999.0,999.0,99.0,99.00,
2020,08,30,05,00,242,4.0,5.8,99.00,99.00,99.00,999,1011.1,27.3,999.0,999.0,99.0,99.00,
2020,08,30,06,00,248,3.9,5.0,99.00,99.00,99.00,999,1010.6,26.8,999.0,999.0,99.0,99.00,
2020,08,30,07,00,258,3.7,5.5,99.00,99.00,99.00,999,1009.7,26.3,999.0,999.0,99.0,99.00,
2020,08,30,08,00,248,3.3,4.7,99.00,99.00,99.00,999,1009.3,25.9,999.0,999.0,99.0,99.00,
2020,08,30,09,00,250,2.7,4.9,99.00,99.00,99.00,999,1009.6,25.6,999.0,999.0,99.0,99.00,
2020,08,30,10,00,249,2.8,4.4,99.00,99.00,99.00,999,1009.8,25.5,999.0,999.0,99.0,99.00,
2020,08,30,11,00,259,3.1,4.7,99.00,99.00,99.00,999,1010.6,25.3,999.0,999.0,99.0,99.00,
2020,08,30,12,00,274,2.3,3.6,99.00,99.00,99.00,999,1011.1,25.2,999.0,999.0,99.0,99.00,
2020,08,30,13,00,282,4.2,5.5,99.00,99.00,99.00,999,1011.5,25.3,999.0,999.0,99.0,99.00,
2020,08,30,14,00,306,2.7,4.5,99.00,99.00,99.00,999,1011.8,25.9,999.0,999.0,99.0,99.00,
2020,08,30,15,00,297,3.0,4.2,99.00,99.00,99.00,999,1011.6,27.3,999.0,999.0,99.0,99.00,
2020,08,30,16,00,303,0.9,2.9,99.00,99.00,99.00,999,1011.0,27.9,999.0,999.0,99.0,99.00,
2020,08,30,17,00,266,0.7,1.0,99.00,99.00,99.00,999,1011.0,29.2,999.0,999.0,99.0,99.00,
2020,08,30,18,00,154,3.4,3.8,99.00,99.00,99.00,999,1011.0,29.0,999.0,999.0,99.0,99.00,
2020,08,30,19,00,183,4.7,5.1,99.00,99.00,99.00,999,1010.3,28.7,999.0,999.0,99.0,99.00,
2020,08,30,20,00,191,5.2,5.8,99.00,99.00,99.00,999,1010.0,29.4,999.0,999.0,99.0,99.00,
2020,08,30,21,00,217,3.0,3.6,99.00,99.00,99.00,999,1010.0,29.2,999.0,999.0,99.0,99.00,
2020,08,30,22,00,201,3.9,4.7,99.00,99.00,99.00,999,1010.5,29.1,999.0,999.0,99.0,99.00,
2020,08,30,23,00,186,4.1,4.4,99.00,99.00,99.00,999,1010.8,28.8,999.0,999.0,99.0,99.00,
2020,08,31,00,00,195,4.5,5.0,99.00,99.00,99.00,999,1010.9,28.6,999.0,999.0,99.0,99.00,
2020,08,31,01,00,179,4.7,5.5,99.00,99.00,99.00,999,1011.1,28.7,999.0,999.0,99.0,99.00,
2020,08,31,02,00,228,2.3,3.0,99.00,99.00,99.00,999,1011.6,28.5,999.0,999.0,99.0,99.00,
2020,08,31,03,00,250,1.3,1.9,99.00,99.00,99.00,999,1011.9,28.0,999.0,999.0,99.0,99.00,
2020,08,31,04,00,239,1.1,1.4,99.00,99.00,99.00,999,1011.7,27.8,999.0,999.0,99.0,99.00,
2020,08,31,07,00,203,1.9,2.4,99.00,99.00,99.00,999,1011.1,28.6,999.0,999.0,99.0,99.00,
2020,08,31,08,00,7,0.6,1.0,99.00,99.00,99.00,999,1011.2,27.6,999.0,999.0,99.0,99.00,
2020,08,31,09,00,336,2.0,2.3,99.00,99.00,99.00,999,1011.3,27.6,999.0,999.0,99.0,99.00,
2020,08,31,10,00,281,0.5,0.9,99.00,99.00,99.00,999,1012.0,27.0,999.0,999.0,99.0,99.00,
2020,08,31,11,00,347,1.8,2.8,99.00,99.00,99.00,999,1012.5,26.7,999.0,999.0,99.0,99.00,
2020,08,31,12,00,24,1.6,2.0,99.00,99.00,99.00,999,1012.9,27.0,999.0,999.0,99.0,99.00,
2020,08,31,13,00,112,0.3,0.7,99.00,99.00,99.00,999,1013.2,28.4,999.0,999.0,99.0,99.00,
2020,08,31,14,00,156,1.5,2.0,99.00,99.00,99.00,999,1013.8,28.7,999.0,999.0,99.0,99.00,
2020,08,31,15,00,178,1.9,2.3,99.00,99.00,99.00,999,1013.8,28.8,999.0,999.0,99.0,99.00,
2020,08,31,16,00,171,1.9,2.4,99.00,99.00,99.00,999,1013.4,29.0,999.0,999.0,99.0,99.00,
2020,08,31,17,00,159,2.9,3.5,99.00,99.00,99.00,999,1013.8,28.7,999.0,999.0,99.0,99.00,
2020,08,31,18,00,162,3.6,4.7,99.00,99.00,99.00,999,1013.1,29.3,999.0,999.0,99.0,99.00,
2020,08,31,19,00,165,3.9,4.4,99.00,99.00,99.00,999,1012.7,29.2,999.0,999.0,99.0,99.00,
2020,08,31,20,00,166,3.7,4.4,99.00,99.00,99.00,999,1012.1,29.5,999.0,999.0,99.0,99.00,
2020,08,31,21,00,185,4.5,5.1,99.00,99.00,99.00,999,1011.8,29.8,999.0,999.0,99.0,99.00,
2020,08,31,22,00,199,4.2,4.9,99.00,99.00,99.00,999,1012.5,29.7,999.0,999.0,99.0,99.00,
2020,08,31,23,00,200,4.9,5.7,99.00,99.00,99.00,999,1012.7,29.2,999.0,999.0,99.0,99.00,
2020,09,01,00,00,199,5.7,6.7,99.00,99.00,99.00,999,1013.1,28.9,999.0,999.0,99.0,99.00,
2020,09,01,01,00,227,5.4,6.7,99.00,99.00,99.00,999,1014.0,28.9,999.0,999.0,99.0,99.00,
2020,09,01,02,00,215,7.1,8.2,99.00,99.00,99.00,999,1014.1,28.8,999.0,999.0,99.0,99.00,
2020,09,01,03,00,220,5.8,7.2,99.00,99.00,99.00,999,1014.1,28.8,999.0,999.0,99.0,99.00,
2020,09,01,04,00,222,6.0,7.6,99.00,99.00,99.00,999,1014.1,28.7,999.0,999.0,99.0,99.00,
2020,09,01,05,00,234,2.7,3.7,99.00,99.00,99.00,999,1014.1,28.3,999.0,999.0,99.0,99.00,
2020,09,01,06,00,261,1.1,1.9,99.00,99.00,99.00,999,1014.1,28.0,999.0,999.0,99.0,99.00,
2020,09,01,07,00,258,1.6,2.4,99.00,99.00,99.00,999,1013.9,27.3,999.0,999.0,99.0,99.00,
2020,09,01,08,00,245,1.9,2.2,99.00,99.00,99.00,999,1013.7,26.8,999.0,999.0,99.0,99.00,
2020,09,01,09,00,242,1.9,2.1,99.00,99.00,99.00,999,1013.6,26.6,999.0,999.0,99.0,99.00,
2020,09,01,10,00,248,1.2,1.4,99.00,99.00,99.00,999,1014.2,26.6,999.0,999.0,99.0,99.00,
2020,09,01,11,00,265,1.4,2.0,99.00,99.00,99.00,999,1014.6,26.6,999.0,999.0,99.0,99.00,
2020,09,01,12,00,313,1.5,2.1,99.00,99.00,99.00,999,1015.3,27.0,999.0,999.0,99.0,99.00,
2020,09,01,13,00,317,1.5,2.4,99.00,99.00,99.00,999,1015.9,28.1,999.0,999.0,99.0,99.00,
2020,09,01,14,00,223,2.1,3.5,99.00,99.00,99.00,999,1016.3,29.4,999.0,999.0,99.0,99.00,
2020,09,01,15,00,181,1.7,2.0,99.00,99.00,99.00,999,1016.6,29.4,999.0,999.0,99.0,99.00,
2020,09,01,16,00,181,3.4,3.7,99.00,99.00,99.00,999,1016.5,29.4,999.0,999.0,99.0,99.00,
2020,09,01,17,00,183,2.9,3.7,99.00,99.00,99.00,999,1016.2,30.1,999.0,999.0,99.0,99.00,
2020,09,01,18,00,189,4.2,4.7,99.00,99.00,99.00,999,1015.8,30.2,999.0,999.0,99.0,99.00,
2020,09,01,19,00,177,4.5,5.0,99.00,99.00,99.00,999,1015.2,30.4,999.0,999.0,99.0,99.00,
2020,09,01,20,00,194,4.7,5.4,99.00,99.00,99.00,999,1014.8,30.7,999.0,999.0,99.0,99.00,
2020,09,01,21,00,197,4.5,5.5,99.00,99.00,99.00,999,1014.8,30.4,999.0,999.0,99.0,99.00,
2020,09,01,22,00,189,5.0,5.5,99.00,99.00,99.00,999,1014.9,30.1,999.0,999.0,99.0,99.00,
2020,09,01,23,00,185,4.3,5.0,99.00,99.00,99.00,999,1015.3,29.8,999.0,999.0,99.0,99.00,
2020,09,02,00,00,186,5.1,5.6,99.00,99.00,99.00,999,1015.3,29.4,999.0,999.0,99.0,99.00,
2020,09,02,01,00,191,5.3,5.9,99.00,99.00,99.00,999,1016.0,29.4,999.0,999.0,99.0,99.00,
2020,09,02,02,00,200,5.3,6.3,99.00,99.00,99.00,999,1016.6,29.2,999.0,999.0,99.0,99.00,
2020,09,02,03,00,210,5.5,5.9,99.00,99.00,99.00,999,1017.1,29.1,999.0,999.0,99.0,99.00,
2020,09,02,04,00,209,5.7,6.0,99.00,99.00,99.00,999,1016.8,29.2,999.0,999.0,99.0,99.00,
2020,09,02,05,00,220,5.4,6.3,99.00,99.00,99.00,999,1016.2,29.1,999.0,999.0,99.0,99.00,
2020,09,02,06,00,231,4.4,6.2,99.00,99.00,99.00,999,1015.6,28.8,999.0,999.0,99.0,99.00,
2020,09,02,07,00,236,2.9,3.8,99.00,99.00,99.00,999,1015.3,28.4,999.0,999.0,99.0,99.00,
2020,09,02,08,00,251,1.6,1.9,99.00,99.00,99.00,999,1014.9,28.0,999.0,999.0,99.0,99.00,
2020,09,02,09,00,278,1.3,1.4,99.00,99.00,99.00,999,1014.5,28.1,999.0,999.0,99.0,99.00,
2020,09,02,10,00,242,2.1,2.6,99.00,99.00,99.00,999,1014.6,27.6,999.0,999.0,99.0,99.00,
2020,09,02,11,00,239,2.1,2.3,99.00,99.00,99.00,999,1015.2,27.4,999.0,999.0,99.0,99.00,
2020,09,02,12,00,250,1.7,2.5,99.00,99.00,99.00,999,1015.8,27.9,999.0,999.0,99.0,99.00,
2020,09,02,13,00,271,1.9,2.8,99.00,99.00,99.00,999,1016.2,28.9,999.0,999.0,99.0,99.00,
2020,09,02,14,00,224,1.3,1.9,99.00,99.00,99.00,999,1016.7,29.9,999.0,999.0,99.0,99.00,
2020,09,02,15,00,194,3.4,4.1,99.00,99.00,99.00,999,1016.7,29.7,999.0,999.0,99.0,99.00,
2020,09,02,16,00,186,4.3,5.0,99.00,99.00,99.00,999,1016.6,30.2,999.0,999.0,99.0,99.00,
2020,09,02,17,00,195,4.6,5.5,99.00,99.00,99.00,999,1016.0,30.5,999.0,999.0,99.0,99.00,
2020,09,02,18,00,195,5.8,6.5,99.00,99.00,99.00,999,1015.4,30.8,999.0,999.0,99.0,99.00,
2020,09,02,19,00,199,5.5,6.5,99.00,99.00,99.00,999,1014.8,30.8,999.0,999.0,99.0,99.00,
2020,09,02,20,00,194,6.4,7.6,99.00,99.00,99.00,999,1014.4,30.7,999.0,999.0,99.0,99.00,
2020,09,02,21,00,200,6.4,7.7,99.00,99.00,99.00,999,1014.0,30.5,999.0,999.0,99.0,99.00,
2020,09,02,22,00,219,6.5,7.6,99.00,99.00,99.00,999,1014.1,30.5,999.0,999.0,99.0,99.00,
2020,09,02,23,00,218,6.4,7.3,99.00,99.00,99.00,999,1014.2,29.9,999.0,999.0,99.0,99.00,
2020,09,03,00,00,210,5.8,6.6,99.00,99.00,99.00,999,1014.4,30.0,999.0,999.0,99.0,99.00,
2020,09,03,01,00,199,5.5,6.4,99.00,99.00,99.00,999,1014.7,30.0,999.0,999.0,99.0,99.00,
2020,09,03,02,00,209,6.8,7.9,99.00,99.00,99.00,999,1015.2,29.9,999.0,999.0,99.0,99.00,
2020,09,03,03,00,215,6.6,7.6,99.00,99.00,99.00,999,1015.3,29.6,999.0,999.0,99.0,99.00,
2020,09,03,04,00,230,5.7,7.5,99.00,99.00,99.00,999,1015.5,29.4,999.0,999.0,99.0,99.00,
2020,09,03,05,00,223,6.2,7.7,99.00,99.00,99.00,999,1015.4,29.5,999.0,999.0,99.0,99.00,
2020,09,03,06,00,217,7.8,8.9,99.00,99.00,99.00,999,1015.1,29.6,999.0,999.0,99.0,99.00,
2020,09,03,07,00,229,5.2,6.6,99.00,99.00,99.00,999,1014.8,29.4,999.0,999.0,99.0,99.00,
2020,09,03,08,00,245,4.0,5.3,99.00,99.00,99.00,999,1014.7,28.8,999.0,999.0,99.0,99.00,
2020,09,03,09,00,242,4.2,5.6,99.00,99.00,99.00,999,1014.7,28.2,999.0,999.0,99.0,99.00,
2020,09,03,10,00,238,3.2,4.7,99.00,99.00,99.00,999,1014.9,27.8,999.0,999.0,99.0,99.00,
2020,09,03,11,00,251,1.9,2.8,99.00,99.00,99.00,999,1015.2,27.8,999.0,999.0,99.0,99.00,
2020,09,03,12,00,251,2.0,2.4,99.00,99.00,99.00,999,1015.7,28.1,999.0,999.0,99.0,99.00,
2020,09,03,13,00,277,1.8,2.5,99.00,99.00,99.00,999,1015.6,29.2,999.0,999.0,99.0,99.00,
2020,09,03,14,00,287,2.6,3.8,99.00,99.00,99.00,999,1016.0,30.4,999.0,999.0,99.0,99.00,
2020,09,03,15,00,248,2.6,3.7,99.00,99.00,99.00,999,1016.0,31.0,999.0,999.0,99.0,99.00,
2020,09,03,16,00,255,3.0,4.1,99.00,99.00,99.00,999,1015.9,32.0,999.0,999.0,99.0,99.00,
2020,09,03,17,00,190,4.6,5.1,99.00,99.00,99.00,999,1015.4,32.0,999.0,999.0,99.0,99.00,
2020,09,03,18,00,201,5.9,6.9,99.00,99.00,99.00,999,1015.3,31.4,999.0,999.0,99.0,99.00,
2020,09,03,19,00,192,6.2,7.8,99.00,99.00,99.00,999,1014.8,31.4,999.0,999.0,99.0,99.00,
2020,09,03,20,00,204,7.5,8.6,99.00,99.00,99.00,999,1014.4,31.1,999.0,999.0,99.0,99.00,
2020,09,03,21,00,199,7.4,8.6,99.00,99.00,99.00,999,1014.2,31.1,999.0,999.0,99.0,99.00,
2020,09,03,22,00,204,7.0,8.2,99.00,99.00,99.00,999,1014.2,30.7,999.0,999.0,99.0,99.00,
2020,09,03,23,00,202,6.5,7.7,99.00,99.00,99.00,999,1014.2,30.3,999.0,999.0,99.0,99.00,
2020,09,04,00,00,215,7.2,8.3,99.00,99.00,99.00,999,1014.2,29.9,999.0,999.0,99.0,99.00,
2020,09,04,01,00,217,6.8,8.2,99.00,99.00,99.00,999,1014.6,29.8,999.0,999.0,99.0,99.00,
2020,09,04,02,00,218,7.6,8.8,99.00,99.00,99.00,999,1015.4,29.6,999.0,999.0,99.0,99.00,
2020,09,04,03,00,224,6.6,8.3,99.00,99.00,99.00,999,1015.6,29.5,999.0,999.0,99.0,99.00,
2020,09,04,04,00,231,5.9,8.4,99.00,99.00,99.00,999,1015.9,29.3,999.0,999.0,99.0,99.00,
2020,09,04,05,00,233,5.0,7.2,99.00,99.00,99.00,999,1015.8,29.2,999.0,999.0,99.0,99.00,
2020,09,04,06,00,243,3.1,5.1,99.00,99.00,99.00,999,1015.7,28.8,999.0,999.0,99.0,99.00,
2020,09,04,07,00,245,2.9,4.3,99.00,99.00,99.00,999,1015.6,28.2,999.0,999.0,99.0,99.00,
2020,09,04,08,00,241,3.4,4.6,99.00,99.00,99.00,999,1015.6,27.5,999.0,999.0,99.0,99.00,
2020,09,04,09,00,268,1.9,2.4,99.00,99.00,99.00,999,1015.8,27.1,999.0,999.0,99.0,99.00,
2020,09,04,10,00,264,1.9,2.4,99.00,99.00,99.00,999,1016.3,26.4,999.0,999.0,99.0,99.00,
2020,09,04,11,00,259,1.4,2.0,99.00,99.00,99.00,999,1016.8,26.0,999.0,999.0,99.0,99.00,
2020,09,04,12,00,270,1.9,2.9,99.00,99.00,99.00,999,1017.4,26.5,999.0,999.0,99.0,99.00,
2020,09,04,13,00,288,1.8,3.0,99.00,99.00,99.00,999,1017.6,28.3,999.0,999.0,99.0,99.00,
2020,09,04,14,00,297,3.3,5.4,99.00,99.00,99.00,999,1017.6,29.9,999.0,999.0,99.0,99.00,
2020,09,04,15,00,296,2.1,2.9,99.00,99.00,99.00,999,1017.7,31.6,999.0,999.0,99.0,99.00,
2020,09,04,16,00,265,2.8,4.2,99.00,99.00,99.00,999,1017.7,32.4,999.0,999.0,99.0,99.00,
2020,09,04,17,00,280,1.5,3.1,99.00,99.00,99.00,999,1017.3,32.7,999.0,999.0,99.0,99.00,
2020,09,04,18,00,295,2.3,3.9,99.00,99.00,99.00,999,1016.9,33.6,999.0,999.0,99.0,99.00,
2020,09,04,19,00,197,3.4,4.8,99.00,99.00,99.00,999,1016.5,32.7,999.0,999.0,99.0,99.00,
2020,09,04,20,00,203,6.3,7.7,99.00,99.00,99.00,999,1016.1,32.3,999.0,999.0,99.0,99.00,
2020,09,04,21,00,199,6.2,7.5,99.00,99.00,99.00,999,1016.2,31.7,999.0,999.0,99.0,99.00,
2020,09,04,22,00,212,7.6,8.2,99.00,99.00,99.00,999,1016.0,31.1,999.0,999.0,99.0,99.00,
2020,09,04,23,00,207,7.8,8.5,99.00,99.00,99.00,999,1016.2,30.4,999.0,999.0,99.0,99.00,
2020,09,05,00,00,218,6.1,7.6,99.00,99.00,99.00,999,1016.7,30.2,999.0,999.0,99.0,99.00,
2020,09,05,01,00,214,6.1,7.2,99.00,99.00,99.00,999,1017.2,30.2,999.0,999.0,99.0,99.00,
2020,09,05,02,00,221,6.6,7.6,99.00,99.00,99.00,999,1017.9,30.0,999.0,999.0,99.0,99.00,
2020,09,05,03,00,227,5.0,6.0,99.00,99.00,99.00,999,1018.3,30.0,999.0,999.0,99.0,99.00,
2020,09,05,04,00,236,3.7,4.5,99.00,99.00,99.00,999,1018.4,29.6,999.0,999.0,99.0,99.00,
2020,09,05,05,00,245,2.6,3.2,99.00,99.00,99.00,999,1018.5,29.3,999.0,999.0,99.0,99.00,
2020,09,05,06,00,242,2.3,2.8,99.00,99.00,99.00,999,1018.7,28.6,999.0,999.0,99.0,99.00,
2020,09,05,07,00,264,1.9,2.7,99.00,99.00,99.00,999,1018.6,28.1,999.0,999.0,99.0,99.00,
2020,09,05,08,00,263,1.8,2.9,99.00,99.00,99.00,999,1018.4,27.3,999.0,999.0,99.0,99.00,
2020,09,05,09,00,284,2.1,2.8,99.00,99.00,99.00,999,1018.2,26.6,999.0,999.0,99.0,99.00,
2020,09,05,10,00,312,1.6,2.1,99.00,99.00,99.00,999,1018.3,26.3,999.0,999.0,99.0,99.00,
2020,09,05,11,00,296,1.4,1.9,99.00,99.00,99.00,999,1019.0,26.0,999.0,999.0,99.0,99.00,
2020,09,05,12,00,301,2.5,3.6,99.00,99.00,99.00,999,1019.4,27.0,999.0,999.0,99.0,99.00,
2020,09,05,13,00,313,2.2,3.8,99.00,99.00,99.00,999,1019.4,28.8,999.0,999.0,99.0,99.00,
2020,09,05,14,00,358,4.5,5.7,99.00,99.00,99.00,999,1019.6,30.2,999.0,999.0,99.0,99.00,
2020,09,05,15,00,32,2.9,3.3,99.00,99.00,99.00,999,1020.1,30.5,999.0,999.0,99.0,99.00,
2020,09,05,16,00,64,3.2,3.6,99.00,99.00,99.00,999,1020.3,31.4,999.0,999.0,99.0,99.00,
2020,09,05,17,00,68,7.4,7.9,99.00,99.00,99.00,999,1020.3,30.4,999.0,999.0,99.0,99.00,
2020,09,05,18,00,63,8.3,9.0,99.00,99.00,99.00,999,1020.2,30.0,999.0,999.0,99.0,99.00,
2020,09,05,19,00,60,8.0,9.0,99.00,99.00,99.00,999,1019.8,29.6,999.0,999.0,99.0,99.00,
2020,09,05,20,00,67,7.8,8.9,99.00,99.00,99.00,999,1019.4,29.6,999.0,999.0,99.0,99.00,
2020,09,05,21,00,64,8.2,9.1,99.00,99.00,99.00,999,1019.7,29.5,999.0,999.0,99.0,99.00,
2020,09,05,22,00,59,8.4,9.6,99.00,99.00,99.00,999,1019.5,29.5,999.0,999.0,99.0,99.00,
2020,09,05,23,00,51,8.1,8.9,99.00,99.00,99.00,999,1019.6,29.4,999.0,999.0,99.0,99.00,
2020,09,06,00,00,58,7.8,8.5,99.00,99.00,99.00,999,1019.9,29.1,999.0,999.0,99.0,99.00,
2020,09,06,01,00,54,7.6,8.3,99.00,99.00,99.00,999,1020.3,29.2,999.0,999.0,99.0,99.00,
2020,09,06,02,00,21,6.9,8.6,99.00,99.00,99.00,999,1021.0,27.3,999.0,999.0,99.0,99.00,
2020,09,06,03,00,20,7.1,8.6,99.00,99.00,99.00,999,1020.7,26.8,999.0,999.0,99.0,99.00,
2020,09,06,04,00,15,7.2,8.3,99.00,99.00,99.00,999,1020.9,26.1,999.0,999.0,99.0,99.00,
2020,09,06,05,00,8,6.1,7.1,99.00,99.00,99.00,999,1020.6,25.3,999.0,999.0,99.0,99.00,
2020,09,06,06,00,13,7.7,8.8,99.00,99.00,99.00,999,1019.8,24.7,999.0,999.0,99.0,99.00,
2020,09,06,07,00,359,6.2,7.6,99.00,99.00,99.00,999,1019.9,24.7,999.0,999.0,99.0,99.00,
2020,09,06,08,00,359,4.7,6.0,99.00,99.00,99.00,999,1019.9,24.2,999.0,999.0,99.0,99.00,
2020,09,06,09,00,2,6.2,7.6,99.00,99.00,99.00,999,1019.8,24.3,999.0,999.0,99.0,99.00,
2020,09,06,10,00,0,5.7,7.0,99.00,99.00,99.00,999,1019.5,24.2,999.0,999.0,99.0,99.00,
2020,09,06,11,00,11,6.8,8.2,99.00,99.00,99.00,999,1019.7,23.8,999.0,999.0,99.0,99.00,
2020,09,06,12,00,20,7.1,8.4,99.00,99.00,99.00,999,1019.9,23.8,999.0,999.0,99.0,99.00,
2020,09,06,13,00,26,6.3,8.0,99.00,99.00,99.00,999,1020.1,24.3,999.0,999.0,99.0,99.00,
2020,09,06,14,00,36,7.2,8.1,99.00,99.00,99.00,999,1020.2,25.0,999.0,999.0,99.0,99.00,
2020,09,06,15,00,44,8.4,9.6,99.00,99.00,99.00,999,1020.2,26.4,999.0,999.0,99.0,99.00,
2020,09,06,16,00,36,8.0,9.5,99.00,99.00,99.00,999,1020.0,27.1,999.0,999.0,99.0,99.00,
2020,09,06,17,00,27,6.7,7.5,99.00,99.00,99.00,999,1019.9,27.3,999.0,999.0,99.0,99.00,
2020,09,06,18,00,50,7.7,8.4,99.00,99.00,99.00,999,1019.6,27.5,999.0,999.0,99.0,99.00,
2020,09,06,19,00,19,5.9,6.8,99.00,99.00,99.00,999,1018.7,27.9,999.0,999.0,99.0,99.00,
2020,09,06,20,00,55,7.4,8.1,99.00,99.00,99.00,999,1018.5,27.9,999.0,999.0,99.0,99.00,
2020,09,06,21,00,62,8.2,8.6,99.00,99.00,99.00,999,1018.3,27.7,999.0,999.0,99.0,99.00,
2020,09,06,22,00,33,6.4,8.5,99.00,99.00,99.00,999,1018.3,27.4,999.0,999.0,99.0,99.00,
2020,09,06,23,00,22,5.7,7.2,99.00,99.00,99.00,999,1018.3,26.7,999.0,999.0,99.0,99.00,
2020,09,07,00,00,23,6.6,7.7,99.00,99.00,99.00,999,1018.3,27.3,999.0,999.0,99.0,99.00,
2020,09,07,01,00,16,6.3,7.8,99.00,99.00,99.00,999,1018.5,27.0,999.0,999.0,99.0,99.00,
2020,09,07,02,00,16,5.9,7.2,99.00,99.00,99.00,999,1018.7,26.8,999.0,999.0,99.0,99.00,
2020,09,07,03,00,13,6.0,7.5,99.00,99.00,99.00,999,1018.5,26.5,999.0,999.0,99.0,99.00,
2020,09,07,04,00,41,6.2,6.8,99.00,99.00,99.00,999,1017.8,26.5,999.0,999.0,99.0,99.00,
2020,09,07,05,00,12,4.9,6.0,99.00,99.00,99.00,999,1017.4,26.2,999.0,999.0,99.0,99.00,
2020,09,07,06,00,17,5.6,6.5,99.00,99.00,99.00,999,1017.2,25.7,999.0,999.0,99.0,99.00,
2020,09,07,07,00,0,4.3,5.7,99.00,99.00,99.00,999,1016.5,25.4,999.0,999.0,99.0,99.00,
2020,09,07,08,00,11,5.3,6.2,99.00,99.00,99.00,999,1016.1,24.8,999.0,999.0,99.0,99.00,
2020,09,07,09,00,350,4.8,6.0,99.00,99.00,99.00,999,1016.2,23.6,999.0,999.0,99.0,99.00,
2020,09,07,10,00,10,4.3,5.0,99.00,99.00,99.00,999,1015.9,24.1,999.0,999.0,99.0,99.00,
2020,09,07,11,00,11,4.1,5.4,99.00,99.00,99.00,999,1016.2,24.4,999.0,999.0,99.0,99.00,
2020,09,07,12,00,7,4.7,5.8,99.00,99.00,99.00,999,1016.2,23.9,999.0,999.0,99.0,99.00,
2020,09,07,13,00,11,5.3,6.2,99.00,99.00,99.00,999,1016.2,24.3,999.0,999.0,99.0,99.00,
2020,09,07,14,00,30,7.2,8.0,99.00,99.00,99.00,999,1016.6,25.1,999.0,999.0,99.0,99.00,
2020,09,07,15,00,37,7.8,9.0,99.00,99.00,99.00,999,1017.1,25.4,999.0,999.0,99.0,99.00,
2020,09,07,16,00,37,8.8,9.9,99.00,99.00,99.00,999,1017.1,26.2,999.0,999.0,99.0,99.00,
2020,09,07,17,00,52,8.8,9.6,99.00,99.00,99.00,999,1016.6,26.8,999.0,999.0,99.0,99.00,
2020,09,07,18,00,45,8.7,9.5,99.00,99.00,99.00,999,1016.1,26.8,999.0,999.0,99.0,99.00,
2020,09,07,19,00,52,9.0,9.7,99.00,99.00,99.00,999,1015.9,27.1,999.0,999.0,99.0,99.00,
2020,09,07,20,00,55,7.7,8.5,99.00,99.00,99.00,999,1015.4,27.5,999.0,999.0,99.0,99.00,
2020,09,07,21,00,58,5.8,6.5,99.00,99.00,99.00,999,1014.6,27.9,999.0,999.0,99.0,99.00,
2020,09,07,22,00,59,5.7,6.6,99.00,99.00,99.00,999,1014.5,27.2,999.0,999.0,99.0,99.00,
2020,09,07,23,00,62,6.6,7.5,99.00,99.00,99.00,999,1014.6,27.1,999.0,999.0,99.0,99.00,
2020,09,08,00,00,65,7.0,7.6,99.00,99.00,99.00,999,1015.0,27.0,999.0,999.0,99.0,99.00,
2020,09,08,01,00,40,6.3,7.2,99.00,99.00,99.00,999,1015.4,27.0,999.0,999.0,99.0,99.00,
2020,09,08,02,00,39,6.5,7.3,99.00,99.00,99.00,999,1015.7,26.9,999.0,999.0,99.0,99.00,
2020,09,08,03,00,30,6.5,8.1,99.00,99.00,99.00,999,1016.0,26.9,999.0,999.0,99.0,99.00,
2020,09,08,04,00,32,6.0,7.1,99.00,99.00,99.00,999,1016.1,26.3,999.0,999.0,99.0,99.00,
2020,09,08,05,00,29,5.7,6.3,99.00,99.00,99.00,999,1016.3,26.2,999.0,999.0,99.0,99.00,
2020,09,08,06,00,24,5.3,6.3,99.00,99.00,99.00,999,1015.7,26.0,999.0,999.0,99.0,99.00,
2020,09,08,07,00,15,4.8,5.5,99.00,99.00,99.00,999,1014.9,25.3,999.0,999.0,99.0,99.00,
2020,09,08,08,00,31,4.7,5.5,99.00,99.00,99.00,999,1014.3,25.3,999.0,999.0,99.0,99.00,
2020,09,08,09,00,26,5.1,6.0,99.00,99.00,99.00,999,1014.6,25.3,999.0,999.0,99.0,99.00,
2020,09,08,10,00,9,5.9,6.6,99.00,99.00,99.00,999,1014.9,23.7,999.0,999.0,99.0,99.00,
2020,09,08,11,00,10,5.4,6.2,99.00,99.00,99.00,999,1015.3,23.4,999.0,999.0,99.0,99.00,
2020,09,08,12,00,16,5.0,5.6,99.00,99.00,99.00,999,1015.7,23.7,999.0,999.0,99.0,99.00,
2020,09,08,13,00,359,4.3,6.4,99.00,99.00,99.00,999,1015.9,24.4,999.0,999.0,99.0,99.00,
2020,09,08,14,00,26,7.5,9.1,99.00,99.00,99.00,999,1016.5,25.3,999.0,999.0,99.0,99.00,
2020,09,08,15,00,18,6.9,8.5,99.00,99.00,99.00,999,1016.6,25.6,999.0,999.0,99.0,99.00,
2020,09,08,16,00,31,7.1,7.8,99.00,99.00,99.00,999,1017.1,25.7,999.0,999.0,99.0,99.00,
2020,09,08,17,00,28,4.9,5.4,99.00,99.00,99.00,999,1017.0,25.2,999.0,999.0,99.0,99.00,
2020,09,08,18,00,25,4.9,6.1,99.00,99.00,99.00,999,1016.5,25.9,999.0,999.0,99.0,99.00,
2020,09,08,19,00,55,6.9,7.6,99.00,99.00,99.00,999,1016.3,25.5,999.0,999.0,99.0,99.00,
2020,09,08,20,00,24,6.2,7.7,99.00,99.00,99.00,999,1015.5,25.4,999.0,999.0,99.0,99.00,
2020,09,08,21,00,33,6.7,7.4,99.00,99.00,99.00,999,1015.8,26.0,999.0,999.0,99.0,99.00,
2020,09,08,22,00,25,8.0,9.1,99.00,99.00,99.00,999,1015.0,25.1,999.0,999.0,99.0,99.00,
2020,09,08,23,00,26,7.0,8.5,99.00,99.00,99.00,999,1015.5,25.5,999.0,999.0,99.0,99.00,
2020,09,09,00,00,61,9.1,10.7,99.00,99.00,99.00,999,1015.6,25.5,999.0,999.0,99.0,99.00,
2020,09,09,01,00,67,9.8,11.0,99.00,99.00,99.00,999,1016.4,25.7,999.0,999.0,99.0,99.00,
2020,09,09,02,00,31,7.0,8.6,99.00,99.00,99.00,999,1016.7,25.1,999.0,999.0,99.0,99.00,
2020,09,09,03,00,17,5.9,6.9,99.00,99.00,99.00,999,1016.3,24.6,999.0,999.0,99.0,99.00,
2020,09,09,04,00,68,4.4,5.3,99.00,99.00,99.00,999,1016.3,24.1,999.0,999.0,99.0,99.00,
2020,09,09,05,00,88,4.0,4.4,99.00,99.00,99.00,999,1016.4,23.8,999.0,999.0,99.0,99.00,
2020,09,09,06,00,77,6.9,7.6,99.00,99.00,99.00,999,1016.0,24.6,999.0,999.0,99.0,99.00,
2020,09,09,07,00,67,8.6,9.7,99.00,99.00,99.00,999,1015.5,25.0,999.0,999.0,99.0,99.00,
2020,09,09,08,00,41,7.4,8.4,99.00,99.00,99.00,999,1015.3,25.6,999.0,999.0,99.0,99.00,
2020,09,09,09,00,49,9.3,10.0,99.00,99.00,99.00,999,1015.5,25.9,999.0,999.0,99.0,99.00,
2020,09,09,10,00,26,6.8,8.2,99.00,99.00,99.00,999,1015.9,25.9,999.0,999.0,99.0,99.00,
2020,09,09,11,00,27,6.4,7.8,99.00,99.00,99.00,999,1016.6,24.4,999.0,999.0,99.0,99.00,
2020,09,09,12,00,27,6.6,7.5,99.00,99.00,99.00,999,1017.2,24.7,999.0,999.0,99.0,99.00,
2020,09,09,13,00,19,5.8,6.6,99.00,99.00,99.00,999,1017.3,24.5,999.0,999.0,99.0,99.00,
2020,09,09,14,00,11,7.1,8.0,99.00,99.00,99.00,999,1018.1,24.6,999.0,999.0,99.0,99.00,
2020,09,09,15,00,12,5.2,5.8,99.00,99.00,99.00,999,1018.7,25.7,999.0,999.0,99.0,99.00,
2020,09,09,16,00,27,8.0,9.3,99.00,99.00,99.00,999,1018.9,26.2,999.0,999.0,99.0,99.00,
2020,09,09,17,00,28,6.7,7.8,99.00,99.00,99.00,999,1018.6,26.1,999.0,999.0,99.0,99.00,
2020,09,09,18,00,47,8.4,9.2,99.00,99.00,99.00,999,1018.9,26.2,999.0,999.0,99.0,99.00,
2020,09,09,19,00,46,7.8,8.3,99.00,99.00,99.00,999,1018.2,26.2,999.0,999.0,99.0,99.00,
2020,09,09,20,00,41,6.4,7.3,99.00,99.00,99.00,999,1017.5,26.5,999.0,999.0,99.0,99.00,
2020,09,09,21,00,47,6.1,6.6,99.00,99.00,99.00,999,1017.6,27.1,999.0,999.0,99.0,99.00,
2020,09,09,22,00,44,6.0,6.7,99.00,99.00,99.00,999,1018.2,27.2,999.0,999.0,99.0,99.00,
2020,09,09,23,00,55,6.4,7.1,99.00,99.00,99.00,999,1018.1,27.2,999.0,999.0,99.0,99.00,
2020,09,10,00,00,47,5.5,6.2,99.00,99.00,99.00,999,1018.2,27.2,999.0,999.0,99.0,99.00,
2020,09,10,01,00,45,4.8,5.5,99.00,99.00,99.00,999,1019.0,27.3,999.0,999.0,99.0,99.00,
2020,09,10,02,00,43,5.6,6.2,99.00,99.00,99.00,999,1019.7,27.1,999.0,999.0,99.0,99.00,
2020,09,10,03,00,22,4.1,4.6,99.00,99.00,99.00,999,1019.9,26.5,999.0,999.0,99.0,99.00,
2020,09,10,04,00,20,3.1,3.8,99.00,99.00,99.00,999,1020.0,26.5,999.0,999.0,99.0,99.00,
2020,09,10,05,00,18,2.9,3.3,99.00,99.00,99.00,999,1019.8,26.3,999.0,999.0,99.0,99.00,
2020,09,10,06,00,24,3.6,4.4,99.00,99.00,99.00,999,1019.8,25.8,999.0,999.0,99.0,99.00,
2020,09,10,07,00,29,3.7,4.3,99.00,99.00,99.00,999,1019.7,25.6,999.0,999.0,99.0,99.00,
2020,09,10,08,00,25,3.2,3.7,99.00,99.00,99.00,999,1019.4,25.4,999.0,999.0,99.0,99.00,
2020,09,10,09,00,43,3.6,4.0,99.00,99.00,99.00,999,1019.6,25.3,999.0,999.0,99.0,99.00,
2020,09,10,10,00,342,2.3,2.8,99.00,99.00,99.00,999,1019.6,24.9,999.0,999.0,99.0,99.00,
2020,09,10,11,00,1,2.6,3.2,99.00,99.00,99.00,999,1020.2,24.7,999.0,999.0,99.0,99.00,
2020,09,10,12,00,351,2.6,3.5,99.00,99.00,99.00,999,1020.4,24.8,999.0,999.0,99.0,99.00,
2020,09,10,13,00,348,2.6,3.8,99.00,99.00,99.00,999,1020.3,24.9,999.0,999.0,99.0,99.00,
2020,09,10,14,00,354,2.6,3.4,99.00,99.00,99.00,999,1020.9,25.3,999.0,999.0,99.0,99.00,
2020,09,10,15,00,31,1.9,2.3,99.00,99.00,99.00,999,1021.1,26.1,999.0,999.0,99.0,99.00,
2020,09,10,16,00,68,3.2,3.6,99.00,99.00,99.00,999,1021.0,27.1,999.0,999.0,99.0,99.00,
2020,09,10,17,00,84,2.7,2.9,99.00,99.00,99.00,999,1020.7,27.4,999.0,999.0,99.0,99.00,
2020,09,10,18,00,84,4.3,4.8,99.00,99.00,99.00,999,1020.6,27.9,999.0,999.0,99.0,99.00,
2020,09,10,19,00,86,4.7,5.4,99.00,99.00,99.00,999,1020.3,28.1,999.0,999.0,99.0,99.00,
2020,09,10,20,00,78,5.9,6.4,99.00,99.00,99.00,999,1019.5,28.1,999.0,999.0,99.0,99.00,
2020,09,10,21,00,78,5.0,5.4,99.00,99.00,99.00,999,1019.4,28.0,999.0,999.0,99.0,99.00,
2020,09,10,22,00,67,3.9,4.4,99.00,99.00,99.00,999,1019.4,27.9,999.0,999.0,99.0,99.00,
2020,09,10,23,00,59,4.1,4.5,99.00,99.00,99.00,999,1019.1,27.6,999.0,999.0,99.0,99.00,
2020,09,11,00,00,62,4.5,4.8,99.00,99.00,99.00,999,1019.2,27.5,999.0,999.0,99.0,99.00,
2020,09,11,01,00,56,3.6,3.9,99.00,99.00,99.00,999,1019.7,27.5,999.0,999.0,99.0,99.00,
2020,09,11,02,00,46,4.3,4.6,99.00,99.00,99.00,999,1019.8,27.4,999.0,999.0,99.0,99.00,
2020,09,11,03,00,49,4.5,5.0,99.00,99.00,99.00,999,1019.7,27.4,999.0,999.0,99.0,99.00,
2020,09,11,04,00,41,4.3,4.7,99.00,99.00,99.00,999,1019.6,27.1,999.0,999.0,99.0,99.00,
2020,09,11,05,00,26,3.8,4.4,99.00,99.00,99.00,999,1019.1,27.0,999.0,999.0,99.0,99.00,
2020,09,11,06,00,38,4.7,5.0,99.00,99.00,99.00,999,1018.5,26.9,999.0,999.0,99.0,99.00,
2020,09,11,07,00,34,4.1,4.6,99.00,99.00,99.00,999,1018.2,27.1,999.0,999.0,99.0,99.00,
2020,09,11,08,00,44,4.0,4.5,99.00,99.00,99.00,999,1017.9,27.2,999.0,999.0,99.0,99.00,
2020,09,11,09,00,28,3.9,4.4,99.00,99.00,99.00,999,1017.6,27.2,999.0,999.0,99.0,99.00,
2020,09,11,10,00,31,3.4,3.9,99.00,99.00,99.00,999,1017.6,26.8,999.0,999.0,99.0,99.00,
2020,09,11,11,00,40,4.9,5.4,99.00,99.00,99.00,999,1018.1,26.6,999.0,999.0,99.0,99.00,
2020,09,11,12,00,30,4.8,5.2,99.00,99.00,99.00,999,1018.5,27.0,999.0,999.0,99.0,99.00,
2020,09,11,13,00,46,4.6,4.9,99.00,99.00,99.00,999,1018.5,27.2,999.0,999.0,99.0,99.00,
2020,09,11,14,00,42,4.6,5.1,99.00,99.00,99.00,999,1018.7,27.9,999.0,999.0,99.0,99.00,
2020,09,11,15,00,48,4.2,4.8,99.00,99.00,99.00,999,1018.9,28.4,999.0,999.0,99.0,99.00,
2020,09,11,16,00,48,4.8,5.3,99.00,99.00,99.00,999,1018.8,28.5,999.0,999.0,99.0,99.00,
2020,09,11,17,00,53,4.3,4.9,99.00,99.00,99.00,999,1018.2,29.3,999.0,999.0,99.0,99.00,
2020,09,11,18,00,76,4.2,4.9,99.00,99.00,99.00,999,1018.0,29.6,999.0,999.0,99.0,99.00,
2020,09,11,19,00,72,4.3,4.8,99.00,99.00,99.00,999,1017.3,29.6,999.0,999.0,99.0,99.00,
2020,09,11,20,00,69,4.3,4.9,99.00,99.00,99.00,999,1016.9,29.3,999.0,999.0,99.0,99.00,
2020,09,11,21,00,72,5.0,5.5,99.00,99.00,99.00,999,1016.5,29.1,999.0,999.0,99.0,99.00,
2020,09,11,22,00,83,5.1,5.5,99.00,99.00,99.00,999,1016.1,28.7,999.0,999.0,99.0,99.00,
2020,09,11,23,00,86,4.6,5.0,99.00,99.00,99.00,999,1016.5,28.6,999.0,999.0,99.0,99.00,
2020,09,12,00,00,92,4.7,5.4,99.00,99.00,99.00,999,1016.8,28.5,999.0,999.0,99.0,99.00,
2020,09,12,01,00,89,4.7,5.4,99.00,99.00,99.00,999,1017.1,28.3,999.0,999.0,99.0,99.00,
2020,09,12,02,00,85,4.5,4.7,99.00,99.00,99.00,999,1017.3,28.1,999.0,999.0,99.0,99.00,
2020,09,12,03,00,89,4.7,5.1,99.00,99.00,99.00,999,1017.3,27.9,999.0,999.0,99.0,99.00,
2020,09,12,04,00,89,5.2,5.8,99.00,99.00,99.00,999,1017.1,28.1,999.0,999.0,99.0,99.00,
2020,09,12,05,00,83,6.4,6.9,99.00,99.00,99.00,999,1016.8,27.9,999.0,999.0,99.0,99.00,
2020,09,12,06,00,88,5.6,6.2,99.00,99.00,99.00,999,1016.4,28.0,999.0,999.0,99.0,99.00,
2020,09,12,07,00,83,5.6,6.1,99.00,99.00,99.00,999,1016.2,27.9,999.0,999.0,99.0,99.00,
2020,09,12,08,00,80,5.7,6.2,99.00,99.00,99.00,999,1016.1,27.9,999.0,999.0,99.0,99.00,
2020,09,12,09,00,77,5.0,5.4,99.00,99.00,99.00,999,1016.0,27.8,999.0,999.0,99.0,99.00,
2020,09,12,10,00,48,1.9,2.6,99.00,99.00,99.00,999,1016.2,27.0,999.0,999.0,99.0,99.00,
2020,09,12,11,00,30,4.6,5.1,99.00,99.00,99.00,999,1016.6,26.0,999.0,999.0,99.0,99.00,
2020,09,12,12,00,19,5.1,6.3,99.00,99.00,99.00,999,1016.8,26.3,999.0,999.0,99.0,99.00,
2020,09,12,13,00,34,6.1,7.1,99.00,99.00,99.00,999,1017.4,26.9,999.0,999.0,99.0,99.00,
2020,09,12,14,00,45,8.0,8.7,99.00,99.00,99.00,999,1017.8,27.3,999.0,999.0,99.0,99.00,
2020,09,12,15,00,49,8.2,9.5,99.00,99.00,99.00,999,1018.2,27.7,999.0,999.0,99.0,99.00,
2020,09,12,16,00,46,8.4,9.3,99.00,99.00,99.00,999,1018.2,27.7,999.0,999.0,99.0,99.00,
2020,09,12,17,00,51,6.3,7.0,99.00,99.00,99.00,999,1017.7,28.3,999.0,999.0,99.0,99.00,
2020,09,12,18,00,54,9.2,10.0,99.00,99.00,99.00,999,1017.4,28.6,999.0,999.0,99.0,99.00,
2020,09,12,19,00,60,8.5,9.4,99.00,99.00,99.00,999,1016.9,28.4,999.0,999.0,99.0,99.00,
2020,09,12,20,00,62,8.1,8.9,99.00,99.00,99.00,999,1016.4,28.5,999.0,999.0,99.0,99.00,
2020,09,12,21,00,63,8.5,9.4,99.00,99.00,99.00,999,1016.2,28.1,999.0,999.0,99.0,99.00,
2020,09,12,22,00,57,7.6,8.7,99.00,99.00,99.00,999,1015.9,27.5,999.0,999.0,99.0,99.00,
2020,09,12,23,00,51,8.4,9.3,99.00,99.00,99.00,999,1016.1,27.6,999.0,999.0,99.0,99.00,
2020,09,13,00,00,58,8.4,9.6,99.00,99.00,99.00,999,1016.4,27.6,999.0,999.0,99.0,99.00,
2020,09,13,01,00,53,9.1,10.8,99.00,99.00,99.00,999,1017.0,27.6,999.0,999.0,99.0,99.00,
2020,09,13,02,00,56,8.3,9.4,99.00,99.00,99.00,999,1017.3,27.7,999.0,999.0,99.0,99.00,
2020,09,13,03,00,61,9.8,10.9,99.00,99.00,99.00,999,1017.2,27.4,999.0,999.0,99.0,99.00,
2020,09,13,04,00,58,9.3,10.5,99.00,99.00,99.00,999,1017.3,27.2,999.0,999.0,99.0,99.00,
2020,09,13,05,00,62,8.9,10.1,99.00,99.00,99.00,999,1017.1,27.3,999.0,999.0,99.0,99.00,
2020,09,13,06,00,64,10.2,11.2,99.00,99.00,99.00,999,1017.3,27.2,999.0,999.0,99.0,99.00,
2020,09,13,07,00,59,10.2,11.2,99.00,99.00,99.00,999,1016.7,27.0,999.0,999.0,99.0,99.00,
2020,09,13,08,00,45,10.2,11.6,99.00,99.00,99.00,999,1016.5,26.8,999.0,999.0,99.0,99.00,
2020,09,13,09,00,52,8.4,9.5,99.00,99.00,99.00,999,1016.3,26.5,999.0,999.0,99.0,99.00,
2020,09,13,10,00,51,8.9,10.2,99.00,99.00,99.00,999,1016.8,26.4,999.0,999.0,99.0,99.00,
2020,09,13,11,00,31,7.2,8.7,99.00,99.00,99.00,999,1016.9,25.3,999.0,999.0,99.0,99.00,
2020,09,13,12,00,35,5.8,6.6,99.00,99.00,99.00,999,1016.9,24.9,999.0,999.0,99.0,99.00,
2020,09,13,13,00,22,5.0,5.9,99.00,99.00,99.00,999,1017.4,24.8,999.0,999.0,99.0,99.00,
2020,09,13,14,00,34,6.0,7.2,99.00,99.00,99.00,999,1017.7,25.4,999.0,999.0,99.0,99.00,
2020,09,13,15,00,34,6.1,6.8,99.00,99.00,99.00,999,1018.0,25.8,999.0,999.0,99.0,99.00,
2020,09,13,16,00,35,4.5,5.2,99.00,99.00,99.00,999,1018.0,26.5,999.0,999.0,99.0,99.00,
2020,09,13,17,00,64,5.5,6.1,99.00,99.00,99.00,999,1017.8,26.9,999.0,999.0,99.0,99.00,
2020,09,13,18,00,57,5.5,6.3,99.00,99.00,99.00,999,1017.3,27.0,999.0,999.0,99.0,99.00,
2020,09,13,19,00,63,5.2,6.2,99.00,99.00,99.00,999,1016.8,27.4,999.0,999.0,99.0,99.00,
2020,09,13,20,00,78,5.3,5.8,99.00,99.00,99.00,999,1016.3,27.3,999.0,999.0,99.0,99.00,
2020,09,13,21,00,80,4.5,4.8,99.00,99.00,99.00,999,1016.4,27.4,999.0,999.0,99.0,99.00,
2020,09,13,22,00,84,4.1,4.9,99.00,99.00,99.00,999,1016.7,27.5,999.0,999.0,99.0,99.00,
2020,09,13,23,00,91,4.6,5.1,99.00,99.00,99.00,999,1016.7,27.3,999.0,999.0,99.0,99.00,
2020,09,14,00,00,82,3.8,4.2,99.00,99.00,99.00,999,1016.9,27.1,999.0,999.0,99.0,99.00,
2020,09,14,01,00,97,4.1,4.7,99.00,99.00,99.00,999,1017.5,27.3,999.0,999.0,99.0,99.00,
2020,09,14,02,00,85,3.6,4.2,99.00,99.00,99.00,999,1018.0,27.5,999.0,999.0,99.0,99.00,
2020,09,14,03,00,59,3.0,3.2,99.00,99.00,99.00,999,1018.2,27.3,999.0,999.0,99.0,99.00,
2020,09,14,04,00,47,2.1,2.4,99.00,99.00,99.00,999,1018.2,27.2,999.0,999.0,99.0,99.00,
2020,09,14,05,00,67,2.9,3.2,99.00,99.00,99.00,999,1017.4,27.1,999.0,999.0,99.0,99.00,
2020,09,14,06,00,61,3.1,3.4,99.00,99.00,99.00,999,1017.0,27.0,999.0,999.0,99.0,99.00,
2020,09,14,07,00,78,1.3,1.6,99.00,99.00,99.00,999,1016.9,26.9,999.0,999.0,99.0,99.00,
2020,09,14,08,00,292,1.0,1.1,99.00,99.00,99.00,999,1017.1,26.0,999.0,999.0,99.0,99.00,
2020,09,14,09,00,355,2.7,3.2,99.00,99.00,99.00,999,1017.1,25.8,999.0,999.0,99.0,99.00,
2020,09,14,10,00,347,2.1,2.8,99.00,99.00,99.00,999,1017.5,25.3,999.0,999.0,99.0,99.00,
2020,09,14,11,00,339,3.0,3.9,99.00,99.00,99.00,999,1017.9,25.2,999.0,999.0,99.0,99.00,
2020,09,14,12,00,355,3.4,4.3,99.00,99.00,99.00,999,1018.1,25.4,999.0,999.0,99.0,99.00,
2020,09,14,13,00,13,4.8,5.4,99.00,99.00,99.00,999,1018.8,26.7,999.0,999.0,99.0,99.00,
2020,09,14,14,00,15,5.8,6.8,99.00,99.00,99.00,999,1019.0,27.3,999.0,999.0,99.0,99.00,
2020,09,14,15,00,17,3.9,4.9,99.00,99.00,99.00,999,1019.0,28.2,999.0,999.0,99.0,99.00,
2020,09,14,16,00,0,3.0,4.7,99.00,99.00,99.00,999,1018.9,28.9,999.0,999.0,99.0,99.00,
2020,09,14,17,00,97,3.2,3.8,99.00,99.00,99.00,999,1018.7,29.2,999.0,999.0,99.0,99.00,
2020,09,14,18,00,79,4.6,5.1,99.00,99.00,99.00,999,1018.3,29.2,999.0,999.0,99.0,99.00,
2020,09,14,19,00,94,6.4,7.2,99.00,99.00,99.00,999,1018.1,28.7,999.0,999.0,99.0,99.00,
2020,09,14,20,00,85,6.2,6.8,99.00,99.00,99.00,999,1017.7,28.4,999.0,999.0,99.0,99.00,
2020,09,14,21,00,89,6.6,7.0,99.00,99.00,99.00,999,1017.6,28.2,999.0,999.0,99.0,99.00,
2020,09,14,22,00,85,6.8,7.6,99.00,99.00,99.00,999,1017.5,27.8,999.0,999.0,99.0,99.00,
2020,09,14,23,00,84,5.8,6.4,99.00,99.00,99.00,999,1017.5,27.8,999.0,999.0,99.0,99.00,
2020,09,15,00,00,89,6.4,7.0,99.00,99.00,99.00,999,1017.9,27.6,999.0,999.0,99.0,99.00,
2020,09,15,01,00,56,5.1,5.8,99.00,99.00,99.00,999,1018.3,27.7,999.0,999.0,99.0,99.00,
2020,09,15,02,00,57,5.4,6.0,99.00,99.00,99.00,999,1019.1,27.9,999.0,999.0,99.0,99.00,
2020,09,15,03,00,64,5.6,6.3,99.00,99.00,99.00,999,1019.3,27.7,999.0,999.0,99.0,99.00,
2020,09,15,04,00,63,6.6,7.7,99.00,99.00,99.00,999,1019.4,28.0,999.0,999.0,99.0,99.00,
2020,09,15,05,00,9,5.7,6.7,99.00,99.00,99.00,999,1019.6,26.4,999.0,999.0,99.0,99.00,
2020,09,15,06,00,23,7.9,8.8,99.00,99.00,99.00,999,1019.2,25.7,999.0,999.0,99.0,99.00,
2020,09,15,07,00,34,9.6,10.7,99.00,99.00,99.00,999,1018.8,25.7,999.0,999.0,99.0,99.00,
2020,09,15,08,00,54,7.3,8.6,99.00,99.00,99.00,999,1019.2,24.8,999.0,999.0,99.0,99.00,
2020,09,15,09,00,16,7.3,8.4,99.00,99.00,99.00,999,1019.1,24.6,999.0,999.0,99.0,99.00,
2020,09,15,10,00,18,8.1,9.4,99.00,99.00,99.00,999,1019.4,24.2,999.0,999.0,99.0,99.00,
2020,09,15,11,00,20,6.9,8.7,99.00,99.00,99.00,999,1019.7,23.9,999.0,999.0,99.0,99.00,
2020,09,15,12,00,23,8.3,10.0,99.00,99.00,99.00,999,1020.5,23.8,999.0,999.0,99.0,99.00,
2020,09,15,13,00,24,9.8,12.1,99.00,99.00,99.00,999,1020.4,24.3,999.0,999.0,99.0,99.00,
2020,09,15,14,00,26,10.0,11.5,99.00,99.00,99.00,999,1021.2,24.4,999.0,999.0,99.0,99.00,
2020,09,15,15,00,30,11.1,12.6,99.00,99.00,99.00,999,1021.7,24.9,999.0,999.0,99.0,99.00,
2020,09,15,16,00,35,10.4,11.6,99.00,99.00,99.00,999,1021.2,25.3,999.0,999.0,99.0,99.00,
2020,09,15,17,00,37,11.4,13.7,99.00,99.00,99.00,999,1020.8,25.6,999.0,999.0,99.0,99.00,
2020,09,15,18,00,38,10.8,12.7,99.00,99.00,99.00,999,1020.7,25.6,999.0,999.0,99.0,99.00,
2020,09,15,19,00,41,11.4,12.5,99.00,99.00,99.00,999,1020.2,25.6,999.0,999.0,99.0,99.00,
2020,09,15,20,00,38,10.9,12.4,99.00,99.00,99.00,999,1019.5,25.7,999.0,999.0,99.0,99.00,
2020,09,15,21,00,52,10.9,12.1,99.00,99.00,99.00,999,1019.8,26.0,999.0,999.0,99.0,99.00,
2020,09,15,22,00,40,11.8,13.3,99.00,99.00,99.00,999,1019.6,25.9,999.0,999.0,99.0,99.00,
2020,09,15,23,00,36,10.3,12.3,99.00,99.00,99.00,999,1019.8,26.1,999.0,999.0,99.0,99.00,
2020,09,16,00,00,37,9.6,11.3,99.00,99.00,99.00,999,1019.6,26.1,999.0,999.0,99.0,99.00,
2020,09,16,01,00,28,9.5,10.8,99.00,99.00,99.00,999,1019.7,25.7,999.0,999.0,99.0,99.00,
2020,09,16,02,00,23,8.3,9.7,99.00,99.00,99.00,999,1019.9,25.4,999.0,999.0,99.0,99.00,
2020,09,16,03,00,19,8.2,9.0,99.00,99.00,99.00,999,1019.7,24.6,999.0,999.0,99.0,99.00,
2020,09,16,04,00,26,9.3,10.7,99.00,99.00,99.00,999,1019.5,24.2,999.0,999.0,99.0,99.00,
2020,09,16,05,00,13,8.2,10.4,99.00,99.00,99.00,999,1019.3,23.9,999.0,999.0,99.0,99.00,
2020,09,16,06,00,9,7.9,9.6,99.00,99.00,99.00,999,1018.9,23.3,999.0,999.0,99.0,99.00,
2020,09,16,07,00,11,7.3,8.9,99.00,99.00,99.00,999,1018.3,22.9,999.0,999.0,99.0,99.00,
2020,09,16,08,00,10,8.5,9.8,99.00,99.00,99.00,999,1017.5,22.6,999.0,999.0,99.0,99.00,
2020,09,16,09,00,19,8.8,10.5,99.00,99.00,99.00,999,1017.1,22.7,999.0,999.0,99.0,99.00,
2020,09,16,10,00,16,9.1,11.0,99.00,99.00,99.00,999,1016.7,22.7,999.0,999.0,99.0,99.00,
2020,09,16,11,00,20,9.2,10.5,99.00,99.00,99.00,999,1017.2,22.5,999.0,999.0,99.0,99.00,
2020,09,16,12,00,22,8.5,9.7,99.00,99.00,99.00,999,1017.6,22.5,999.0,999.0,99.0,99.00,
2020,09,16,13,00,27,8.7,9.8,99.00,99.00,99.00,999,1017.6,22.8,999.0,999.0,99.0,99.00,
2020,09,16,14,00,18,7.6,8.5,99.00,99.00,99.00,999,1017.5,23.1,999.0,999.0,99.0,99.00,
2020,09,16,15,00,30,10.9,12.5,99.00,99.00,99.00,999,1017.3,24.0,999.0,999.0,99.0,99.00,
2020,09,16,16,00,80,8.2,9.3,99.00,99.00,99.00,999,1016.9,26.5,999.0,999.0,99.0,99.00,
2020,09,16,17,00,86,3.3,4.2,99.00,99.00,99.00,999,1016.5,24.9,999.0,999.0,99.0,99.00,
2020,09,16,18,00,94,9.1,10.3,99.00,99.00,99.00,999,1015.8,26.0,999.0,999.0,99.0,99.00,
2020,09,16,19,00,78,7.5,9.2,99.00,99.00,99.00,999,1015.4,26.0,999.0,999.0,99.0,99.00,
2020,09,16,20,00,111,8.3,9.3,99.00,99.00,99.00,999,1015.5,26.1,999.0,999.0,99.0,99.00,
2020,09,16,21,00,111,4.7,5.1,99.00,99.00,99.00,999,1015.5,25.4,999.0,999.0,99.0,99.00,
2020,09,16,22,00,348,3.0,4.3,99.00,99.00,99.00,999,1015.7,24.7,999.0,999.0,99.0,99.00,
2020,09,16,23,00,35,3.0,3.8,99.00,99.00,99.00,999,1015.4,25.3,999.0,999.0,99.0,99.00,
2020,09,17,00,00,46,4.1,4.5,99.00,99.00,99.00,999,1015.8,25.7,999.0,999.0,99.0,99.00,
2020,09,17,01,00,43,3.8,4.2,99.00,99.00,99.00,999,1015.9,25.9,999.0,999.0,99.0,99.00,
2020,09,17,02,00,96,4.6,5.3,99.00,99.00,99.00,999,1016.5,26.8,999.0,999.0,99.0,99.00,
2020,09,17,03,00,179,1.9,2.8,99.00,99.00,99.00,999,1016.2,25.4,999.0,999.0,99.0,99.00,
2020,09,17,04,00,95,4.2,4.9,99.00,99.00,99.00,999,1015.4,26.7,999.0,999.0,99.0,99.00,
2020,09,17,05,00,107,5.8,6.5,99.00,99.00,99.00,999,1014.6,27.0,999.0,999.0,99.0,99.00,
2020,09,17,06,00,101,5.7,6.4,99.00,99.00,99.00,999,1013.9,27.2,999.0,999.0,99.0,99.00,
2020,09,17,07,00,116,5.8,6.5,99.00,99.00,99.00,999,1013.4,27.1,999.0,999.0,99.0,99.00,
2020,09,17,08,00,104,7.6,8.2,99.00,99.00,99.00,999,1012.5,27.1,999.0,999.0,99.0,99.00,
2020,09,17,09,00,120,4.4,4.9,99.00,99.00,99.00,999,1012.0,26.3,999.0,999.0,99.0,99.00,
2020,09,17,10,00,110,4.8,5.4,99.00,99.00,99.00,999,1011.6,25.7,999.0,999.0,99.0,99.00,
2020,09,17,11,00,130,9.3,10.3,99.00,99.00,99.00,999,1011.4,27.0,999.0,999.0,99.0,99.00,
2020,09,17,12,00,140,8.7,9.7,99.00,99.00,99.00,999,1011.6,27.6,999.0,999.0,99.0,99.00,
2020,09,17,13,00,156,8.9,10.4,99.00,99.00,99.00,999,1011.2,27.9,999.0,999.0,99.0,99.00,
2020,09,17,14,00,162,10.2,11.3,99.00,99.00,99.00,999,1011.3,28.1,999.0,999.0,99.0,99.00,
2020,09,17,15,00,174,11.8,13.4,99.00,99.00,99.00,999,1011.4,28.1,999.0,999.0,99.0,99.00,
2020,09,17,16,00,169,11.1,13.0,99.00,99.00,99.00,999,1010.3,28.0,999.0,999.0,99.0,99.00,
2020,09,17,17,00,171,10.9,12.2,99.00,99.00,99.00,999,1009.5,28.3,999.0,999.0,99.0,99.00,
2020,09,17,18,00,175,12.1,14.1,99.00,99.00,99.00,999,1008.3,28.2,999.0,999.0,99.0,99.00,
2020,09,17,19,00,176,13.8,14.9,99.00,99.00,99.00,999,1007.3,28.2,999.0,999.0,99.0,99.00,
2020,09,17,20,00,183,12.9,14.8,99.00,99.00,99.00,999,1007.0,28.2,999.0,999.0,99.0,99.00,
2020,09,17,21,00,188,10.3,12.0,99.00,99.00,99.00,999,1006.9,27.0,999.0,999.0,99.0,99.00,
2020,09,17,22,00,188,12.4,14.2,99.00,99.00,99.00,999,1006.8,27.2,999.0,999.0,99.0,99.00,
2020,09,17,23,00,193,12.3,14.0,99.00,99.00,99.00,999,1006.7,28.0,999.0,999.0,99.0,99.00,
2020,09,18,00,00,184,10.8,13.7,99.00,99.00,99.00,999,1006.4,27.7,999.0,999.0,99.0,99.00,
2020,09,18,01,00,188,10.7,11.8,99.00,99.00,99.00,999,1007.0,27.7,999.0,999.0,99.0,99.00,
2020,09,18,02,00,201,9.5,12.1,99.00,99.00,99.00,999,1007.4,27.7,999.0,999.0,99.0,99.00,
2020,09,18,03,00,257,3.2,4.1,99.00,99.00,99.00,999,1008.1,24.9,999.0,999.0,99.0,99.00,
2020,09,18,04,00,214,5.9,6.6,99.00,99.00,99.00,999,1007.9,25.3,999.0,999.0,99.0,99.00,
2020,09,18,05,00,257,2.4,3.2,99.00,99.00,99.00,999,1007.6,25.2,999.0,999.0,99.0,99.00,
2020,09,18,06,00,241,1.5,2.0,99.00,99.00,99.00,999,1007.6,24.9,999.0,999.0,99.0,99.00,
2020,09,18,07,00,236,2.6,3.3,99.00,99.00,99.00,999,1007.4,24.8,999.0,999.0,99.0,99.00,
2020,09,18,08,00,250,2.7,4.2,99.00,99.00,99.00,999,1007.4,24.2,999.0,999.0,99.0,99.00,
2020,09,18,09,00,244,4.0,5.9,99.00,99.00,99.00,999,1007.5,23.7,999.0,999.0,99.0,99.00,
2020,09,18,10,00,255,2.4,3.7,99.00,99.00,99.00,999,1007.8,23.5,999.0,999.0,99.0,99.00,
2020,09,18,11,00,249,2.3,3.0,99.00,99.00,99.00,999,1008.2,23.4,999.0,999.0,99.0,99.00,
2020,09,18,12,00,261,2.9,4.6,99.00,99.00,99.00,999,1008.7,23.9,999.0,999.0,99.0,99.00,
2020,09,18,13,00,273,2.2,3.2,99.00,99.00,99.00,999,1008.8,24.3,999.0,999.0,99.0,99.00,
2020,09,18,14,00,291,2.7,4.2,99.00,99.00,99.00,999,1009.8,24.5,999.0,999.0,99.0,99.00,
2020,09,18,15,00,313,1.3,2.1,99.00,99.00,99.00,999,1010.2,24.9,999.0,999.0,99.0,99.00,
2020,09,18,16,00,330,2.5,3.4,99.00,99.00,99.00,999,1010.5,24.2,999.0,999.0,99.0,99.00,
2020,09,18,17,00,340,5.7,7.7,99.00,99.00,99.00,999,1010.4,24.9,999.0,999.0,99.0,99.00,
2020,09,18,18,00,345,5.7,6.9,99.00,99.00,99.00,999,1010.2,24.7,999.0,999.0,99.0,99.00,
2020,09,18,19,00,344,6.7,8.6,99.00,99.00,99.00,999,1010.3,24.4,999.0,999.0,99.0,99.00,
2020,09,18,20,00,346,7.1,8.6,99.00,99.00,99.00,999,1010.7,24.0,999.0,999.0,99.0,99.00,
2020,09,18,21,00,351,6.6,9.5,99.00,99.00,99.00,999,1011.0,24.0,999.0,999.0,99.0,99.00,
2020,09,18,22,00,7,8.2,9.8,99.00,99.00,99.00,999,1011.9,23.6,999.0,999.0,99.0,99.00,
2020,09,18,23,00,0,6.4,9.1,99.00,99.00,99.00,999,1012.6,23.6,999.0,999.0,99.0,99.00,
2020,09,19,00,00,16,10.8,12.0,99.00,99.00,99.00,999,1013.5,23.6,999.0,999.0,99.0,99.00,
2020,09,19,01,00,10,10.1,12.0,99.00,99.00,99.00,999,1014.5,23.4,999.0,999.0,99.0,99.00,
2020,09,19,02,00,6,9.2,10.6,99.00,99.00,99.00,999,1014.9,23.5,999.0,999.0,99.0,99.00,
2020,09,19,03,00,8,9.6,11.4,99.00,99.00,99.00,999,1015.3,23.5,999.0,999.0,99.0,99.00,
2020,09,19,04,00,15,9.7,11.5,99.00,99.00,99.00,999,1015.4,23.3,999.0,999.0,99.0,99.00,
2020,09,19,05,00,6,9.0,10.9,99.00,99.00,99.00,999,1015.6,23.0,999.0,999.0,99.0,99.00,
2020,09,19,06,00,19,8.5,10.7,99.00,99.00,99.00,999,1015.5,22.8,999.0,999.0,99.0,99.00,
2020,09,19,07,00,16,9.1,10.7,99.00,99.00,99.00,999,1015.3,22.4,999.0,999.0,99.0,99.00,
2020,09,19,08,00,11,7.9,10.7,99.00,99.00,99.00,999,1015.5,22.0,999.0,999.0,99.0,99.00,
2020,09,19,09,00,16,8.3,9.7,99.00,99.00,99.00,999,1015.9,21.4,999.0,999.0,99.0,99.00,
2020,09,19,10,00,12,8.2,10.3,99.00,99.00,99.00,999,1016.3,21.2,999.0,999.0,99.0,99.00,
2020,09,19,11,00,17,8.8,10.3,99.00,99.00,99.00,999,1016.9,20.9,999.0,999.0,99.0,99.00,
2020,09,19,12,00,13,9.7,12.0,99.00,99.00,99.00,999,1017.5,20.7,999.0,999.0,99.0,99.00,
2020,09,19,13,00,20,9.9,11.3,99.00,99.00,99.00,999,1018.4,20.6,999.0,999.0,99.0,99.00,
2020,09,19,14,00,14,10.1,13.0,99.00,99.00,99.00,999,1019.2,21.1,999.0,999.0,99.0,99.00,
2020,09,19,15,00,23,10.3,11.9,99.00,99.00,99.00,999,1019.7,21.2,999.0,999.0,99.0,99.00,
2020,09,19,16,00,16,8.5,9.8,99.00,99.00,99.00,999,1019.8,21.8,999.0,999.0,99.0,99.00,
2020,09,19,17,00,31,9.5,10.5,99.00,99.00,99.00,999,1019.4,22.3,999.0,999.0,99.0,99.00,
2020,09,19,18,00,22,8.6,10.5,99.00,99.00,99.00,999,1019.4,22.3,999.0,999.0,99.0,99.00,
2020,09,19,19,00,8,9.2,10.6,99.00,99.00,99.00,999,1019.1,22.7,999.0,999.0,99.0,99.00,
2020,09,19,20,00,13,9.0,11.9,99.00,99.00,99.00,999,1019.2,22.0,999.0,999.0,99.0,99.00,
2020,09,19,21,00,1,8.9,10.7,99.00,99.00,99.00,999,1019.7,20.8,999.0,999.0,99.0,99.00,
2020,09,19,22,00,23,8.0,10.1,99.00,99.00,99.00,999,1020.1,20.1,999.0,999.0,99.0,99.00,
2020,09,19,23,00,25,10.0,12.4,99.00,99.00,99.00,999,1020.5,19.6,999.0,999.0,99.0,99.00,
2020,09,20,00,00,15,9.4,12.0,99.00,99.00,99.00,999,1020.7,19.2,999.0,999.0,99.0,99.00,
2020,09,20,01,00,9,9.4,11.5,99.00,99.00,99.00,999,1021.2,18.8,999.0,999.0,99.0,99.00,
2020,09,20,02,00,12,9.1,10.6,99.00,99.00,99.00,999,1021.6,18.4,999.0,999.0,99.0,99.00,
2020,09,20,03,00,12,8.5,10.2,99.00,99.00,99.00,999,1021.9,18.0,999.0,999.0,99.0,99.00,
2020,09,20,04,00,12,9.5,10.9,99.00,99.00,99.00,999,1022.2,17.8,999.0,999.0,99.0,99.00,
2020,09,20,05,00,12,9.1,12.3,99.00,99.00,99.00,999,1022.0,17.5,999.0,999.0,99.0,99.00,
2020,09,20,06,00,3,9.6,11.0,99.00,99.00,99.00,999,1021.8,17.4,999.0,999.0,99.0,99.00,
2020,09,20,07,00,6,8.7,10.3,99.00,99.00,99.00,999,1021.6,17.2,999.0,999.0,99.0,99.00,
2020,09,20,08,00,7,9.2,10.8,99.00,99.00,99.00,999,1021.5,16.7,999.0,999.0,99.0,99.00,
2020,09,20,09,00,10,8.1,9.4,99.00,99.00,99.00,999,1021.4,16.6,999.0,999.0,99.0,99.00,
2020,09,20,10,00,6,9.7,11.2,99.00,99.00,99.00,999,1021.4,16.2,999.0,999.0,99.0,99.00,
2020,09,20,11,00,19,8.6,10.6,99.00,99.00,99.00,999,1022.0,16.2,999.0,999.0,99.0,99.00,
2020,09,20,12,00,11,9.9,11.0,99.00,99.00,99.00,999,1022.4,15.7,999.0,999.0,99.0,99.00,
2020,09,20,13,00,14,8.4,9.5,99.00,99.00,99.00,999,1023.2,16.2,999.0,999.0,99.0,99.00,
2020,09,20,14,00,18,9.1,10.5,99.00,99.00,99.00,999,1023.4,16.5,999.0,999.0,99.0,99.00,
2020,09,20,15,00,8,9.4,11.3,99.00,99.00,99.00,999,1023.6,17.6,999.0,999.0,99.0,99.00,
2020,09,20,16,00,19,8.4,9.8,99.00,99.00,99.00,999,1023.7,19.1,999.0,999.0,99.0,99.00,
2020,09,20,17,00,33,9.6,12.0,99.00,99.00,99.00,999,1023.7,20.3,999.0,999.0,99.0,99.00,
2020,09,20,18,00,22,9.6,10.7,99.00,99.00,99.00,999,1023.1,21.1,999.0,999.0,99.0,99.00,
2020,09,20,19,00,25,10.2,12.7,99.00,99.00,99.00,999,1022.8,22.0,999.0,999.0,99.0,99.00,
2020,09,20,20,00,31,9.5,10.8,99.00,99.00,99.00,999,1023.1,22.1,999.0,999.0,99.0,99.00,
2020,09,20,21,00,42,11.7,12.8,99.00,99.00,99.00,999,1022.9,22.5,999.0,999.0,99.0,99.00,
2020,09,20,22,00,37,11.8,13.0,99.00,99.00,99.00,999,1023.4,22.7,999.0,999.0,99.0,99.00,
2020,09,20,23,00,23,9.3,10.2,99.00,99.00,99.00,999,1023.8,22.3,999.0,999.0,99.0,99.00,
2020,09,21,00,00,13,8.7,10.0,99.00,99.00,99.00,999,1024.0,21.4,999.0,999.0,99.0,99.00,
2020,09,21,01,00,12,7.8,9.0,99.00,99.00,99.00,999,1024.2,21.1,999.0,999.0,99.0,99.00,
2020,09,21,02,00,22,10.5,12.1,99.00,99.00,99.00,999,1024.5,20.7,999.0,999.0,99.0,99.00,
2020,09,21,03,00,18,10.6,12.6,99.00,99.00,99.00,999,1025.1,20.4,999.0,999.0,99.0,99.00,
2020,09,21,04,00,18,10.8,13.3,99.00,99.00,99.00,999,1025.4,19.7,999.0,999.0,99.0,99.00,
2020,09,21,05,00,15,10.9,13.8,99.00,99.00,99.00,999,1025.4,18.9,999.0,999.0,99.0,99.00,
2020,09,21,06,00,15,10.8,13.7,99.00,99.00,99.00,999,1025.6,18.3,999.0,999.0,99.0,99.00,
2020,09,21,07,00,13,10.2,12.3,99.00,99.00,99.00,999,1025.5,17.7,999.0,999.0,99.0,99.00,
2020,09,21,08,00,11,11.2,13.8,99.00,99.00,99.00,999,1025.1,17.1,999.0,999.0,99.0,99.00,
2020,09,21,09,00,11,11.5,13.5,99.00,99.00,99.00,999,1025.1,16.3,999.0,999.0,99.0,99.00,
2020,09,21,10,00,8,11.0,12.9,99.00,99.00,99.00,999,1025.4,15.8,999.0,999.0,99.0,99.00,
2020,09,21,11,00,13,10.9,12.4,99.00,99.00,99.00,999,1026.1,15.3,999.0,999.0,99.0,99.00,
2020,09,21,12,00,19,8.6,10.1,99.00,99.00,99.00,999,1026.7,15.4,999.0,999.0,99.0,99.00,
2020,09,21,13,00,13,9.7,12.0,99.00,99.00,99.00,999,1026.8,16.2,999.0,999.0,99.0,99.00,
2020,09,21,14,00,24,8.2,10.9,99.00,99.00,99.00,999,1027.2,17.3,999.0,999.0,99.0,99.00,
2020,09,21,15,00,29,8.4,10.0,99.00,99.00,99.00,999,1027.1,18.7,999.0,999.0,99.0,99.00,
2020,09,21,16,00,28,8.5,10.0,99.00,99.00,99.00,999,1026.9,19.7,999.0,999.0,99.0,99.00,
2020,09,21,17,00,30,10.0,12.3,99.00,99.00,99.00,999,1026.7,20.5,999.0,999.0,99.0,99.00,
2020,09,21,18,00,36,8.7,9.9,99.00,99.00,99.00,999,1026.2,21.0,999.0,999.0,99.0,99.00,
2020,09,21,19,00,61,10.0,11.3,99.00,99.00,99.00,999,1025.8,21.3,999.0,999.0,99.0,99.00,
2020,09,21,20,00,65,8.9,9.6,99.00,99.00,99.00,999,1025.7,21.5,999.0,999.0,99.0,99.00,
2020,09,21,21,00,46,9.0,10.4,99.00,99.00,99.00,999,1025.4,21.6,999.0,999.0,99.0,99.00,
2020,09,21,22,00,55,9.7,12.1,99.00,99.00,99.00,999,1025.7,21.6,999.0,999.0,99.0,99.00,
2020,09,21,23,00,49,10.0,11.2,99.00,99.00,99.00,999,1025.7,21.1,999.0,999.0,99.0,99.00,
2020,09,22,00,00,27,10.2,12.4,99.00,99.00,99.00,999,1025.7,20.6,999.0,999.0,99.0,99.00,
2020,09,22,01,00,17,8.4,9.6,99.00,99.00,99.00,999,1026.0,19.7,999.0,999.0,99.0,99.00,
2020,09,22,02,00,24,9.0,10.5,99.00,99.00,99.00,999,1026.0,19.1,999.0,999.0,99.0,99.00,
2020,09,22,03,00,15,8.6,10.1,99.00,99.00,99.00,999,1026.1,18.6,999.0,999.0,99.0,99.00,
2020,09,22,04,00,12,8.8,10.3,99.00,99.00,99.00,999,1026.0,17.8,999.0,999.0,99.0,99.00,
2020,09,22,05,00,13,9.0,10.4,99.00,99.00,99.00,999,1025.6,17.5,999.0,999.0,99.0,99.00,
2020,09,22,06,00,15,9.2,10.7,99.00,99.00,99.00,999,1025.0,17.1,999.0,999.0,99.0,99.00,
2020,09,22,07,00,15,9.1,11.1,99.00,99.00,99.00,999,1024.4,16.6,999.0,999.0,99.0,99.00,
2020,09,22,08,00,17,8.6,9.9,99.00,99.00,99.00,999,1024.2,16.1,999.0,999.0,99.0,99.00,
2020,09,22,09,00,12,7.8,9.4,99.00,99.00,99.00,999,1024.3,15.8,999.0,999.0,99.0,99.00,
2020,09,22,10,00,11,7.9,9.3,99.00,99.00,99.00,999,1024.3,15.2,999.0,999.0,99.0,99.00,
2020,09,22,11,00,14,7.9,9.2,99.00,99.00,99.00,999,1024.4,15.1,999.0,999.0,99.0,99.00,
2020,09,22,12,00,18,8.0,9.2,99.00,99.00,99.00,999,1024.7,14.9,999.0,999.0,99.0,99.00,
2020,09,22,13,00,9,5.8,7.2,99.00,99.00,99.00,999,1025.0,15.6,999.0,999.0,99.0,99.00,
2020,09,22,14,00,22,6.3,7.6,99.00,99.00,99.00,999,1025.2,16.8,999.0,999.0,99.0,99.00,
2020,09,22,15,00,19,5.7,7.8,99.00,99.00,99.00,999,1025.2,17.6,999.0,999.0,99.0,99.00,
2020,09,22,16,00,42,5.9,7.4,99.00,99.00,99.00,999,1024.9,18.2,999.0,999.0,99.0,99.00,
2020,09,22,17,00,43,5.3,6.4,99.00,99.00,99.00,999,1024.3,18.4,999.0,999.0,99.0,99.00,
2020,09,22,18,00,72,5.3,6.2,99.00,99.00,99.00,999,1023.5,19.1,999.0,999.0,99.0,99.00,
2020,09,22,19,00,74,2.8,3.6,99.00,99.00,99.00,999,1022.5,19.7,999.0,999.0,99.0,99.00,
2020,09,22,20,00,82,2.2,2.8,99.00,99.00,99.00,999,1021.8,20.0,999.0,999.0,99.0,99.00,
2020,09,22,21,00,88,1.7,2.4,99.00,99.00,99.00,999,1021.3,19.5,999.0,999.0,99.0,99.00,
2020,09,22,22,00,94,1.7,2.4,99.00,99.00,99.00,999,1020.7,19.7,999.0,999.0,99.0,99.00,
2020,09,22,23,00,124,0.7,1.2,99.00,99.00,99.00,999,1020.6,19.2,999.0,999.0,99.0,99.00,
2020,09,23,00,00,292,1.3,1.4,99.00,99.00,99.00,999,1020.4,18.7,999.0,999.0,99.0,99.00,
2020,09,23,01,00,305,1.8,1.9,99.00,99.00,99.00,999,1020.6,18.4,999.0,999.0,99.0,99.00,
2020,09,23,02,00,299,0.7,0.8,99.00,99.00,99.00,999,1020.7,17.4,999.0,999.0,99.0,99.00,
2020,09,23,03,00,299,1.1,1.2,99.00,99.00,99.00,999,1020.7,18.0,999.0,999.0,99.0,99.00,
2020,09,23,04,00,257,1.2,1.2,99.00,99.00,99.00,999,1020.5,18.0,999.0,999.0,99.0,99.00,
2020,09,23,05,00,257,0.6,0.6,99.00,99.00,99.00,999,1020.1,18.6,999.0,999.0,99.0,99.00,
2020,09,23,06,00,294,1.1,1.1,99.00,99.00,99.00,999,1019.6,18.5,999.0,999.0,99.0,99.00,
2020,09,23,07,00,290,1.0,1.3,99.00,99.00,99.00,999,1019.4,17.2,999.0,999.0,99.0,99.00,
2020,09,23,08,00,284,1.2,1.3,99.00,99.00,99.00,999,1019.1,17.5,999.0,999.0,99.0,99.00,
2020,09,23,09,00,309,2.0,2.2,99.00,99.00,99.00,999,1019.2,16.1,999.0,999.0,99.0,99.00,
2020,09,23,10,00,342,1.7,2.1,99.00,99.00,99.00,999,1019.1,16.5,999.0,999.0,99.0,99.00,
2020,09,23,11,00,317,1.8,2.2,99.00,99.00,99.00,999,1019.6,16.4,999.0,999.0,99.0,99.00,
2020,09,23,12,00,320,0.9,1.6,99.00,99.00,99.00,999,1019.9,17.4,999.0,999.0,99.0,99.00,
2020,09,23,13,00,59,2.6,3.0,99.00,99.00,99.00,999,1020.0,19.0,999.0,999.0,99.0,99.00,
2020,09,23,14,00,37,1.1,1.8,99.00,99.00,99.00,999,1020.7,19.6,999.0,999.0,99.0,99.00,
2020,09,23,15,00,61,0.8,1.1,99.00,99.00,99.00,999,1020.8,20.5,999.0,999.0,99.0,99.00,
2020,09,23,16,00,139,0.8,1.4,99.00,99.00,99.00,999,1020.4,20.4,999.0,999.0,99.0,99.00,
2020,09,23,17,00,145,2.7,3.1,99.00,99.00,99.00,999,1020.0,20.3,999.0,999.0,99.0,99.00,
2020,09,23,18,00,160,1.8,2.5,99.00,99.00,99.00,999,1019.3,21.6,999.0,999.0,99.0,99.00,
2020,09,23,19,00,166,2.6,2.9,99.00,99.00,99.00,999,1018.5,21.8,999.0,999.0,99.0,99.00,
2020,09,23,20,00,155,2.5,2.8,99.00,99.00,99.00,999,1018.1,22.0,999.0,999.0,99.0,99.00,
2020,09,23,21,00,142,1.7,2.6,99.00,99.00,99.00,999,1017.9,22.0,999.0,999.0,99.0,99.00,
2020,09,23,22,00,149,2.2,2.5,99.00,99.00,99.00,999,1017.8,22.1,999.0,999.0,99.0,99.00,
2020,09,23,23,00,165,2.3,2.7,99.00,99.00,99.00,999,1017.8,22.2,999.0,999.0,99.0,99.00,
2020,09,24,00,00,176,1.9,2.3,99.00,99.00,99.00,999,1018.0,22.0,999.0,999.0,99.0,99.00,
2020,09,24,01,00,200,2.4,2.7,99.00,99.00,99.00,999,1018.2,21.8,999.0,999.0,99.0,99.00,
2020,09,24,02,00,170,2.8,3.4,99.00,99.00,99.00,999,1018.4,22.1,999.0,999.0,99.0,99.00,
2020,09,24,03,00,158,2.6,2.9,99.00,99.00,99.00,999,1018.3,22.1,999.0,999.0,99.0,99.00,
2020,09,24,04,00,153,1.5,1.8,99.00,99.00,99.00,999,1018.2,21.9,999.0,999.0,99.0,99.00,
2020,09,24,05,00,156,1.5,1.8,99.00,99.00,99.00,999,1017.7,21.8,999.0,999.0,99.0,99.00,
2020,09,24,06,00,298,0.5,0.7,99.00,99.00,99.00,999,1017.3,20.5,999.0,999.0,99.0,99.00,
2020,09,24,07,00,345,1.2,1.3,99.00,99.00,99.00,999,1017.2,20.3,999.0,999.0,99.0,99.00,
2020,09,24,08,00,342,1.3,1.4,99.00,99.00,99.00,999,1016.9,20.1,999.0,999.0,99.0,99.00,
2020,09,24,09,00,341,1.2,1.9,99.00,99.00,99.00,999,1016.9,19.9,999.0,999.0,99.0,99.00,
2020,09,24,10,00,330,1.8,2.4,99.00,99.00,99.00,999,1017.3,19.7,999.0,999.0,99.0,99.00,
2020,09,24,11,00,353,2.1,2.5,99.00,99.00,99.00,999,1017.4,19.7,999.0,999.0,99.0,99.00,
2020,09,24,12,00,355,1.9,2.4,99.00,99.00,99.00,999,1017.9,20.0,999.0,999.0,99.0,99.00,
2020,09,24,13,00,30,2.5,2.9,99.00,99.00,99.00,999,1018.3,21.0,999.0,999.0,99.0,99.00,
2020,09,24,14,00,36,2.9,3.4,99.00,99.00,99.00,999,1018.9,21.9,999.0,999.0,99.0,99.00,
2020,09,24,15,00,36,2.8,3.3,99.00,99.00,99.00,999,1019.1,22.4,999.0,999.0,99.0,99.00,
2020,09,24,16,00,76,3.6,4.0,99.00,99.00,99.00,999,1018.8,23.1,999.0,999.0,99.0,99.00,
2020,09,24,17,00,71,3.3,3.7,99.00,99.00,99.00,999,1018.6,23.5,999.0,999.0,99.0,99.00,
2020,09,24,18,00,85,4.2,4.7,99.00,99.00,99.00,999,1018.0,23.8,999.0,999.0,99.0,99.00,
2020,09,24,19,00,87,4.5,4.8,99.00,99.00,99.00,999,1017.6,23.6,999.0,999.0,99.0,99.00,
2020,09,24,20,00,88,4.8,5.2,99.00,99.00,99.00,999,1017.2,24.0,999.0,999.0,99.0,99.00,
2020,09,24,21,00,84,5.1,5.8,99.00,99.00,99.00,999,1017.2,24.2,999.0,999.0,99.0,99.00,
2020,09,24,22,00,90,4.7,5.4,99.00,99.00,99.00,999,1017.3,23.9,999.0,999.0,99.0,99.00,
2020,09,24,23,00,75,3.9,4.5,99.00,99.00,99.00,999,1017.4,24.0,999.0,999.0,99.0,99.00,
2020,09,25,00,00,69,4.1,4.5,99.00,99.00,99.00,999,1017.2,24.1,999.0,999.0,99.0,99.00,
2020,09,25,01,00,89,3.9,4.3,99.00,99.00,99.00,999,1017.1,24.2,999.0,999.0,99.0,99.00,
2020,09,25,02,00,126,5.9,6.4,99.00,99.00,99.00,999,1017.0,24.8,999.0,999.0,99.0,99.00,
2020,09,25,03,00,128,5.7,6.1,99.00,99.00,99.00,999,1017.0,24.7,999.0,999.0,99.0,99.00,
2020,09,25,04,00,126,5.5,5.9,99.00,99.00,99.00,999,1017.0,24.8,999.0,999.0,99.0,99.00,
2020,09,25,05,00,121,5.5,6.1,99.00,99.00,99.00,999,1016.8,24.8,999.0,999.0,99.0,99.00,
2020,09,25,06,00,139,6.6,7.2,99.00,99.00,99.00,999,1016.5,24.6,999.0,999.0,99.0,99.00,
2020,09,25,07,00,158,5.4,5.9,99.00,99.00,99.00,999,1016.2,25.0,999.0,999.0,99.0,99.00,
2020,09,25,08,00,170,7.3,8.3,99.00,99.00,99.00,999,1015.9,25.2,999.0,999.0,99.0,99.00,
2020,09,25,09,00,161,7.2,8.0,99.00,99.00,99.00,999,1015.6,25.1,999.0,999.0,99.0,99.00,
2020,09,25,10,00,149,7.6,8.5,99.00,99.00,99.00,999,1015.7,25.0,999.0,999.0,99.0,99.00,
2020,09,25,11,00,163,5.9,6.5,99.00,99.00,99.00,999,1016.1,25.0,999.0,999.0,99.0,99.00,
2020,09,25,12,00,161,5.9,6.4,99.00,99.00,99.00,999,1016.4,25.1,999.0,999.0,99.0,99.00,
2020,09,25,13,00,163,4.8,5.4,99.00,99.00,99.00,999,1016.8,25.1,999.0,999.0,99.0,99.00,
2020,09,25,14,00,163,4.5,4.9,99.00,99.00,99.00,999,1017.1,25.0,999.0,999.0,99.0,99.00,
2020,09,25,15,00,160,4.7,5.0,99.00,99.00,99.00,999,1016.9,25.1,999.0,999.0,99.0,99.00,
2020,09,25,16,00,146,5.2,5.5,99.00,99.00,99.00,999,1017.1,25.1,999.0,999.0,99.0,99.00,
2020,09,25,17,00,168,3.7,3.9,99.00,99.00,99.00,999,1016.5,25.1,999.0,999.0,99.0,99.00,
2020,09,25,18,00,183,4.5,5.9,99.00,99.00,99.00,999,1016.0,26.3,999.0,999.0,99.0,99.00,
2020,09,25,19,00,167,3.6,3.8,99.00,99.00,99.00,999,1015.6,25.8,999.0,999.0,99.0,99.00,
2020,09,25,20,00,180,4.6,5.2,99.00,99.00,99.00,999,1014.9,26.0,999.0,999.0,99.0,99.00,
2020,09,25,21,00,178,4.1,4.4,99.00,99.00,99.00,999,1014.8,26.0,999.0,999.0,99.0,99.00,
2020,09,25,22,00,171,4.7,5.5,99.00,99.00,99.00,999,1014.8,25.7,999.0,999.0,99.0,99.00,
2020,09,25,23,00,166,6.0,6.8,99.00,99.00,99.00,999,1014.6,25.6,999.0,999.0,99.0,99.00,
2020,09,26,00,00,169,3.7,4.2,99.00,99.00,99.00,999,1014.5,25.1,999.0,999.0,99.0,99.00,
2020,09,26,01,00,338,1.3,1.8,99.00,99.00,99.00,999,1015.4,25.2,999.0,999.0,99.0,99.00,
2020,09,26,02,00,268,1.8,2.6,99.00,99.00,99.00,999,1015.4,25.2,999.0,999.0,99.0,99.00,
2020,09,26,03,00,278,1.6,3.1,99.00,99.00,99.00,999,1015.4,24.9,999.0,999.0,99.0,99.00,
2020,09,26,04,00,121,1.5,1.7,99.00,99.00,99.00,999,1015.2,24.4,999.0,999.0,99.0,99.00,
2020,09,26,05,00,157,2.3,2.4,99.00,99.00,99.00,999,1015.6,24.3,999.0,999.0,99.0,99.00,
2020,09,26,06,00,0,0.0,0.2,99.00,99.00,99.00,999,1015.0,23.9,999.0,999.0,99.0,99.00,
2020,09,26,07,00,334,0.4,0.8,99.00,99.00,99.00,999,1014.4,23.4,999.0,999.0,99.0,99.00,
2020,09,26,08,00,344,1.2,2.0,99.00,99.00,99.00,999,1014.3,23.1,999.0,999.0,99.0,99.00,
2020,09,26,09,00,323,0.6,0.8,99.00,99.00,99.00,999,1014.3,22.7,999.0,999.0,99.0,99.00,
2020,09,26,10,00,319,0.7,0.9,99.00,99.00,99.00,999,1014.6,22.6,999.0,999.0,99.0,99.00,
2020,09,26,11,00,333,1.8,2.1,99.00,99.00,99.00,999,1015.1,22.4,999.0,999.0,99.0,99.00,
2020,09,26,12,00,350,0.6,0.8,99.00,99.00,99.00,999,1015.8,22.7,999.0,999.0,99.0,99.00,
2020,09,26,13,00,312,1.3,1.9,99.00,99.00,99.00,999,1016.5,23.5,999.0,999.0,99.0,99.00,
2020,09,26,14,00,345,2.1,3.1,99.00,99.00,99.00,999,1016.9,25.2,999.0,999.0,99.0,99.00,
2020,09,26,15,00,3,4.8,6.1,99.00,99.00,99.00,999,1017.4,24.7,999.0,999.0,99.0,99.00,
2020,09,26,16,00,27,2.2,2.7,99.00,99.00,99.00,999,1017.4,24.4,999.0,999.0,99.0,99.00,
2020,09,26,17,00,44,2.3,2.5,99.00,99.00,99.00,999,1017.0,25.6,999.0,999.0,99.0,99.00,
2020,09,26,18,00,111,2.6,2.8,99.00,99.00,99.00,999,1016.2,24.4,999.0,999.0,99.0,99.00,
2020,09,26,19,00,160,3.4,3.8,99.00,99.00,99.00,999,1015.9,24.5,999.0,999.0,99.0,99.00,
2020,09,26,20,00,180,4.6,5.1,99.00,99.00,99.00,999,1015.3,24.9,999.0,999.0,99.0,99.00,
2020,09,26,21,00,184,3.7,4.1,99.00,99.00,99.00,999,1015.1,25.3,999.0,999.0,99.0,99.00,
2020,09,26,22,00,178,2.4,2.9,99.00,99.00,99.00,999,1015.0,25.2,999.0,999.0,99.0,99.00,
2020,09,26,23,00,206,1.8,2.0,99.00,99.00,99.00,999,1015.2,24.9,999.0,999.0,99.0,99.00,
2020,09,27,00,00,306,1.6,2.8,99.00,99.00,99.00,999,1015.6,24.4,999.0,999.0,99.0,99.00,
2020,09,27,01,00,352,3.7,4.5,99.00,99.00,99.00,999,1016.4,23.4,999.0,999.0,99.0,99.00,
2020,09,27,02,00,348,3.6,4.2,99.00,99.00,99.00,999,1017.0,22.5,999.0,999.0,99.0,99.00,
2020,09,27,03,00,350,3.9,4.6,99.00,99.00,99.00,999,1017.0,22.0,999.0,999.0,99.0,99.00,
2020,09,27,04,00,354,3.9,4.7,99.00,99.00,99.00,999,1016.7,21.8,999.0,999.0,99.0,99.00,
2020,09,27,05,00,9,3.6,4.2,99.00,99.00,99.00,999,1016.5,21.5,999.0,999.0,99.0,99.00,
2020,09,27,06,00,1,3.2,3.9,99.00,99.00,99.00,999,1016.0,21.2,999.0,999.0,99.0,99.00,
2020,09,27,07,00,22,2.5,2.8,99.00,99.00,99.00,999,1015.6,21.5,999.0,999.0,99.0,99.00,
2020,09,27,08,00,31,2.0,2.4,99.00,99.00,99.00,999,1015.4,21.8,999.0,999.0,99.0,99.00,
2020,09,27,09,00,347,2.2,2.8,99.00,99.00,99.00,999,1015.3,21.3,999.0,999.0,99.0,99.00,
2020,09,27,10,00,353,2.5,3.1,99.00,99.00,99.00,999,1015.6,20.8,999.0,999.0,99.0,99.00,
2020,09,27,11,00,6,2.5,3.0,99.00,99.00,99.00,999,1016.3,20.9,999.0,999.0,99.0,99.00,
2020,09,27,12,00,5,3.1,3.7,99.00,99.00,99.00,999,1016.8,21.0,999.0,999.0,99.0,99.00,
2020,09,27,13,00,5,3.0,3.7,99.00,99.00,99.00,999,1017.6,21.1,999.0,999.0,99.0,99.00,
2020,09,27,14,00,12,2.3,3.2,99.00,99.00,99.00,999,1017.7,22.0,999.0,999.0,99.0,99.00,
2020,09,27,15,00,55,1.8,2.4,99.00,99.00,99.00,999,1017.8,22.5,999.0,999.0,99.0,99.00,
2020,09,27,16,00,73,2.0,2.4,99.00,99.00,99.00,999,1017.3,23.3,999.0,999.0,99.0,99.00,
2020,09,27,17,00,121,3.9,4.3,99.00,99.00,99.00,999,1016.9,23.0,999.0,999.0,99.0,99.00,
2020,09,27,18,00,160,2.7,3.1,99.00,99.00,99.00,999,1016.4,23.2,999.0,999.0,99.0,99.00,
2020,09,27,19,00,162,2.9,3.4,99.00,99.00,99.00,999,1015.7,23.7,999.0,999.0,99.0,99.00,
2020,09,27,20,00,188,2.6,2.8,99.00,99.00,99.00,999,1015.0,23.8,999.0,999.0,99.0,99.00,
2020,09,27,21,00,203,3.2,3.7,99.00,99.00,99.00,999,1015.0,24.0,999.0,999.0,99.0,99.00,
2020,09,27,22,00,218,3.6,4.5,99.00,99.00,99.00,999,1015.1,23.9,999.0,999.0,99.0,99.00,
2020,09,27,23,00,239,2.2,3.0,99.00,99.00,99.00,999,1015.0,23.7,999.0,999.0,99.0,99.00,
2020,09,28,00,00,251,1.7,2.3,99.00,99.00,99.00,999,1015.2,23.4,999.0,999.0,99.0,99.00,
2020,09,28,01,00,259,1.5,1.9,99.00,99.00,99.00,999,1015.5,23.0,999.0,999.0,99.0,99.00,
2020,09,28,02,00,174,4.7,5.0,99.00,99.00,99.00,999,1016.0,22.3,999.0,999.0,99.0,99.00,
2020,09,28,03,00,135,0.2,1.4,99.00,99.00,99.00,999,1015.3,22.6,999.0,999.0,99.0,99.00,
2020,09,28,04,00,59,1.9,2.2,99.00,99.00,99.00,999,1015.5,23.2,999.0,999.0,99.0,99.00,
2020,09,28,05,00,126,1.6,1.9,99.00,99.00,99.00,999,1015.5,23.7,999.0,999.0,99.0,99.00,
2020,09,28,06,00,107,2.5,2.7,99.00,99.00,99.00,999,1015.0,23.8,999.0,999.0,99.0,99.00,
2020,09,28,07,00,111,3.3,3.7,99.00,99.00,99.00,999,1014.4,24.0,999.0,999.0,99.0,99.00,
2020,09,28,08,00,86,2.7,3.1,99.00,99.00,99.00,999,1013.8,23.6,999.0,999.0,99.0,99.00,
2020,09,28,09,00,88,2.2,2.3,99.00,99.00,99.00,999,1013.6,23.7,999.0,999.0,99.0,99.00,
2020,09,28,10,00,65,2.5,2.7,99.00,99.00,99.00,999,1013.7,23.7,999.0,999.0,99.0,99.00,
2020,09,28,11,00,28,3.2,3.8,99.00,99.00,99.00,999,1014.0,23.6,999.0,999.0,99.0,99.00,
2020,09,28,12,00,70,4.2,4.7,99.00,99.00,99.00,999,1014.5,23.0,999.0,999.0,99.0,99.00,
2020,09,28,13,00,66,5.8,6.5,99.00,99.00,99.00,999,1014.7,23.8,999.0,999.0,99.0,99.00,
2020,09,28,14,00,72,6.5,7.3,99.00,99.00,99.00,999,1015.0,23.7,999.0,999.0,99.0,99.00,
2020,09,28,15,00,102,6.2,7.3,99.00,99.00,99.00,999,1015.3,23.3,999.0,999.0,99.0,99.00,
2020,09,28,16,00,161,5.5,6.1,99.00,99.00,99.00,999,1014.9,22.7,999.0,999.0,99.0,99.00,
2020,09,28,17,00,145,8.6,9.2,99.00,99.00,99.00,999,1014.1,23.5,999.0,999.0,99.0,99.00,
2020,09,28,18,00,146,12.0,13.4,99.00,99.00,99.00,999,1014.0,23.5,999.0,999.0,99.0,99.00,
2020,09,28,19,00,160,8.2,8.8,99.00,99.00,99.00,999,1013.2,23.6,999.0,999.0,99.0,99.00,
2020,09,28,20,00,153,7.2,8.0,99.00,99.00,99.00,999,1012.8,24.6,999.0,999.0,99.0,99.00,
2020,09,28,21,00,159,7.9,8.9,99.00,99.00,99.00,999,1012.7,24.7,999.0,999.0,99.0,99.00,
2020,09,28,22,00,167,7.8,9.0,99.00,99.00,99.00,999,1012.8,24.8,999.0,999.0,99.0,99.00,
2020,09,28,23,00,168,7.5,8.1,99.00,99.00,99.00,999,1012.7,24.9,999.0,999.0,99.0,99.00,
2020,09,29,00,00,171,6.5,7.5,99.00,99.00,99.00,999,1012.7,25.0,999.0,999.0,99.0,99.00,
2020,09,29,01,00,178,4.6,5.5,99.00,99.00,99.00,999,1012.8,25.0,999.0,999.0,99.0,99.00,
2020,09,29,02,00,163,7.2,8.1,99.00,99.00,99.00,999,1012.9,25.0,999.0,999.0,99.0,99.00,
2020,09,29,03,00,174,6.6,7.3,99.00,99.00,99.00,999,1013.1,25.0,999.0,999.0,99.0,99.00,
2020,09,29,04,00,192,6.3,7.2,99.00,99.00,99.00,999,1013.2,25.0,999.0,999.0,99.0,99.00,
2020,09,29,05,00,208,4.2,4.5,99.00,99.00,99.00,999,1013.3,24.9,999.0,999.0,99.0,99.00,
2020,09,29,06,00,199,2.5,3.2,99.00,99.00,99.00,999,1012.5,24.7,999.0,999.0,99.0,99.00,
2020,09,29,07,00,219,1.0,1.1,99.00,99.00,99.00,999,1011.9,24.5,999.0,999.0,99.0,99.00,
2020,09,29,08,00,164,1.4,1.5,99.00,99.00,99.00,999,1011.3,24.4,999.0,999.0,99.0,99.00,
2020,09,29,09,00,210,2.9,3.3,99.00,99.00,99.00,999,1010.9,24.5,999.0,999.0,99.0,99.00,
2020,09,29,10,00,222,2.3,3.3,99.00,99.00,99.00,999,1011.2,24.4,999.0,999.0,99.0,99.00,
2020,09,29,11,00,228,2.3,3.0,99.00,99.00,99.00,999,1011.5,24.6,999.0,999.0,99.0,99.00,
2020,09,29,12,00,198,4.1,4.6,99.00,99.00,99.00,999,1011.9,24.8,999.0,999.0,99.0,99.00,
2020,09,29,13,00,232,2.5,3.2,99.00,99.00,99.00,999,1012.0,25.0,999.0,999.0,99.0,99.00,
2020,09,29,14,00,252,2.0,3.4,99.00,99.00,99.00,999,1011.4,25.7,999.0,999.0,99.0,99.00,
2020,09,29,15,00,192,4.1,4.5,99.00,99.00,99.00,999,1011.3,25.9,999.0,999.0,99.0,99.00,
2020,09,29,16,00,210,4.3,4.8,99.00,99.00,99.00,999,1011.2,25.5,999.0,999.0,99.0,99.00,
2020,09,29,17,00,179,4.0,4.3,99.00,99.00,99.00,999,1010.2,25.6,999.0,999.0,99.0,99.00,
2020,09,29,18,00,165,5.4,6.0,99.00,99.00,99.00,999,1009.1,24.8,999.0,999.0,99.0,99.00,
2020,09,29,19,00,151,5.3,5.8,99.00,99.00,99.00,999,1007.7,24.7,999.0,999.0,99.0,99.00,
2020,09,29,20,00,151,6.3,7.0,99.00,99.00,99.00,999,1007.1,25.1,999.0,999.0,99.0,99.00,
2020,09,29,21,00,163,7.7,8.2,99.00,99.00,99.00,999,1006.8,25.0,999.0,999.0,99.0,99.00,
2020,09,29,22,00,185,6.8,7.5,99.00,99.00,99.00,999,1006.9,25.4,999.0,999.0,99.0,99.00,
2020,09,29,23,00,304,7.1,10.5,99.00,99.00,99.00,999,1009.3,19.0,999.0,999.0,99.0,99.00,
2020,09,30,00,00,320,5.0,7.3,99.00,99.00,99.00,999,1010.0,18.6,999.0,999.0,99.0,99.00,
2020,09,30,01,00,313,2.9,4.9,99.00,99.00,99.00,999,1010.1,18.7,999.0,999.0,99.0,99.00,
2020,09,30,02,00,287,2.2,3.4,99.00,99.00,99.00,999,1010.3,19.0,999.0,999.0,99.0,99.00,
2020,09,30,03,00,259,3.6,4.5,99.00,99.00,99.00,999,1011.2,18.5,999.0,999.0,99.0,99.00,
2020,09,30,04,00,268,2.8,3.7,99.00,99.00,99.00,999,1012.6,17.4,999.0,999.0,99.0,99.00,
2020,09,30,05,00,279,2.6,4.4,99.00,99.00,99.00,999,1012.7,17.0,999.0,999.0,99.0,99.00,
2020,09,30,06,00,270,2.3,3.5,99.00,99.00,99.00,999,1013.5,16.7,999.0,999.0,99.0,99.00,
2020,09,30,07,00,267,2.9,4.8,99.00,99.00,99.00,999,1013.4,16.0,999.0,999.0,99.0,99.00,
2020,09,30,08,00,276,2.8,4.8,99.00,99.00,99.00,999,1013.5,15.6,999.0,999.0,99.0,99.00,
2020,09,30,09,00,288,3.9,7.8,99.00,99.00,99.00,999,1014.0,15.5,999.0,999.0,99.0,99.00,
2020,09,30,10,00,290,3.7,5.2,99.00,99.00,99.00,999,1015.0,15.5,999.0,999.0,99.0,99.00,
2020,09,30,11,00,304,3.8,4.7,99.00,99.00,99.00,999,1015.6,15.4,999.0,999.0,99.0,99.00,
2020,09,30,12,00,312,4.4,7.4,99.00,99.00,99.00,999,1016.3,15.5,999.0,999.0,99.0,99.00,
2020,09,30,13,00,318,3.5,5.4,99.00,99.00,99.00,999,1017.2,16.9,999.0,999.0,99.0,99.00,
2020,09,30,14,00,310,3.0,4.6,99.00,99.00,99.00,999,1017.8,17.6,999.0,999.0,99.0,99.00,
2020,09,30,15,00,331,3.6,4.9,99.00,99.00,99.00,999,1017.8,19.5,999.0,999.0,99.0,99.00,
2020,09,30,16,00,350,2.5,3.7,99.00,99.00,99.00,999,1017.8,21.0,999.0,999.0,99.0,99.00,
2020,09,30,17,00,333,2.1,3.2,99.00,99.00,99.00,999,1017.2,21.8,999.0,999.0,99.0,99.00,
2020,09,30,18,00,282,2.1,3.4,99.00,99.00,99.00,999,1017.0,23.0,999.0,999.0,99.0,99.00,
2020,09,30,19,00,325,2.2,3.4,99.00,99.00,99.00,999,1016.2,23.1,999.0,999.0,99.0,99.00,
2020,09,30,20,00,272,1.0,2.4,99.00,99.00,99.00,999,1016.0,23.6,999.0,999.0,99.0,99.00,
2020,09,30,21,00,305,3.1,4.5,99.00,99.00,99.00,999,1015.8,23.5,999.0,999.0,99.0,99.00,
2020,09,30,22,00,308,2.6,3.8,99.00,99.00,99.00,999,1016.0,22.9,999.0,999.0,99.0,99.00,
2020,09,30,23,00,270,1.4,2.2,99.00,99.00,99.00,999,1016.6,21.6,999.0,999.0,99.0,99.00,
2020,10,01,00,00,270,1.3,1.7,99.00,99.00,99.00,999,1017.1,20.8,999.0,999.0,99.0,99.00,
2020,10,01,01,00,289,1.2,1.7,99.00,99.00,99.00,999,1017.6,20.5,999.0,999.0,99.0,99.00,
2020,10,01,02,00,285,0.9,1.1,99.00,99.00,99.00,999,1017.9,20.6,999.0,999.0,99.0,99.00,
2020,10,01,03,00,279,1.2,1.4,99.00,99.00,99.00,999,1018.0,19.9,999.0,999.0,99.0,99.00,
2020,10,01,04,00,281,1.3,1.5,99.00,99.00,99.00,999,1018.1,19.5,999.0,999.0,99.0,99.00,
2020,10,01,05,00,253,1.3,1.4,99.00,99.00,99.00,999,1018.3,19.4,999.0,999.0,99.0,99.00,
2020,10,01,06,00,266,1.6,1.6,99.00,99.00,99.00,999,1018.1,19.0,999.0,999.0,99.0,99.00,
2020,10,01,07,00,285,1.9,2.3,99.00,99.00,99.00,999,1017.6,17.6,999.0,999.0,99.0,99.00,
2020,10,01,08,00,272,1.7,1.9,99.00,99.00,99.00,999,1017.3,17.0,999.0,999.0,99.0,99.00,
2020,10,01,09,00,277,1.8,2.2,99.00,99.00,99.00,999,1017.1,17.1,999.0,999.0,99.0,99.00,
2020,10,01,10,00,279,2.0,2.3,99.00,99.00,99.00,999,1016.9,17.2,999.0,999.0,99.0,99.00,
2020,10,01,11,00,282,2.3,2.5,99.00,99.00,99.00,999,1017.0,17.4,999.0,999.0,99.0,99.00,
2020,10,01,12,00,291,2.1,2.5,99.00,99.00,99.00,999,1017.3,17.9,999.0,999.0,99.0,99.00,
2020,10,01,13,00,300,2.0,2.7,99.00,99.00,99.00,999,1017.6,19.5,999.0,999.0,99.0,99.00,
2020,10,01,14,00,281,1.7,2.4,99.00,99.00,99.00,999,1017.8,21.3,999.0,999.0,99.0,99.00,
2020,10,01,15,00,248,2.1,3.1,99.00,99.00,99.00,999,1017.9,22.4,999.0,999.0,99.0,99.00,
2020,10,01,16,00,184,2.5,3.1,99.00,99.00,99.00,999,1017.9,22.7,999.0,999.0,99.0,99.00,
2020,10,01,17,00,188,3.1,3.6,99.00,99.00,99.00,999,1017.1,22.7,999.0,999.0,99.0,99.00,
2020,10,01,18,00,179,4.7,5.1,99.00,99.00,99.00,999,1016.7,23.1,999.0,999.0,99.0,99.00,
2020,10,01,19,00,187,5.3,5.7,99.00,99.00,99.00,999,1015.9,23.0,999.0,999.0,99.0,99.00,
2020,10,01,20,00,189,4.9,5.5,99.00,99.00,99.00,999,1015.4,23.3,999.0,999.0,99.0,99.00,
2020,10,01,21,00,194,5.3,6.0,99.00,99.00,99.00,999,1014.9,23.3,999.0,999.0,99.0,99.00,
2020,10,01,22,00,204,5.1,6.1,99.00,99.00,99.00,999,1014.6,23.2,999.0,999.0,99.0,99.00,
2020,10,01,23,00,207,5.2,6.1,99.00,99.00,99.00,999,1014.8,22.9,999.0,999.0,99.0,99.00,
2020,10,02,00,00,200,4.4,5.4,99.00,99.00,99.00,999,1014.8,22.9,999.0,999.0,99.0,99.00,
2020,10,02,01,00,204,4.6,5.3,99.00,99.00,99.00,999,1015.0,23.0,999.0,999.0,99.0,99.00,
2020,10,02,02,00,216,5.0,5.9,99.00,99.00,99.00,999,1015.5,23.2,999.0,999.0,99.0,99.00,
2020,10,02,03,00,207,5.8,6.5,99.00,99.00,99.00,999,1015.4,23.3,999.0,999.0,99.0,99.00,
2020,10,02,04,00,233,3.6,5.2,99.00,99.00,99.00,999,1015.2,22.8,999.0,999.0,99.0,99.00,
2020,10,02,05,00,236,3.3,4.5,99.00,99.00,99.00,999,1014.7,22.5,999.0,999.0,99.0,99.00,
2020,10,02,06,00,245,2.7,3.3,99.00,99.00,99.00,999,1014.3,22.0,999.0,999.0,99.0,99.00,
2020,10,02,07,00,252,2.2,2.5,99.00,99.00,99.00,999,1013.5,20.8,999.0,999.0,99.0,99.00,
2020,10,02,08,00,261,2.1,3.3,99.00,99.00,99.00,999,1013.5,20.3,999.0,999.0,99.0,99.00,
2020,10,02,09,00,282,1.9,2.4,99.00,99.00,99.00,999,1013.3,18.9,999.0,999.0,99.0,99.00,
2020,10,02,10,00,309,2.5,4.3,99.00,99.00,99.00,999,1013.5,18.0,999.0,999.0,99.0,99.00,
2020,10,02,11,00,313,2.5,4.2,99.00,99.00,99.00,999,1014.0,17.5,999.0,999.0,99.0,99.00,
2020,10,02,12,00,331,3.5,5.3,99.00,99.00,99.00,999,1014.9,17.5,999.0,999.0,99.0,99.00,
2020,10,02,13,00,0,7.5,9.7,99.00,99.00,99.00,999,1015.7,18.4,999.0,999.0,99.0,99.00,
2020,10,02,14,00,8,7.1,8.3,99.00,99.00,99.00,999,1016.2,18.6,999.0,999.0,99.0,99.00,
2020,10,02,15,00,10,6.0,7.2,99.00,99.00,99.00,999,1016.3,19.7,999.0,999.0,99.0,99.00,
2020,10,02,16,00,6,5.0,6.2,99.00,99.00,99.00,999,1016.7,20.7,999.0,999.0,99.0,99.00,
2020,10,02,17,00,45,6.0,7.1,99.00,99.00,99.00,999,1016.7,20.7,999.0,999.0,99.0,99.00,
2020,10,02,18,00,52,5.1,6.5,99.00,99.00,99.00,999,1016.5,21.2,999.0,999.0,99.0,99.00,
2020,10,02,19,00,55,4.9,5.7,99.00,99.00,99.00,999,1016.3,21.4,999.0,999.0,99.0,99.00,
2020,10,02,20,00,39,3.6,4.2,99.00,99.00,99.00,999,1016.2,21.7,999.0,999.0,99.0,99.00,
2020,10,02,21,00,10,3.2,4.5,99.00,99.00,99.00,999,1016.2,21.8,999.0,999.0,99.0,99.00,
2020,10,02,22,00,19,3.9,4.7,99.00,99.00,99.00,999,1016.4,21.7,999.0,999.0,99.0,99.00,
2020,10,02,23,00,13,5.4,6.2,99.00,99.00,99.00,999,1016.8,21.5,999.0,999.0,99.0,99.00,
2020,10,03,00,00,12,3.9,5.0,99.00,99.00,99.00,999,1017.4,21.4,999.0,999.0,99.0,99.00,
2020,10,03,01,00,358,3.8,4.7,99.00,99.00,99.00,999,1018.0,20.7,999.0,999.0,99.0,99.00,
2020,10,03,02,00,7,5.2,6.3,99.00,99.00,99.00,999,1018.8,21.1,999.0,999.0,99.0,99.00,
2020,10,03,03,00,11,5.1,5.8,99.00,99.00,99.00,999,1019.0,20.6,999.0,999.0,99.0,99.00,
2020,10,03,04,00,20,6.6,7.9,99.00,99.00,99.00,999,1019.0,20.3,999.0,999.0,99.0,99.00,
2020,10,03,05,00,10,5.8,6.9,99.00,99.00,99.00,999,1019.1,19.6,999.0,999.0,99.0,99.00,
2020,10,03,06,00,17,6.5,7.5,99.00,99.00,99.00,999,1018.9,18.9,999.0,999.0,99.0,99.00,
2020,10,03,07,00,16,6.5,7.7,99.00,99.00,99.00,999,1018.8,18.1,999.0,999.0,99.0,99.00,
2020,10,03,08,00,15,6.7,7.8,99.00,99.00,99.00,999,1018.6,17.9,999.0,999.0,99.0,99.00,
2020,10,03,09,00,14,6.5,7.9,99.00,99.00,99.00,999,1018.6,17.8,999.0,999.0,99.0,99.00,
2020,10,03,10,00,13,6.5,7.7,99.00,99.00,99.00,999,1018.6,17.7,999.0,999.0,99.0,99.00,
2020,10,03,11,00,13,6.6,8.5,99.00,99.00,99.00,999,1019.5,17.9,999.0,999.0,99.0,99.00,
2020,10,03,12,00,5,5.1,7.3,99.00,99.00,99.00,999,1020.2,17.4,999.0,999.0,99.0,99.00,
2020,10,03,13,00,14,8.1,10.5,99.00,99.00,99.00,999,1020.6,17.8,999.0,999.0,99.0,99.00,
2020,10,03,14,00,24,8.9,10.3,99.00,99.00,99.00,999,1021.0,19.2,999.0,999.0,99.0,99.00,
2020,10,03,15,00,27,9.0,10.3,99.00,99.00,99.00,999,1021.3,19.5,999.0,999.0,99.0,99.00,
2020,10,03,16,00,31,8.6,9.8,99.00,99.00,99.00,999,1021.7,20.0,999.0,999.0,99.0,99.00,
2020,10,03,17,00,29,6.7,7.5,99.00,99.00,99.00,999,1021.5,20.4,999.0,999.0,99.0,99.00,
2020,10,03,18,00,11,7.0,8.3,99.00,99.00,99.00,999,1021.0,20.5,999.0,999.0,99.0,99.00,
2020,10,03,19,00,13,7.4,8.6,99.00,99.00,99.00,999,1020.5,20.5,999.0,999.0,99.0,99.00,
2020,10,03,20,00,9,5.8,7.1,99.00,99.00,99.00,999,1020.0,20.5,999.0,999.0,99.0,99.00,
2020,10,03,21,00,17,6.0,7.2,99.00,99.00,99.00,999,1019.9,20.4,999.0,999.0,99.0,99.00,
2020,10,03,22,00,1,5.3,7.6,99.00,99.00,99.00,999,1020.0,20.0,999.0,999.0,99.0,99.00,
2020,10,03,23,00,12,6.8,7.9,99.00,99.00,99.00,999,1020.1,19.8,999.0,999.0,99.0,99.00,
2020,10,04,00,00,16,7.1,7.8,99.00,99.00,99.00,999,1020.6,20.0,999.0,999.0,99.0,99.00,
2020,10,04,01,00,16,7.9,9.0,99.00,99.00,99.00,999,1021.0,19.9,999.0,999.0,99.0,99.00,
2020,10,04,02,00,15,7.7,8.9,99.00,99.00,99.00,999,1021.1,19.6,999.0,999.0,99.0,99.00,
2020,10,04,03,00,14,7.2,8.9,99.00,99.00,99.00,999,1020.9,19.2,999.0,999.0,99.0,99.00,
2020,10,04,04,00,14,6.5,7.6,99.00,99.00,99.00,999,1020.5,19.0,999.0,999.0,99.0,99.00,
2020,10,04,05,00,0,5.8,6.9,99.00,99.00,99.00,999,1020.1,18.7,999.0,999.0,99.0,99.00,
2020,10,04,06,00,0,6.0,7.4,99.00,99.00,99.00,999,1019.5,18.4,999.0,999.0,99.0,99.00,
2020,10,04,07,00,6,7.9,9.6,99.00,99.00,99.00,999,1018.9,18.2,999.0,999.0,99.0,99.00,
2020,10,04,08,00,351,5.6,7.3,99.00,99.00,99.00,999,1018.6,17.3,999.0,999.0,99.0,99.00,
2020,10,04,09,00,348,4.9,5.8,99.00,99.00,99.00,999,1018.4,17.2,999.0,999.0,99.0,99.00,
2020,10,04,10,00,347,5.8,7.4,99.00,99.00,99.00,999,1018.4,16.8,999.0,999.0,99.0,99.00,
2020,10,04,11,00,359,5.1,6.2,99.00,99.00,99.00,999,1018.6,16.8,999.0,999.0,99.0,99.00,
2020,10,04,12,00,354,5.7,7.7,99.00,99.00,99.00,999,1018.7,16.7,999.0,999.0,99.0,99.00,
2020,10,04,13,00,356,6.7,8.2,99.00,99.00,99.00,999,1019.2,16.9,999.0,999.0,99.0,99.00,
2020,10,04,14,00,359,4.3,5.6,99.00,99.00,99.00,999,1019.9,17.3,999.0,999.0,99.0,99.00,
2020,10,04,15,00,12,5.8,6.8,99.00,99.00,99.00,999,1019.9,18.1,999.0,999.0,99.0,99.00,
2020,10,04,16,00,11,6.3,7.7,99.00,99.00,99.00,999,1019.8,19.0,999.0,999.0,99.0,99.00,
2020,10,04,17,00,9,5.9,6.7,99.00,99.00,99.00,999,1019.5,19.9,999.0,999.0,99.0,99.00,
2020,10,04,18,00,2,6.2,7.3,99.00,99.00,99.00,999,1018.7,20.1,999.0,999.0,99.0,99.00,
2020,10,04,19,00,352,5.0,5.8,99.00,99.00,99.00,999,1018.3,20.2,999.0,999.0,99.0,99.00,
2020,10,04,20,00,357,5.5,6.3,99.00,99.00,99.00,999,1018.3,20.4,999.0,999.0,99.0,99.00,
2020,10,04,21,00,355,5.4,6.3,99.00,99.00,99.00,999,1018.5,20.0,999.0,999.0,99.0,99.00,
2020,10,04,22,00,29,6.0,6.5,99.00,99.00,99.00,999,1018.7,20.0,999.0,999.0,99.0,99.00,
2020,10,04,23,00,36,5.6,6.2,99.00,99.00,99.00,999,1019.0,19.8,999.0,999.0,99.0,99.00,
2020,10,05,00,00,34,5.3,6.2,99.00,99.00,99.00,999,1019.3,19.8,999.0,999.0,99.0,99.00,
2020,10,05,01,00,30,5.3,5.9,99.00,99.00,99.00,999,1019.6,19.6,999.0,999.0,99.0,99.00,
2020,10,05,02,00,357,4.7,6.0,99.00,99.00,99.00,999,1019.7,19.0,999.0,999.0,99.0,99.00,
2020,10,05,03,00,359,5.0,6.1,99.00,99.00,99.00,999,1019.6,18.7,999.0,999.0,99.0,99.00,
2020,10,05,04,00,358,4.8,6.0,99.00,99.00,99.00,999,1019.6,18.4,999.0,999.0,99.0,99.00,
2020,10,05,05,00,14,4.5,5.3,99.00,99.00,99.00,999,1019.8,18.3,999.0,999.0,99.0,99.00,
2020,10,05,06,00,15,6.1,7.0,99.00,99.00,99.00,999,1019.5,18.3,999.0,999.0,99.0,99.00,
2020,10,05,07,00,10,5.7,6.8,99.00,99.00,99.00,999,1019.4,18.0,999.0,999.0,99.0,99.00,
2020,10,05,08,00,355,4.0,5.0,99.00,99.00,99.00,999,1019.4,17.7,999.0,999.0,99.0,99.00,
2020,10,05,09,00,19,4.9,6.1,99.00,99.00,99.00,999,1019.6,17.8,999.0,999.0,99.0,99.00,
2020,10,05,10,00,7,5.3,6.3,99.00,99.00,99.00,999,1020.0,17.6,999.0,999.0,99.0,99.00,
2020,10,05,11,00,18,6.0,6.9,99.00,99.00,99.00,999,1020.5,17.7,999.0,999.0,99.0,99.00,
2020,10,05,12,00,13,6.5,7.3,99.00,99.00,99.00,999,1020.8,17.5,999.0,999.0,99.0,99.00,
2020,10,05,13,00,18,6.6,7.8,99.00,99.00,99.00,999,1021.2,17.7,999.0,999.0,99.0,99.00,
2020,10,05,14,00,21,6.1,7.1,99.00,99.00,99.00,999,1021.2,18.8,999.0,999.0,99.0,99.00,
2020,10,05,15,00,25,6.3,7.1,99.00,99.00,99.00,999,1021.5,19.7,999.0,999.0,99.0,99.00,
2020,10,05,16,00,49,6.0,6.6,99.00,99.00,99.00,999,1021.7,20.2,999.0,999.0,99.0,99.00,
2020,10,05,17,00,43,6.3,6.9,99.00,99.00,99.00,999,1021.4,20.7,999.0,999.0,99.0,99.00,
2020,10,05,18,00,59,6.7,7.7,99.00,99.00,99.00,999,1021.0,21.6,999.0,999.0,99.0,99.00,
2020,10,05,19,00,51,7.4,8.7,99.00,99.00,99.00,999,1020.4,22.0,999.0,999.0,99.0,99.00,
2020,10,05,20,00,53,8.3,9.2,99.00,99.00,99.00,999,1020.2,21.5,999.0,999.0,99.0,99.00,
2020,10,05,21,00,51,8.1,9.5,99.00,99.00,99.00,999,1020.3,21.3,999.0,999.0,99.0,99.00,
2020,10,05,22,00,34,7.9,9.0,99.00,99.00,99.00,999,1020.4,21.1,999.0,999.0,99.0,99.00,
2020,10,05,23,00,36,7.7,8.6,99.00,99.00,99.00,999,1020.5,20.8,999.0,999.0,99.0,99.00,
2020,10,06,00,00,33,6.7,7.6,99.00,99.00,99.00,999,1020.6,20.6,999.0,999.0,99.0,99.00,
2020,10,06,01,00,26,5.9,6.7,99.00,99.00,99.00,999,1020.8,20.6,999.0,999.0,99.0,99.00,
2020,10,06,02,00,52,9.0,9.8,99.00,99.00,99.00,999,1020.6,21.8,999.0,999.0,99.0,99.00,
2020,10,06,03,00,49,7.0,8.0,99.00,99.00,99.00,999,1021.0,22.1,999.0,999.0,99.0,99.00,
2020,10,06,04,00,47,7.3,7.9,99.00,99.00,99.00,999,1020.8,22.3,999.0,999.0,99.0,99.00,
2020,10,06,05,00,13,3.7,4.5,99.00,99.00,99.00,999,1020.3,21.2,999.0,999.0,99.0,99.00,
2020,10,06,06,00,14,4.4,5.5,99.00,99.00,99.00,999,1020.0,21.0,999.0,999.0,99.0,99.00,
2020,10,06,07,00,26,6.1,7.1,99.00,99.00,99.00,999,1019.2,21.1,999.0,999.0,99.0,99.00,
2020,10,06,08,00,28,6.0,6.6,99.00,99.00,99.00,999,1019.0,21.1,999.0,999.0,99.0,99.00,
2020,10,06,09,00,28,6.4,7.1,99.00,99.00,99.00,999,1019.1,21.1,999.0,999.0,99.0,99.00,
2020,10,06,10,00,32,7.6,8.9,99.00,99.00,99.00,999,1019.1,21.0,999.0,999.0,99.0,99.00,
2020,10,06,11,00,18,6.9,8.0,99.00,99.00,99.00,999,1019.6,20.4,999.0,999.0,99.0,99.00,
2020,10,06,12,00,19,7.1,8.9,99.00,99.00,99.00,999,1019.8,20.3,999.0,999.0,99.0,99.00,
2020,10,06,13,00,26,7.6,9.0,99.00,99.00,99.00,999,1020.1,20.6,999.0,999.0,99.0,99.00,
2020,10,06,14,00,30,7.9,9.1,99.00,99.00,99.00,999,1020.5,20.8,999.0,999.0,99.0,99.00,
2020,10,06,15,00,30,7.5,8.4,99.00,99.00,99.00,999,1020.5,21.2,999.0,999.0,99.0,99.00,
2020,10,06,16,00,38,8.2,9.4,99.00,99.00,99.00,999,1020.4,21.8,999.0,999.0,99.0,99.00,
2020,10,06,17,00,38,9.5,10.2,99.00,99.00,99.00,999,1020.0,21.9,999.0,999.0,99.0,99.00,
2020,10,06,18,00,37,9.1,10.7,99.00,99.00,99.00,999,1019.2,21.8,999.0,999.0,99.0,99.00,
2020,10,06,19,00,41,9.0,9.8,99.00,99.00,99.00,999,1018.6,22.0,999.0,999.0,99.0,99.00,
2020,10,06,20,00,24,6.9,8.1,99.00,99.00,99.00,999,1018.1,22.1,999.0,999.0,99.0,99.00,
2020,10,06,21,00,27,6.3,7.7,99.00,99.00,99.00,999,1017.8,21.7,999.0,999.0,99.0,99.00,
2020,10,06,22,00,23,6.0,7.5,99.00,99.00,99.00,999,1017.9,21.9,999.0,999.0,99.0,99.00,
2020,10,06,23,00,14,4.1,4.8,99.00,99.00,99.00,999,1018.2,21.9,999.0,999.0,99.0,99.00,
2020,10,07,00,00,28,4.6,5.1,99.00,99.00,99.00,999,1018.2,21.7,999.0,999.0,99.0,99.00,
2020,10,07,01,00,25,4.4,5.5,99.00,99.00,99.00,999,1018.5,21.6,999.0,999.0,99.0,99.00,
2020,10,07,02,00,16,3.9,4.6,99.00,99.00,99.00,999,1018.3,21.5,999.0,999.0,99.0,99.00,
2020,10,07,03,00,348,3.3,4.4,99.00,99.00,99.00,999,1018.5,20.7,999.0,999.0,99.0,99.00,
2020,10,07,04,00,1,2.8,3.3,99.00,99.00,99.00,999,1018.2,20.6,999.0,999.0,99.0,99.00,
2020,10,07,05,00,348,2.4,3.0,99.00,99.00,99.00,999,1018.0,20.4,999.0,999.0,99.0,99.00,
2020,10,07,06,00,342,2.9,3.7,99.00,99.00,99.00,999,1017.6,20.3,999.0,999.0,99.0,99.00,
2020,10,07,07,00,326,2.2,2.9,99.00,99.00,99.00,999,1017.2,19.8,999.0,999.0,99.0,99.00,
2020,10,07,08,00,332,1.6,2.4,99.00,99.00,99.00,999,1016.7,19.6,999.0,999.0,99.0,99.00,
2020,10,07,09,00,343,2.9,3.6,99.00,99.00,99.00,999,1016.7,19.4,999.0,999.0,99.0,99.00,
2020,10,07,10,00,339,2.4,3.2,99.00,99.00,99.00,999,1016.9,19.1,999.0,999.0,99.0,99.00,
2020,10,07,11,00,347,1.4,1.8,99.00,99.00,99.00,999,1017.2,19.1,999.0,999.0,99.0,99.00,
2020,10,07,12,00,352,1.7,2.1,99.00,99.00,99.00,999,1017.6,19.8,999.0,999.0,99.0,99.00,
2020,10,07,13,00,346,2.6,3.4,99.00,99.00,99.00,999,1018.2,21.6,999.0,999.0,99.0,99.00,
2020,10,07,14,00,345,3.1,4.6,99.00,99.00,99.00,999,1018.4,23.1,999.0,999.0,99.0,99.00,
2020,10,07,15,00,354,2.5,3.5,99.00,99.00,99.00,999,1018.4,24.6,999.0,999.0,99.0,99.00,
2020,10,07,16,00,348,2.8,3.3,99.00,99.00,99.00,999,1018.3,26.1,999.0,999.0,99.0,99.00,
2020,10,07,17,00,49,1.3,1.8,99.00,99.00,99.00,999,1017.9,26.0,999.0,999.0,99.0,99.00,
2020,10,07,18,00,150,3.7,4.1,99.00,99.00,99.00,999,1017.3,24.9,999.0,999.0,99.0,99.00,
2020,10,07,19,00,190,4.3,4.8,99.00,99.00,99.00,999,1016.8,24.9,999.0,999.0,99.0,99.00,
2020,10,07,20,00,199,3.7,4.5,99.00,99.00,99.00,999,1016.3,25.0,999.0,999.0,99.0,99.00,
2020,10,07,21,00,209,4.2,4.8,99.00,99.00,99.00,999,1015.9,24.3,999.0,999.0,99.0,99.00,
2020,10,07,22,00,199,3.1,3.8,99.00,99.00,99.00,999,1015.9,24.3,999.0,999.0,99.0,99.00,
2020,10,07,23,00,213,3.3,3.9,99.00,99.00,99.00,999,1016.2,23.8,999.0,999.0,99.0,99.00,
2020,10,08,00,00,231,3.0,3.8,99.00,99.00,99.00,999,1016.4,23.2,999.0,999.0,99.0,99.00,
2020,10,08,01,00,235,2.8,4.1,99.00,99.00,99.00,999,1016.8,23.0,999.0,999.0,99.0,99.00,
2020,10,08,02,00,221,2.9,3.6,99.00,99.00,99.00,999,1017.1,23.0,999.0,999.0,99.0,99.00,
2020,10,08,03,00,233,3.0,4.4,99.00,99.00,99.00,999,1017.2,22.8,999.0,999.0,99.0,99.00,
2020,10,08,04,00,234,2.7,3.6,99.00,99.00,99.00,999,1017.2,22.7,999.0,999.0,99.0,99.00,
2020,10,08,05,00,256,1.1,1.5,99.00,99.00,99.00,999,1017.1,22.3,999.0,999.0,99.0,99.00,
2020,10,08,06,00,265,1.4,2.0,99.00,99.00,99.00,999,1017.2,22.1,999.0,999.0,99.0,99.00,
2020,10,08,07,00,250,1.6,2.6,99.00,99.00,99.00,999,1017.0,21.7,999.0,999.0,99.0,99.00,
2020,10,08,08,00,257,2.3,2.9,99.00,99.00,99.00,999,1017.0,21.4,999.0,999.0,99.0,99.00,
2020,10,08,09,00,258,2.3,2.9,99.00,99.00,99.00,999,1017.3,21.0,999.0,999.0,99.0,99.00,
2020,10,08,10,00,259,1.9,2.5,99.00,99.00,99.00,999,1017.5,20.8,999.0,999.0,99.0,99.00,
2020,10,08,11,00,252,2.3,3.1,99.00,99.00,99.00,999,1018.0,20.5,999.0,999.0,99.0,99.00,
2020,10,08,12,00,273,1.7,1.9,99.00,99.00,99.00,999,1018.4,20.5,999.0,999.0,99.0,99.00,
2020,10,08,13,00,307,1.1,1.6,99.00,99.00,99.00,999,1019.0,22.2,999.0,999.0,99.0,99.00,
2020,10,08,14,00,358,1.8,2.3,99.00,99.00,99.00,999,1019.3,24.0,999.0,999.0,99.0,99.00,
2020,10,08,15,00,336,1.5,1.9,99.00,99.00,99.00,999,1019.4,25.8,999.0,999.0,99.0,99.00,
2020,10,08,16,00,25,2.5,2.8,99.00,99.00,99.00,999,1019.4,25.4,999.0,999.0,99.0,99.00,
2020,10,08,17,00,82,2.1,2.4,99.00,99.00,99.00,999,1019.0,25.9,999.0,999.0,99.0,99.00,
2020,10,08,18,00,103,2.5,2.7,99.00,99.00,99.00,999,1018.6,24.8,999.0,999.0,99.0,99.00,
2020,10,08,19,00,132,2.2,2.3,99.00,99.00,99.00,999,1018.2,25.0,999.0,999.0,99.0,99.00,
2020,10,08,20,00,128,2.1,2.3,99.00,99.00,99.00,999,1018.0,24.9,999.0,999.0,99.0,99.00,
2020,10,08,21,00,131,1.6,1.9,99.00,99.00,99.00,999,1018.0,24.9,999.0,999.0,99.0,99.00,
2020,10,08,22,00,125,1.9,2.1,99.00,99.00,99.00,999,1018.2,25.0,999.0,999.0,99.0,99.00,
2020,10,08,23,00,157,1.2,1.4,99.00,99.00,99.00,999,1018.4,24.7,999.0,999.0,99.0,99.00,
2020,10,09,00,00,151,0.1,0.3,99.00,99.00,99.00,999,1018.6,23.5,999.0,999.0,99.0,99.00,
2020,10,09,01,00,151,0.6,0.7,99.00,99.00,99.00,999,1019.1,23.3,999.0,999.0,99.0,99.00,
2020,10,09,02,00,151,0.5,0.5,99.00,99.00,99.00,999,1019.6,22.6,999.0,999.0,99.0,99.00,
2020,10,09,03,00,0,0.0,0.0,99.00,99.00,99.00,999,1019.9,22.3,999.0,999.0,99.0,99.00,
2020,10,09,04,00,0,0.0,0.1,99.00,99.00,99.00,999,1020.1,22.4,999.0,999.0,99.0,99.00,
2020,10,09,05,00,0,0.0,0.0,99.00,99.00,99.00,999,1019.9,21.7,999.0,999.0,99.0,99.00,
2020,10,09,06,00,15,0.6,0.7,99.00,99.00,99.00,999,1019.9,21.6,999.0,999.0,99.0,99.00,
2020,10,09,07,00,17,1.3,1.4,99.00,99.00,99.00,999,1019.8,21.7,999.0,999.0,99.0,99.00,
2020,10,09,08,00,26,1.1,1.3,99.00,99.00,99.00,999,1019.4,22.0,999.0,999.0,99.0,99.00,
2020,10,09,09,00,38,1.4,1.6,99.00,99.00,99.00,999,1019.2,22.2,999.0,999.0,99.0,99.00,
2020,10,09,10,00,0,1.9,2.0,99.00,99.00,99.00,999,1019.7,21.3,999.0,999.0,99.0,99.00,
2020,10,09,11,00,45,2.7,2.9,99.00,99.00,99.00,999,1020.1,21.8,999.0,999.0,99.0,99.00,
2020,10,09,12,00,51,2.9,3.1,99.00,99.00,99.00,999,1020.9,22.4,999.0,999.0,99.0,99.00,
2020,10,09,13,00,48,4.5,4.8,99.00,99.00,99.00,999,1021.6,23.0,999.0,999.0,99.0,99.00,
2020,10,09,14,00,47,6.2,6.7,99.00,99.00,99.00,999,1022.3,23.0,999.0,999.0,99.0,99.00,
2020,10,09,15,00,58,5.8,6.4,99.00,99.00,99.00,999,1022.4,23.2,999.0,999.0,99.0,99.00,
2020,10,09,16,00,45,5.8,6.6,99.00,99.00,99.00,999,1022.4,23.6,999.0,999.0,99.0,99.00,
2020,10,09,17,00,52,5.6,6.3,99.00,99.00,99.00,999,1022.2,24.3,999.0,999.0,99.0,99.00,
2020,10,09,18,00,57,4.6,5.4,99.00,99.00,99.00,999,1021.4,24.6,999.0,999.0,99.0,99.00,
2020,10,09,19,00,49,4.9,5.4,99.00,99.00,99.00,999,1020.9,24.2,999.0,999.0,99.0,99.00,
2020,10,09,20,00,48,4.2,5.2,99.00,99.00,99.00,999,1020.7,24.7,999.0,999.0,99.0,99.00,
2020,10,09,21,00,64,4.1,4.6,99.00,99.00,99.00,999,1021.0,24.6,999.0,999.0,99.0,99.00,
2020,10,09,22,00,68,3.8,4.2,99.00,99.00,99.00,999,1020.9,24.3,999.0,999.0,99.0,99.00,
2020,10,09,23,00,48,3.7,3.9,99.00,99.00,99.00,999,1020.9,23.9,999.0,999.0,99.0,99.00,
2020,10,10,00,00,71,3.1,3.3,99.00,99.00,99.00,999,1021.1,23.9,999.0,999.0,99.0,99.00,
2020,10,10,01,00,93,2.3,2.6,99.00,99.00,99.00,999,1021.3,24.3,999.0,999.0,99.0,99.00,
2020,10,10,02,00,114,2.7,2.7,99.00,99.00,99.00,999,1021.2,24.2,999.0,999.0,99.0,99.00,
2020,10,10,03,00,132,4.4,4.7,99.00,99.00,99.00,999,1021.2,24.6,999.0,999.0,99.0,99.00,
2020,10,10,04,00,131,4.3,4.6,99.00,99.00,99.00,999,1020.8,24.6,999.0,999.0,99.0,99.00,
2020,10,10,05,00,130,4.4,4.6,99.00,99.00,99.00,999,1020.1,24.6,999.0,999.0,99.0,99.00,
2020,10,10,06,00,140,4.8,5.1,99.00,99.00,99.00,999,1020.0,24.6,999.0,999.0,99.0,99.00,
2020,10,10,07,00,141,4.2,4.5,99.00,99.00,99.00,999,1019.8,24.6,999.0,999.0,99.0,99.00,
2020,10,10,08,00,131,5.7,6.4,99.00,99.00,99.00,999,1018.9,24.8,999.0,999.0,99.0,99.00,
2020,10,10,09,00,136,5.0,5.7,99.00,99.00,99.00,999,1018.7,24.7,999.0,999.0,99.0,99.00,
2020,10,10,10,00,137,4.8,5.3,99.00,99.00,99.00,999,1018.9,24.6,999.0,999.0,99.0,99.00,
2020,10,10,11,00,132,4.9,5.4,99.00,99.00,99.00,999,1019.3,24.7,999.0,999.0,99.0,99.00,
2020,10,10,12,00,119,5.3,5.9,99.00,99.00,99.00,999,1019.4,24.6,999.0,999.0,99.0,99.00,
2020,10,10,13,00,127,5.2,5.6,99.00,99.00,99.00,999,1019.6,24.7,999.0,999.0,99.0,99.00,
2020,10,10,14,00,123,5.6,6.2,99.00,99.00,99.00,999,1019.6,24.7,999.0,999.0,99.0,99.00,
2020,10,10,15,00,131,6.5,7.2,99.00,99.00,99.00,999,1019.5,25.1,999.0,999.0,99.0,99.00,
2020,10,10,16,00,129,7.3,8.3,99.00,99.00,99.00,999,1019.2,25.1,999.0,999.0,99.0,99.00,
2020,10,10,17,00,127,7.1,7.7,99.00,99.00,99.00,999,1018.5,25.3,999.0,999.0,99.0,99.00,
2020,10,10,18,00,131,7.7,8.8,99.00,99.00,99.00,999,1017.5,25.2,999.0,999.0,99.0,99.00,
2020,10,10,19,00,127,7.2,7.9,99.00,99.00,99.00,999,1016.6,25.2,999.0,999.0,99.0,99.00,
2020,10,10,20,00,123,6.6,7.3,99.00,99.00,99.00,999,1016.1,25.1,999.0,999.0,99.0,99.00,
2020,10,10,21,00,124,6.4,7.6,99.00,99.00,99.00,999,1015.9,25.0,999.0,999.0,99.0,99.00,
2020,10,10,22,00,120,5.1,5.7,99.00,99.00,99.00,999,1015.8,24.8,999.0,999.0,99.0,99.00,
2020,10,10,23,00,131,5.6,6.1,99.00,99.00,99.00,999,1015.7,24.8,999.0,999.0,99.0,99.00,
2020,10,11,00,00,90,5.3,6.2,99.00,99.00,99.00,999,1015.2,24.2,999.0,999.0,99.0,99.00,
2020,10,11,01,00,109,5.9,6.5,99.00,99.00,99.00,999,1015.4,24.9,999.0,999.0,99.0,99.00,
2020,10,11,02,00,125,7.3,8.5,99.00,99.00,99.00,999,1015.3,25.0,999.0,999.0,99.0,99.00,
2020,10,11,03,00,130,7.2,8.2,99.00,99.00,99.00,999,1014.9,24.9,999.0,999.0,99.0,99.00,
2020,10,11,04,00,144,5.7,6.0,99.00,99.00,99.00,999,1014.2,25.0,999.0,999.0,99.0,99.00,
2020,10,11,05,00,172,6.6,7.1,99.00,99.00,99.00,999,1013.9,24.8,999.0,999.0,99.0,99.00,
2020,10,11,06,00,183,8.8,10.0,99.00,99.00,99.00,999,1013.8,23.8,999.0,999.0,99.0,99.00,
2020,10,11,07,00,175,5.4,6.0,99.00,99.00,99.00,999,1012.8,24.5,999.0,999.0,99.0,99.00,
2020,10,11,08,00,188,2.9,3.1,99.00,99.00,99.00,999,1012.1,24.3,999.0,999.0,99.0,99.00,
2020,10,11,09,00,189,5.7,6.5,99.00,99.00,99.00,999,1012.0,24.3,999.0,999.0,99.0,99.00,
2020,10,11,10,00,190,3.9,4.2,99.00,99.00,99.00,999,1012.1,24.0,999.0,999.0,99.0,99.00,
2020,10,11,11,00,159,2.0,2.4,99.00,99.00,99.00,999,1012.4,23.9,999.0,999.0,99.0,99.00,
2020,10,11,12,00,154,1.4,1.6,99.00,99.00,99.00,999,1012.8,24.2,999.0,999.0,99.0,99.00,
2020,10,11,13,00,152,3.2,3.5,99.00,99.00,99.00,999,1013.2,24.3,999.0,999.0,99.0,99.00,
2020,10,11,14,00,172,3.3,3.7,99.00,99.00,99.00,999,1013.1,24.6,999.0,999.0,99.0,99.00,
2020,10,11,15,00,174,4.4,4.7,99.00,99.00,99.00,999,1012.8,25.2,999.0,999.0,99.0,99.00,
2020,10,11,16,00,171,4.8,5.4,99.00,99.00,99.00,999,1012.5,25.4,999.0,999.0,99.0,99.00,
2020,10,11,17,00,176,5.1,5.5,99.00,99.00,99.00,999,1012.0,25.4,999.0,999.0,99.0,99.00,
2020,10,11,18,00,182,5.4,6.5,99.00,99.00,99.00,999,1011.3,25.6,999.0,999.0,99.0,99.00,
2020,10,11,19,00,197,4.9,5.8,99.00,99.00,99.00,999,1010.6,26.0,999.0,999.0,99.0,99.00,
2020,10,11,20,00,198,5.8,6.5,99.00,99.00,99.00,999,1010.2,25.9,999.0,999.0,99.0,99.00,
2020,10,11,21,00,196,6.3,7.4,99.00,99.00,99.00,999,1010.2,25.7,999.0,999.0,99.0,99.00,
2020,10,11,22,00,201,5.2,6.0,99.00,99.00,99.00,999,1010.5,25.4,999.0,999.0,99.0,99.00,
2020,10,11,23,00,195,4.7,5.3,99.00,99.00,99.00,999,1010.9,25.0,999.0,999.0,99.0,99.00,
2020,10,12,00,00,211,4.5,4.9,99.00,99.00,99.00,999,1011.2,24.9,999.0,999.0,99.0,99.00,
2020,10,12,01,00,201,4.8,5.6,99.00,99.00,99.00,999,1011.3,24.8,999.0,999.0,99.0,99.00,
2020,10,12,02,00,211,5.7,6.2,99.00,99.00,99.00,999,1011.6,24.9,999.0,999.0,99.0,99.00,
2020,10,12,03,00,198,5.4,6.2,99.00,99.00,99.00,999,1011.5,25.0,999.0,999.0,99.0,99.00,
2020,10,12,04,00,201,5.2,6.3,99.00,99.00,99.00,999,1011.6,25.0,999.0,999.0,99.0,99.00,
2020,10,12,05,00,198,5.8,6.5,99.00,99.00,99.00,999,1011.3,25.1,999.0,999.0,99.0,99.00,
2020,10,12,06,00,221,3.8,4.3,99.00,99.00,99.00,999,1011.1,24.8,999.0,999.0,99.0,99.00,
2020,10,12,07,00,239,2.0,2.6,99.00,99.00,99.00,999,1010.9,24.6,999.0,999.0,99.0,99.00,
2020,10,12,08,00,262,2.1,3.1,99.00,99.00,99.00,999,1010.4,24.5,999.0,999.0,99.0,99.00,
2020,10,12,09,00,287,1.3,2.0,99.00,99.00,99.00,999,1010.4,24.0,999.0,999.0,99.0,99.00,
2020,10,12,10,00,261,0.8,1.2,99.00,99.00,99.00,999,1011.0,23.3,999.0,999.0,99.0,99.00,
2020,10,12,11,00,251,1.2,1.7,99.00,99.00,99.00,999,1011.7,23.5,999.0,999.0,99.0,99.00,
2020,10,12,12,00,252,1.4,1.8,99.00,99.00,99.00,999,1012.1,23.7,999.0,999.0,99.0,99.00,
2020,10,12,13,00,236,2.2,3.1,99.00,99.00,99.00,999,1012.9,24.0,999.0,999.0,99.0,99.00,
2020,10,12,14,00,245,3.1,4.1,99.00,99.00,99.00,999,1013.2,24.0,999.0,999.0,99.0,99.00,
2020,10,12,15,00,245,2.9,5.4,99.00,99.00,99.00,999,1013.2,25.0,999.0,999.0,99.0,99.00,
2020,10,12,16,00,252,2.4,3.7,99.00,99.00,99.00,999,1013.2,25.6,999.0,999.0,99.0,99.00,
2020,10,12,17,00,216,5.3,6.0,99.00,99.00,99.00,999,1012.5,24.8,999.0,999.0,99.0,99.00,
2020,10,12,18,00,214,5.6,6.5,99.00,99.00,99.00,999,1011.8,24.7,999.0,999.0,99.0,99.00,
2020,10,12,19,00,218,6.1,7.2,99.00,99.00,99.00,999,1011.2,24.5,999.0,999.0,99.0,99.00,
2020,10,12,20,00,219,5.2,6.3,99.00,99.00,99.00,999,1011.2,24.7,999.0,999.0,99.0,99.00,
2020,10,12,21,00,265,3.1,4.9,99.00,99.00,99.00,999,1011.0,27.0,999.0,999.0,99.0,99.00,
2020,10,12,22,00,265,2.6,3.6,99.00,99.00,99.00,999,1011.2,26.0,999.0,999.0,99.0,99.00,
2020,10,12,23,00,253,1.8,2.6,99.00,99.00,99.00,999,1011.5,24.8,999.0,999.0,99.0,99.00,
2020,10,13,00,00,266,1.4,2.7,99.00,99.00,99.00,999,1012.2,23.9,999.0,999.0,99.0,99.00,
2020,10,13,01,00,275,1.5,2.3,99.00,99.00,99.00,999,1012.6,23.6,999.0,999.0,99.0,99.00,
2020,10,13,02,00,250,1.2,1.5,99.00,99.00,99.00,999,1013.0,23.2,999.0,999.0,99.0,99.00,
2020,10,13,03,00,259,1.5,2.0,99.00,99.00,99.00,999,1013.3,23.0,999.0,999.0,99.0,99.00,
2020,10,13,04,00,288,1.3,1.9,99.00,99.00,99.00,999,1013.4,22.4,999.0,999.0,99.0,99.00,
2020,10,13,05,00,264,1.1,1.9,99.00,99.00,99.00,999,1013.1,22.5,999.0,999.0,99.0,99.00,
2020,10,13,06,00,254,1.8,2.3,99.00,99.00,99.00,999,1013.1,22.2,999.0,999.0,99.0,99.00,
2020,10,13,07,00,287,1.6,1.9,99.00,99.00,99.00,999,1013.1,22.0,999.0,999.0,99.0,99.00,
2020,10,13,08,00,290,2.5,3.5,99.00,99.00,99.00,999,1013.0,22.0,999.0,999.0,99.0,99.00,
2020,10,13,09,00,306,1.9,2.5,99.00,99.00,99.00,999,1013.1,21.9,999.0,999.0,99.0,99.00,
2020,10,13,10,00,306,1.8,2.2,99.00,99.00,99.00,999,1013.6,21.6,999.0,999.0,99.0,99.00,
2020,10,13,11,00,269,1.1,1.5,99.00,99.00,99.00,999,1013.9,21.5,999.0,999.0,99.0,99.00,
2020,10,13,12,00,247,1.4,1.9,99.00,99.00,99.00,999,1014.5,21.6,999.0,999.0,99.0,99.00,
2020,10,13,13,00,336,1.5,2.0,99.00,99.00,99.00,999,1014.9,22.9,999.0,999.0,99.0,99.00,
2020,10,13,14,00,54,1.3,1.5,99.00,99.00,99.00,999,1015.4,23.8,999.0,999.0,99.0,99.00,
2020,10,13,15,00,178,2.3,2.9,99.00,99.00,99.00,999,1015.7,24.2,999.0,999.0,99.0,99.00,
2020,10,13,16,00,197,2.3,3.0,99.00,99.00,99.00,999,1015.5,25.8,999.0,999.0,99.0,99.00,
2020,10,13,17,00,111,0.6,2.2,99.00,99.00,99.00,999,1015.1,25.9,999.0,999.0,99.0,99.00,
2020,10,13,18,00,211,4.5,5.5,99.00,99.00,99.00,999,1014.4,26.5,999.0,999.0,99.0,99.00,
2020,10,13,19,00,191,4.6,5.0,99.00,99.00,99.00,999,1013.6,26.1,999.0,999.0,99.0,99.00,
2020,10,13,20,00,169,3.6,3.9,99.00,99.00,99.00,999,1013.4,25.5,999.0,999.0,99.0,99.00,
2020,10,13,21,00,171,3.8,4.2,99.00,99.00,99.00,999,1013.2,25.1,999.0,999.0,99.0,99.00,
2020,10,13,22,00,167,3.4,3.7,99.00,99.00,99.00,999,1013.4,25.1,999.0,999.0,99.0,99.00,
2020,10,13,23,00,199,2.5,3.0,99.00,99.00,99.00,999,1013.6,24.9,999.0,999.0,99.0,99.00,
2020,10,14,00,00,188,2.7,3.0,99.00,99.00,99.00,999,1014.3,24.8,999.0,999.0,99.0,99.00,
2020,10,14,01,00,170,2.6,2.9,99.00,99.00,99.00,999,1014.6,24.8,999.0,999.0,99.0,99.00,
2020,10,14,02,00,182,2.9,3.1,99.00,99.00,99.00,999,1014.9,24.6,999.0,999.0,99.0,99.00,
2020,10,14,03,00,173,1.1,1.3,99.00,99.00,99.00,999,1015.2,24.6,999.0,999.0,99.0,99.00,
2020,10,14,04,00,182,0.4,0.6,99.00,99.00,99.00,999,1015.3,24.3,999.0,999.0,99.0,99.00,
2020,10,14,05,00,341,1.9,2.2,99.00,99.00,99.00,999,1015.4,23.6,999.0,999.0,99.0,99.00,
2020,10,14,06,00,4,1.4,1.5,99.00,99.00,99.00,999,1015.2,23.3,999.0,999.0,99.0,99.00,
2020,10,14,07,00,35,2.0,2.2,99.00,99.00,99.00,999,1015.2,23.4,999.0,999.0,99.0,99.00,
2020,10,14,08,00,27,2.5,2.9,99.00,99.00,99.00,999,1015.3,23.7,999.0,999.0,99.0,99.00,
2020,10,14,09,00,356,2.7,3.4,99.00,99.00,99.00,999,1015.8,23.1,999.0,999.0,99.0,99.00,
2020,10,14,10,00,13,5.3,6.0,99.00,99.00,99.00,999,1016.7,21.9,999.0,999.0,99.0,99.00,
2020,10,14,11,00,6,5.3,6.2,99.00,99.00,99.00,999,1017.1,20.6,999.0,999.0,99.0,99.00,
2020,10,14,12,00,5,6.0,6.9,99.00,99.00,99.00,999,1017.8,19.8,999.0,999.0,99.0,99.00,
2020,10,14,13,00,13,3.6,4.5,99.00,99.00,99.00,999,1018.6,20.3,999.0,999.0,99.0,99.00,
2020,10,14,14,00,20,3.8,4.4,99.00,99.00,99.00,999,1019.1,21.3,999.0,999.0,99.0,99.00,
2020,10,14,15,00,45,4.9,5.6,99.00,99.00,99.00,999,1019.3,21.6,999.0,999.0,99.0,99.00,
2020,10,14,16,00,48,5.9,6.8,99.00,99.00,99.00,999,1019.2,22.4,999.0,999.0,99.0,99.00,
2020,10,14,17,00,51,7.0,7.6,99.00,99.00,99.00,999,1018.6,22.5,999.0,999.0,99.0,99.00,
2020,10,14,18,00,56,6.6,7.8,99.00,99.00,99.00,999,1018.2,23.5,999.0,999.0,99.0,99.00,
2020,10,14,19,00,66,7.9,8.5,99.00,99.00,99.00,999,1017.6,23.5,999.0,999.0,99.0,99.00,
2020,10,14,20,00,73,8.1,9.2,99.00,99.00,99.00,999,1017.4,23.5,999.0,999.0,99.0,99.00,
2020,10,14,21,00,74,8.7,10.0,99.00,99.00,99.00,999,1017.5,23.1,999.0,999.0,99.0,99.00,
2020,10,14,22,00,79,8.8,10.1,99.00,99.00,99.00,999,1017.7,23.1,999.0,999.0,99.0,99.00,
2020,10,14,23,00,76,8.4,9.2,99.00,99.00,99.00,999,1017.8,23.0,999.0,999.0,99.0,99.00,
2020,10,15,00,00,77,7.8,8.8,99.00,99.00,99.00,999,1017.9,23.2,999.0,999.0,99.0,99.00,
2020,10,15,01,00,83,7.0,8.4,99.00,99.00,99.00,999,1018.1,23.5,999.0,999.0,99.0,99.00,
2020,10,15,02,00,82,6.5,7.2,99.00,99.00,99.00,999,1018.3,23.5,999.0,999.0,99.0,99.00,
2020,10,15,03,00,80,6.5,7.5,99.00,99.00,99.00,999,1018.6,23.6,999.0,999.0,99.0,99.00,
2020,10,15,04,00,84,5.7,6.4,99.00,99.00,99.00,999,1018.2,23.8,999.0,999.0,99.0,99.00,
2020,10,15,05,00,84,5.2,5.9,99.00,99.00,99.00,999,1017.9,23.9,999.0,999.0,99.0,99.00,
2020,10,15,06,00,75,4.5,5.1,99.00,99.00,99.00,999,1017.7,24.0,999.0,999.0,99.0,99.00,
2020,10,15,07,00,73,4.9,5.5,99.00,99.00,99.00,999,1017.4,23.8,999.0,999.0,99.0,99.00,
2020,10,15,08,00,59,4.3,4.9,99.00,99.00,99.00,999,1017.1,23.7,999.0,999.0,99.0,99.00,
2020,10,15,09,00,77,5.8,6.3,99.00,99.00,99.00,999,1016.9,23.7,999.0,999.0,99.0,99.00,
2020,10,15,10,00,77,6.1,6.8,99.00,99.00,99.00,999,1016.9,23.2,999.0,999.0,99.0,99.00,
2020,10,15,11,00,86,5.7,6.5,99.00,99.00,99.00,999,1017.3,23.3,999.0,999.0,99.0,99.00,
2020,10,15,12,00,61,6.7,7.2,99.00,99.00,99.00,999,1017.5,22.5,999.0,999.0,99.0,99.00,
2020,10,15,13,00,65,5.4,5.8,99.00,99.00,99.00,999,1018.0,23.1,999.0,999.0,99.0,99.00,
2020,10,15,14,00,66,5.1,5.7,99.00,99.00,99.00,999,1018.2,23.6,999.0,999.0,99.0,99.00,
2020,10,15,15,00,70,5.0,5.7,99.00,99.00,99.00,999,1018.0,23.7,999.0,999.0,99.0,99.00,
2020,10,15,16,00,82,5.6,6.0,99.00,99.00,99.00,999,1017.9,23.8,999.0,999.0,99.0,99.00,
2020,10,15,17,00,103,4.0,4.6,99.00,99.00,99.00,999,1017.4,23.7,999.0,999.0,99.0,99.00,
2020,10,15,18,00,105,4.8,5.2,99.00,99.00,99.00,999,1016.7,23.9,999.0,999.0,99.0,99.00,
2020,10,15,19,00,119,4.9,5.6,99.00,99.00,99.00,999,1016.3,23.5,999.0,999.0,99.0,99.00,
2020,10,15,20,00,147,5.4,6.4,99.00,99.00,99.00,999,1016.1,23.8,999.0,999.0,99.0,99.00,
2020,10,15,21,00,130,3.1,3.6,99.00,99.00,99.00,999,1016.2,23.4,999.0,999.0,99.0,99.00,
2020,10,15,22,00,230,5.3,7.8,99.00,99.00,99.00,999,1016.3,22.6,999.0,999.0,99.0,99.00,
2020,10,15,23,00,229,2.6,3.3,99.00,99.00,99.00,999,1016.2,22.9,999.0,999.0,99.0,99.00,
2020,10,16,00,00,170,5.0,5.6,99.00,99.00,99.00,999,1016.3,24.4,999.0,999.0,99.0,99.00,
2020,10,16,01,00,160,6.4,7.1,99.00,99.00,99.00,999,1016.2,24.9,999.0,999.0,99.0,99.00,
2020,10,16,02,00,152,2.9,3.2,99.00,99.00,99.00,999,1016.5,24.7,999.0,999.0,99.0,99.00,
2020,10,16,03,00,149,2.2,2.6,99.00,99.00,99.00,999,1016.7,24.7,999.0,999.0,99.0,99.00,
2020,10,16,04,00,290,1.3,1.4,99.00,99.00,99.00,999,1017.1,23.8,999.0,999.0,99.0,99.00,
2020,10,16,05,00,337,1.3,1.7,99.00,99.00,99.00,999,1016.7,23.1,999.0,999.0,99.0,99.00,
2020,10,16,06,00,348,1.4,1.7,99.00,99.00,99.00,999,1016.4,23.0,999.0,999.0,99.0,99.00,
2020,10,16,07,00,34,1.6,1.9,99.00,99.00,99.00,999,1016.1,22.6,999.0,999.0,99.0,99.00,
2020,10,16,08,00,54,1.7,1.9,99.00,99.00,99.00,999,1015.8,23.3,999.0,999.0,99.0,99.00,
2020,10,16,09,00,72,1.8,2.0,99.00,99.00,99.00,999,1015.7,23.4,999.0,999.0,99.0,99.00,
2020,10,16,10,00,95,2.5,2.8,99.00,99.00,99.00,999,1015.7,23.5,999.0,999.0,99.0,99.00,
2020,10,16,11,00,0,0.0,0.0,99.00,99.00,99.00,999,1016.1,23.3,999.0,999.0,99.0,99.00,
2020,10,16,12,00,0,0.0,0.0,99.00,99.00,99.00,999,1016.6,23.4,999.0,999.0,99.0,99.00,
2020,10,16,13,00,192,1.0,1.3,99.00,99.00,99.00,999,1017.1,24.2,999.0,999.0,99.0,99.00,
2020,10,16,14,00,252,3.3,4.7,99.00,99.00,99.00,999,1017.5,25.2,999.0,999.0,99.0,99.00,
2020,10,16,15,00,301,2.4,3.4,99.00,99.00,99.00,999,1017.5,26.2,999.0,999.0,99.0,99.00,
2020,10,16,16,00,299,2.0,2.9,99.00,99.00,99.00,999,1017.4,27.4,999.0,999.0,99.0,99.00,
2020,10,16,17,00,290,3.7,4.9,99.00,99.00,99.00,999,1017.1,27.3,999.0,999.0,99.0,99.00,
2020,10,16,18,00,299,2.2,4.3,99.00,99.00,99.00,999,1016.1,28.0,999.0,999.0,99.0,99.00,
2020,10,16,19,00,245,2.7,3.1,99.00,99.00,99.00,999,1015.4,28.3,999.0,999.0,99.0,99.00,
2020,10,16,20,00,218,1.3,2.4,99.00,99.00,99.00,999,1015.4,26.9,999.0,999.0,99.0,99.00,
2020,10,16,21,00,206,3.4,3.9,99.00,99.00,99.00,999,1015.1,25.9,999.0,999.0,99.0,99.00,
2020,10,16,22,00,291,2.5,3.8,99.00,99.00,99.00,999,1015.5,26.7,999.0,999.0,99.0,99.00,
2020,10,16,23,00,289,1.3,1.6,99.00,99.00,99.00,999,1016.4,24.9,999.0,999.0,99.0,99.00,
2020,10,17,00,00,286,1.9,2.2,99.00,99.00,99.00,999,1016.8,24.1,999.0,999.0,99.0,99.00,
2020,10,17,01,00,2,6.5,7.7,99.00,99.00,99.00,999,1017.4,22.4,999.0,999.0,99.0,99.00,
2020,10,17,02,00,1,4.1,5.1,99.00,99.00,99.00,999,1018.6,21.5,999.0,999.0,99.0,99.00,
2020,10,17,03,00,359,7.2,9.3,99.00,99.00,99.00,999,1019.4,20.6,999.0,999.0,99.0,99.00,
2020,10,17,04,00,357,4.5,6.1,99.00,99.00,99.00,999,1019.4,20.3,999.0,999.0,99.0,99.00,
2020,10,17,05,00,5,4.5,5.5,99.00,99.00,99.00,999,1019.3,19.5,999.0,999.0,99.0,99.00,
2020,10,17,06,00,359,4.6,5.8,99.00,99.00,99.00,999,1019.7,19.2,999.0,999.0,99.0,99.00,
2020,10,17,07,00,2,6.8,8.6,99.00,99.00,99.00,999,1020.3,18.2,999.0,999.0,99.0,99.00,
2020,10,17,08,00,10,7.0,8.5,99.00,99.00,99.00,999,1020.3,17.5,999.0,999.0,99.0,99.00,
2020,10,17,09,00,26,6.5,7.8,99.00,99.00,99.00,999,1020.9,17.5,999.0,999.0,99.0,99.00,
2020,10,17,10,00,359,7.7,9.4,99.00,99.00,99.00,999,1022.5,16.2,999.0,999.0,99.0,99.00,
2020,10,17,11,00,12,9.3,11.1,99.00,99.00,99.00,999,1023.5,15.2,999.0,999.0,99.0,99.00,
2020,10,17,12,00,13,8.0,9.8,99.00,99.00,99.00,999,1024.7,14.6,999.0,999.0,99.0,99.00,
2020,10,17,13,00,8,8.6,10.1,99.00,99.00,99.00,999,1025.6,15.1,999.0,999.0,99.0,99.00,
2020,10,17,14,00,17,8.4,9.9,99.00,99.00,99.00,999,1026.2,16.0,999.0,999.0,99.0,99.00,
2020,10,17,15,00,27,11.0,12.7,99.00,99.00,99.00,999,1026.9,16.9,999.0,999.0,99.0,99.00,
2020,10,17,16,00,23,9.2,11.5,99.00,99.00,99.00,999,1026.9,17.6,999.0,999.0,99.0,99.00,
2020,10,17,17,00,49,10.5,11.7,99.00,99.00,99.00,999,1026.4,18.5,999.0,999.0,99.0,99.00,
2020,10,17,18,00,45,9.5,10.9,99.00,99.00,99.00,999,1025.9,18.8,999.0,999.0,99.0,99.00,
2020,10,17,19,00,53,9.6,10.6,99.00,99.00,99.00,999,1025.2,19.1,999.0,999.0,99.0,99.00,
2020,10,17,20,00,61,10.9,12.1,99.00,99.00,99.00,999,1025.1,19.1,999.0,999.0,99.0,99.00,
2020,10,17,21,00,50,9.5,11.7,99.00,99.00,99.00,999,1025.1,19.2,999.0,999.0,99.0,99.00,
2020,10,17,22,00,49,9.9,11.7,99.00,99.00,99.00,999,1025.3,19.2,999.0,999.0,99.0,99.00,
2020,10,17,23,00,39,9.4,10.6,99.00,99.00,99.00,999,1025.4,19.3,999.0,999.0,99.0,99.00,
2020,10,18,00,00,37,9.1,10.7,99.00,99.00,99.00,999,1025.8,19.2,999.0,999.0,99.0,99.00,
2020,10,18,01,00,60,9.8,11.1,99.00,99.00,99.00,999,1025.6,19.7,999.0,999.0,99.0,99.00,
2020,10,18,02,00,54,10.9,12.4,99.00,99.00,99.00,999,1025.6,19.8,999.0,999.0,99.0,99.00,
2020,10,18,03,00,18,6.8,7.9,99.00,99.00,99.00,999,1025.8,18.2,999.0,999.0,99.0,99.00,
2020,10,18,04,00,11,6.7,8.1,99.00,99.00,99.00,999,1025.3,17.2,999.0,999.0,99.0,99.00,
2020,10,18,05,00,12,6.5,7.6,99.00,99.00,99.00,999,1024.8,16.7,999.0,999.0,99.0,99.00,
2020,10,18,06,00,15,7.1,8.0,99.00,99.00,99.00,999,1024.7,16.7,999.0,999.0,99.0,99.00,
2020,10,18,07,00,11,8.3,9.6,99.00,99.00,99.00,999,1024.4,16.1,999.0,999.0,99.0,99.00,
2020,10,18,08,00,16,8.5,10.6,99.00,99.00,99.00,999,1024.1,15.8,999.0,999.0,99.0,99.00,
2020,10,18,09,00,20,9.3,10.6,99.00,99.00,99.00,999,1024.3,16.1,999.0,999.0,99.0,99.00,
2020,10,18,10,00,23,9.0,10.1,99.00,99.00,99.00,999,1024.7,15.8,999.0,999.0,99.0,99.00,
2020,10,18,11,00,18,7.7,9.2,99.00,99.00,99.00,999,1025.3,15.6,999.0,999.0,99.0,99.00,
2020,10,18,12,00,15,7.1,9.2,99.00,99.00,99.00,999,1025.8,14.9,999.0,999.0,99.0,99.00,
2020,10,18,13,00,18,7.3,8.9,99.00,99.00,99.00,999,1026.5,15.4,999.0,999.0,99.0,99.00,
2020,10,18,14,00,34,7.5,8.5,99.00,99.00,99.00,999,1026.5,17.5,999.0,999.0,99.0,99.00,
2020,10,18,15,00,20,6.9,8.1,99.00,99.00,99.00,999,1026.5,18.3,999.0,999.0,99.0,99.00,
2020,10,18,16,00,21,7.0,8.1,99.00,99.00,99.00,999,1026.7,19.3,999.0,999.0,99.0,99.00,
2020,10,18,17,00,18,6.4,7.7,99.00,99.00,99.00,999,1025.9,20.7,999.0,999.0,99.0,99.00,
2020,10,18,18,00,29,6.8,7.9,99.00,99.00,99.00,999,1024.9,21.3,999.0,999.0,99.0,99.00,
2020,10,18,19,00,43,8.6,9.4,99.00,99.00,99.00,999,1023.9,21.0,999.0,999.0,99.0,99.00,
2020,10,18,20,00,46,6.8,7.9,99.00,99.00,99.00,999,1023.6,21.8,999.0,999.0,99.0,99.00,
2020,10,18,21,00,44,7.9,8.9,99.00,99.00,99.00,999,1023.4,22.2,999.0,999.0,99.0,99.00,
2020,10,18,22,00,43,7.1,7.7,99.00,99.00,99.00,999,1023.6,22.3,999.0,999.0,99.0,99.00,
2020,10,18,23,00,34,5.9,6.7,99.00,99.00,99.00,999,1023.9,22.1,999.0,999.0,99.0,99.00,
2020,10,19,00,00,36,4.9,5.9,99.00,99.00,99.00,999,1024.3,21.8,999.0,999.0,99.0,99.00,
2020,10,19,01,00,18,6.0,7.3,99.00,99.00,99.00,999,1024.3,21.1,999.0,999.0,99.0,99.00,
2020,10,19,02,00,13,6.0,7.2,99.00,99.00,99.00,999,1024.7,20.9,999.0,999.0,99.0,99.00,
2020,10,19,03,00,8,6.6,7.5,99.00,99.00,99.00,999,1024.8,20.0,999.0,999.0,99.0,99.00,
2020,10,19,04,00,14,5.1,6.4,99.00,99.00,99.00,999,1024.3,19.8,999.0,999.0,99.0,99.00,
2020,10,19,05,00,19,5.9,7.2,99.00,99.00,99.00,999,1024.0,19.9,999.0,999.0,99.0,99.00,
2020,10,19,06,00,355,4.7,5.6,99.00,99.00,99.00,999,1023.6,18.0,999.0,999.0,99.0,99.00,
2020,10,19,07,00,4,5.6,6.2,99.00,99.00,99.00,999,1023.0,18.5,999.0,999.0,99.0,99.00,
2020,10,19,10,00,356,5.4,6.8,99.00,99.00,99.00,999,1022.8,18.0,999.0,999.0,99.0,99.00,
2020,10,19,11,00,359,5.1,6.0,99.00,99.00,99.00,999,1023.1,18.1,999.0,999.0,99.0,99.00,
2020,10,19,12,00,6,6.3,7.6,99.00,99.00,99.00,999,1023.3,18.7,999.0,999.0,99.0,99.00,
2020,10,19,13,00,2,5.8,6.7,99.00,99.00,99.00,999,1023.6,19.9,999.0,999.0,99.0,99.00,
2020,10,19,14,00,16,7.2,8.2,99.00,99.00,99.00,999,1023.7,20.7,999.0,999.0,99.0,99.00,
2020,10,19,15,00,41,8.0,9.0,99.00,99.00,99.00,999,1023.6,21.3,999.0,999.0,99.0,99.00,
2020,10,19,16,00,33,7.4,8.3,99.00,99.00,99.00,999,1023.3,22.1,999.0,999.0,99.0,99.00,
2020,10,19,17,00,35,8.0,9.0,99.00,99.00,99.00,999,1022.6,22.9,999.0,999.0,99.0,99.00,
2020,10,19,18,00,50,8.0,9.0,99.00,99.00,99.00,999,1022.3,23.3,999.0,999.0,99.0,99.00,
2020,10,19,19,00,62,8.8,9.3,99.00,99.00,99.00,999,1021.9,22.7,999.0,999.0,99.0,99.00,
2020,10,19,20,00,64,7.8,9.2,99.00,99.00,99.00,999,1021.9,22.7,999.0,999.0,99.0,99.00,
2020,10,19,21,00,71,7.4,8.6,99.00,99.00,99.00,999,1021.7,22.9,999.0,999.0,99.0,99.00,
2020,10,19,22,00,66,6.8,7.6,99.00,99.00,99.00,999,1021.7,22.8,999.0,999.0,99.0,99.00,
2020,10,20,00,00,34,6.2,7.2,99.00,99.00,99.00,999,1022.1,22.5,999.0,999.0,99.0,99.00,
2020,10,20,01,00,34,5.6,6.2,99.00,99.00,99.00,999,1021.8,22.1,999.0,999.0,99.0,99.00,
2020,10,20,02,00,44,6.1,6.8,99.00,99.00,99.00,999,1021.9,22.4,999.0,999.0,99.0,99.00,
2020,10,20,03,00,29,6.2,7.1,99.00,99.00,99.00,999,1021.9,22.2,999.0,999.0,99.0,99.00,
2020,10,20,04,00,34,5.4,6.5,99.00,99.00,99.00,999,1021.7,22.3,999.0,999.0,99.0,99.00,
2020,10,20,05,00,48,6.4,7.5,99.00,99.00,99.00,999,1021.5,22.1,999.0,999.0,99.0,99.00,
2020,10,20,06,00,49,7.1,7.8,99.00,99.00,99.00,999,1021.2,22.1,999.0,999.0,99.0,99.00,
2020,10,20,07,00,25,5.3,5.8,99.00,99.00,99.00,999,1021.0,21.8,999.0,999.0,99.0,99.00,
2020,10,20,08,00,33,6.2,7.0,99.00,99.00,99.00,999,1020.8,21.8,999.0,999.0,99.0,99.00,
2020,10,20,09,00,33,5.9,6.3,99.00,99.00,99.00,999,1020.6,21.8,999.0,999.0,99.0,99.00,
2020,10,20,10,00,37,5.8,6.7,99.00,99.00,99.00,999,1020.9,21.8,999.0,999.0,99.0,99.00,
2020,10,20,11,00,24,5.7,6.5,99.00,99.00,99.00,999,1021.1,21.3,999.0,999.0,99.0,99.00,
2020,10,20,12,00,25,5.0,6.2,99.00,99.00,99.00,999,1021.4,21.4,999.0,999.0,99.0,99.00,
2020,10,20,13,00,12,4.7,5.6,99.00,99.00,99.00,999,1022.0,21.4,999.0,999.0,99.0,99.00,
2020,10,20,14,00,11,4.8,5.9,99.00,99.00,99.00,999,1022.4,21.4,999.0,999.0,99.0,99.00,
2020,10,20,15,00,14,4.2,4.7,99.00,99.00,99.00,999,1022.5,22.0,999.0,999.0,99.0,99.00,
2020,10,20,16,00,22,4.9,5.8,99.00,99.00,99.00,999,1022.5,23.0,999.0,999.0,99.0,99.00,
2020,10,20,17,00,23,4.8,5.3,99.00,99.00,99.00,999,1022.1,23.5,999.0,999.0,99.0,99.00,
2020,10,20,18,00,48,6.1,6.6,99.00,99.00,99.00,999,1021.7,23.5,999.0,999.0,99.0,99.00,
2020,10,20,19,00,41,6.0,6.5,99.00,99.00,99.00,999,1021.5,23.2,999.0,999.0,99.0,99.00,
2020,10,20,20,00,36,5.5,6.0,99.00,99.00,99.00,999,1020.9,23.3,999.0,999.0,99.0,99.00,
2020,10,20,21,00,40,6.4,6.9,99.00,99.00,99.00,999,1020.8,23.0,999.0,999.0,99.0,99.00,
2020,10,20,22,00,48,4.8,5.6,99.00,99.00,99.00,999,1021.1,23.0,999.0,999.0,99.0,99.00,
2020,10,20,23,00,49,6.3,6.8,99.00,99.00,99.00,999,1021.3,22.6,999.0,999.0,99.0,99.00,
2020,10,21,00,00,40,6.4,7.6,99.00,99.00,99.00,999,1021.4,22.4,999.0,999.0,99.0,99.00,
2020,10,21,01,00,34,5.8,6.4,99.00,99.00,99.00,999,1021.5,22.8,999.0,999.0,99.0,99.00,
2020,10,21,02,00,38,5.6,6.1,99.00,99.00,99.00,999,1021.5,22.8,999.0,999.0,99.0,99.00,
2020,10,21,03,00,49,6.5,7.3,99.00,99.00,99.00,999,1021.3,22.9,999.0,999.0,99.0,99.00,
2020,10,21,04,00,53,5.5,5.9,99.00,99.00,99.00,999,1021.2,22.9,999.0,999.0,99.0,99.00,
2020,10,21,05,00,44,5.6,6.2,99.00,99.00,99.00,999,1020.9,22.8,999.0,999.0,99.0,99.00,
2020,10,21,06,00,34,5.1,5.6,99.00,99.00,99.00,999,1020.7,22.9,999.0,999.0,99.0,99.00,
2020,10,21,07,00,40,5.3,5.9,99.00,99.00,99.00,999,1020.5,23.1,999.0,999.0,99.0,99.00,
2020,10,21,08,00,44,3.8,4.1,99.00,99.00,99.00,999,1020.5,23.4,999.0,999.0,99.0,99.00,
2020,10,21,09,00,30,3.8,4.8,99.00,99.00,99.00,999,1020.5,23.0,999.0,999.0,99.0,99.00,
2020,10,21,10,00,27,4.2,4.8,99.00,99.00,99.00,999,1020.9,22.4,999.0,999.0,99.0,99.00,
2020,10,21,11,00,33,4.5,5.1,99.00,99.00,99.00,999,1021.3,22.2,999.0,999.0,99.0,99.00,
2020,10,21,12,00,6,4.6,5.3,99.00,99.00,99.00,999,1021.5,21.9,999.0,999.0,99.0,99.00,
2020,10,21,13,00,1,3.4,4.4,99.00,99.00,99.00,999,1022.3,22.1,999.0,999.0,99.0,99.00,
2020,10,21,14,00,3,4.2,5.1,99.00,99.00,99.00,999,1022.9,23.0,999.0,999.0,99.0,99.00,
2020,10,21,15,00,357,3.4,4.3,99.00,99.00,99.00,999,1023.0,23.0,999.0,999.0,99.0,99.00,
2020,10,21,16,00,24,4.1,4.9,99.00,99.00,99.00,999,1023.3,23.2,999.0,999.0,99.0,99.00,
2020,10,21,17,00,33,5.5,6.0,99.00,99.00,99.00,999,1022.8,23.8,999.0,999.0,99.0,99.00,
2020,10,21,18,00,35,5.7,6.1,99.00,99.00,99.00,999,1022.1,24.2,999.0,999.0,99.0,99.00,
2020,10,21,19,00,52,8.3,9.3,99.00,99.00,99.00,999,1021.6,24.0,999.0,999.0,99.0,99.00,
2020,10,21,20,00,52,6.7,7.6,99.00,99.00,99.00,999,1021.4,23.4,999.0,999.0,99.0,99.00,
2020,10,21,21,00,85,7.7,8.4,99.00,99.00,99.00,999,1021.7,24.2,999.0,999.0,99.0,99.00,
2020,10,21,22,00,50,4.0,4.4,99.00,99.00,99.00,999,1021.7,23.5,999.0,999.0,99.0,99.00,
2020,10,21,23,00,42,5.4,5.9,99.00,99.00,99.00,999,1021.6,23.4,999.0,999.0,99.0,99.00,
2020,10,22,00,00,50,5.0,5.6,99.00,99.00,99.00,999,1021.4,23.5,999.0,999.0,99.0,99.00,
2020,10,22,01,00,42,4.6,5.2,99.00,99.00,99.00,999,1021.4,23.2,999.0,999.0,99.0,99.00,
2020,10,22,02,00,32,4.5,5.0,99.00,99.00,99.00,999,1021.7,23.1,999.0,999.0,99.0,99.00,
2020,10,22,03,00,34,4.8,5.3,99.00,99.00,99.00,999,1021.7,22.9,999.0,999.0,99.0,99.00,
2020,10,22,04,00,28,4.8,5.7,99.00,99.00,99.00,999,1021.5,22.8,999.0,999.0,99.0,99.00,
2020,10,22,05,00,18,4.7,5.3,99.00,99.00,99.00,999,1021.1,22.8,999.0,999.0,99.0,99.00,
2020,10,22,06,00,22,4.8,5.3,99.00,99.00,99.00,999,1021.0,22.5,999.0,999.0,99.0,99.00,
2020,10,22,07,00,16,4.3,4.9,99.00,99.00,99.00,999,1020.7,22.4,999.0,999.0,99.0,99.00,
2020,10,22,08,00,33,6.0,6.5,99.00,99.00,99.00,999,1020.4,22.6,999.0,999.0,99.0,99.00,
2020,10,22,09,00,23,4.8,5.7,99.00,99.00,99.00,999,1020.3,22.7,999.0,999.0,99.0,99.00,
2020,10,22,10,00,24,5.5,6.3,99.00,99.00,99.00,999,1020.5,22.6,999.0,999.0,99.0,99.00,
2020,10,22,11,00,20,5.9,6.6,99.00,99.00,99.00,999,1020.9,22.1,999.0,999.0,99.0,99.00,
2020,10,22,12,00,5,4.5,5.6,99.00,99.00,99.00,999,1021.2,22.1,999.0,999.0,99.0,99.00,
2020,10,22,13,00,24,4.0,4.7,99.00,99.00,99.00,999,1021.7,22.5,999.0,999.0,99.0,99.00,
2020,10,22,14,00,26,5.3,6.1,99.00,99.00,99.00,999,1022.1,23.0,999.0,999.0,99.0,99.00,
2020,10,22,15,00,34,6.2,7.2,99.00,99.00,99.00,999,1022.3,23.3,999.0,999.0,99.0,99.00,
2020,10,22,16,00,40,6.9,7.8,99.00,99.00,99.00,999,1022.2,23.3,999.0,999.0,99.0,99.00,
2020,10,22,17,00,43,7.3,7.8,99.00,99.00,99.00,999,1021.9,23.7,999.0,999.0,99.0,99.00,
2020,10,22,18,00,45,8.0,9.1,99.00,99.00,99.00,999,1021.2,23.8,999.0,999.0,99.0,99.00,
2020,10,22,19,00,47,8.1,9.1,99.00,99.00,99.00,999,1020.7,23.8,999.0,999.0,99.0,99.00,
2020,10,22,20,00,52,7.5,8.2,99.00,99.00,99.00,999,1020.5,24.1,999.0,999.0,99.0,99.00,
2020,10,22,21,00,50,7.7,8.9,99.00,99.00,99.00,999,1020.5,23.8,999.0,999.0,99.0,99.00,
2020,10,22,22,00,56,6.9,8.0,99.00,99.00,99.00,999,1020.5,23.6,999.0,999.0,99.0,99.00,
2020,10,22,23,00,56,7.1,7.9,99.00,99.00,99.00,999,1020.6,23.5,999.0,999.0,99.0,99.00,
2020,10,23,00,00,48,7.2,8.2,99.00,99.00,99.00,999,1020.6,23.3,999.0,999.0,99.0,99.00,
2020,10,23,01,00,47,6.8,7.7,99.00,99.00,99.00,999,1020.7,23.2,999.0,999.0,99.0,99.00,
2020,10,23,02,00,56,6.7,7.8,99.00,99.00,99.00,999,1021.0,23.1,999.0,999.0,99.0,99.00,
2020,10,23,03,00,45,6.6,7.4,99.00,99.00,99.00,999,1020.8,23.1,999.0,999.0,99.0,99.00,
2020,10,23,04,00,50,6.3,6.8,99.00,99.00,99.00,999,1020.6,23.1,999.0,999.0,99.0,99.00,
2020,10,23,05,00,43,5.0,5.3,99.00,99.00,99.00,999,1020.3,23.0,999.0,999.0,99.0,99.00,
2020,10,23,06,00,44,5.5,6.7,99.00,99.00,99.00,999,1019.9,23.0,999.0,999.0,99.0,99.00,
2020,10,23,07,00,35,4.5,5.5,99.00,99.00,99.00,999,1019.6,22.9,999.0,999.0,99.0,99.00,
2020,10,23,08,00,21,4.0,4.6,99.00,99.00,99.00,999,1019.2,22.7,999.0,999.0,99.0,99.00,
2020,10,23,09,00,26,4.4,4.9,99.00,99.00,99.00,999,1019.2,22.9,999.0,999.0,99.0,99.00,
2020,10,23,10,00,23,4.8,5.7,99.00,99.00,99.00,999,1019.4,22.5,999.0,999.0,99.0,99.00,
2020,10,23,11,00,275,1.2,1.5,99.00,99.00,99.00,999,1019.9,22.0,999.0,999.0,99.0,99.00,
2020,10,23,12,00,1,1.9,2.3,99.00,99.00,99.00,999,1020.2,22.1,999.0,999.0,99.0,99.00,
2020,10,23,13,00,23,2.9,3.5,99.00,99.00,99.00,999,1020.8,22.2,999.0,999.0,99.0,99.00,
2020,10,23,14,00,14,3.1,3.8,99.00,99.00,99.00,999,1021.1,22.9,999.0,999.0,99.0,99.00,
2020,10,23,15,00,37,4.4,5.1,99.00,99.00,99.00,999,1021.0,23.3,999.0,999.0,99.0,99.00,
2020,10,23,16,00,41,5.1,5.7,99.00,99.00,99.00,999,1020.9,23.5,999.0,999.0,99.0,99.00,
2020,10,23,17,00,61,3.9,4.3,99.00,99.00,99.00,999,1020.3,24.4,999.0,999.0,99.0,99.00,
2020,10,23,18,00,82,3.1,3.4,99.00,99.00,99.00,999,1019.6,24.6,999.0,999.0,99.0,99.00,
2020,10,23,19,00,58,1.9,2.3,99.00,99.00,99.00,999,1019.0,25.4,999.0,999.0,99.0,99.00,
2020,10,23,20,00,54,4.5,5.1,99.00,99.00,99.00,999,1018.6,24.6,999.0,999.0,99.0,99.00,
2020,10,23,21,00,66,3.1,3.6,99.00,99.00,99.00,999,1018.5,24.4,999.0,999.0,99.0,99.00,
2020,10,23,22,00,66,3.3,3.9,99.00,99.00,99.00,999,1018.3,23.8,999.0,999.0,99.0,99.00,
2020,10,23,23,00,64,3.7,3.9,99.00,99.00,99.00,999,1018.1,23.4,999.0,999.0,99.0,99.00,
2020,10,24,00,00,77,3.9,4.3,99.00,99.00,99.00,999,1018.4,23.4,999.0,999.0,99.0,99.00,
2020,10,24,01,00,72,2.8,3.2,99.00,99.00,99.00,999,1018.2,23.3,999.0,999.0,99.0,99.00,
2020,10,24,02,00,65,3.5,3.8,99.00,99.00,99.00,999,1018.2,23.1,999.0,999.0,99.0,99.00,
2020,10,24,03,00,58,3.9,4.5,99.00,99.00,99.00,999,1018.2,22.9,999.0,999.0,99.0,99.00,
2020,10,24,04,00,63,3.2,3.5,99.00,99.00,99.00,999,1017.9,23.0,999.0,999.0,99.0,99.00,
2020,10,24,05,00,69,2.4,2.6,99.00,99.00,99.00,999,1017.6,23.0,999.0,999.0,99.0,99.00,
2020,10,24,06,00,76,1.8,2.1,99.00,99.00,99.00,999,1017.1,23.0,999.0,999.0,99.0,99.00,
2020,10,24,07,00,359,1.1,1.3,99.00,99.00,99.00,999,1017.0,22.4,999.0,999.0,99.0,99.00,
2020,10,24,08,00,343,1.1,1.5,99.00,99.00,99.00,999,1016.9,21.6,999.0,999.0,99.0,99.00,
2020,10,24,09,00,339,1.3,1.6,99.00,99.00,99.00,999,1016.7,21.4,999.0,999.0,99.0,99.00,
2020,10,24,10,00,343,1.8,2.0,99.00,99.00,99.00,999,1017.2,21.2,999.0,999.0,99.0,99.00,
2020,10,24,11,00,339,1.5,2.1,99.00,99.00,99.00,999,1017.4,21.1,999.0,999.0,99.0,99.00,
2020,10,24,12,00,350,2.0,2.3,99.00,99.00,99.00,999,1017.5,21.0,999.0,999.0,99.0,99.00,
2020,10,24,13,00,6,2.3,2.8,99.00,99.00,99.00,999,1017.9,22.3,999.0,999.0,99.0,99.00,
2020,10,24,14,00,14,2.0,2.5,99.00,99.00,99.00,999,1018.2,23.1,999.0,999.0,99.0,99.00,
2020,10,24,15,00,38,2.3,2.7,99.00,99.00,99.00,999,1017.9,23.7,999.0,999.0,99.0,99.00,
2020,10,24,16,00,83,3.3,3.7,99.00,99.00,99.00,999,1017.7,24.4,999.0,999.0,99.0,99.00,
2020,10,24,17,00,94,4.2,4.7,99.00,99.00,99.00,999,1017.1,23.9,999.0,999.0,99.0,99.00,
2020,10,24,18,00,104,4.2,4.4,99.00,99.00,99.00,999,1016.0,23.5,999.0,999.0,99.0,99.00,
2020,10,24,19,00,113,3.9,4.2,99.00,99.00,99.00,999,1015.1,23.8,999.0,999.0,99.0,99.00,
2020,10,24,20,00,118,5.4,5.9,99.00,99.00,99.00,999,1014.4,23.8,999.0,999.0,99.0,99.00,
2020,10,24,21,00,114,5.0,5.3,99.00,99.00,99.00,999,1014.3,23.9,999.0,999.0,99.0,99.00,
2020,10,24,22,00,126,4.1,4.5,99.00,99.00,99.00,999,1014.5,24.0,999.0,999.0,99.0,99.00,
2020,10,24,23,00,143,2.8,3.1,99.00,99.00,99.00,999,1014.6,23.9,999.0,999.0,99.0,99.00,
2020,10,25,00,00,95,3.0,3.3,99.00,99.00,99.00,999,1014.9,23.9,999.0,999.0,99.0,99.00,
2020,10,25,01,00,115,3.2,3.6,99.00,99.00,99.00,999,1015.1,24.0,999.0,999.0,99.0,99.00,
2020,10,25,02,00,126,3.3,3.6,99.00,99.00,99.00,999,1015.2,24.0,999.0,999.0,99.0,99.00,
2020,10,25,03,00,121,2.9,3.3,99.00,99.00,99.00,999,1015.6,23.9,999.0,999.0,99.0,99.00,
2020,10,25,04,00,121,2.3,2.5,99.00,99.00,99.00,999,1015.3,23.9,999.0,999.0,99.0,99.00,
2020,10,25,05,00,133,6.2,6.8,99.00,99.00,99.00,999,1014.6,23.8,999.0,999.0,99.0,99.00,
2020,10,25,06,00,131,4.4,4.8,99.00,99.00,99.00,999,1013.9,24.1,999.0,999.0,99.0,99.00,
2020,10,25,07,00,138,1.7,2.0,99.00,99.00,99.00,999,1013.6,24.1,999.0,999.0,99.0,99.00,
2020,10,25,08,00,109,2.3,2.6,99.00,99.00,99.00,999,1013.3,24.0,999.0,999.0,99.0,99.00,
2020,10,25,09,00,179,9.0,10.2,99.00,99.00,99.00,999,1013.7,22.7,999.0,999.0,99.0,99.00,
2020,10,25,10,00,184,6.6,7.5,99.00,99.00,99.00,999,1014.8,20.7,999.0,999.0,99.0,99.00,
2020,10,25,11,00,141,6.4,7.1,99.00,99.00,99.00,999,1014.5,21.0,999.0,999.0,99.0,99.00,
2020,10,25,12,00,135,6.4,7.4,99.00,99.00,99.00,999,1014.6,21.5,999.0,999.0,99.0,99.00,
2020,10,25,13,00,140,6.0,6.4,99.00,99.00,99.00,999,1015.3,21.8,999.0,999.0,99.0,99.00,
2020,10,25,14,00,157,4.0,4.1,99.00,99.00,99.00,999,1015.6,21.8,999.0,999.0,99.0,99.00,
2020,10,25,15,00,143,2.6,3.1,99.00,99.00,99.00,999,1015.5,22.5,999.0,999.0,99.0,99.00,
2020,10,25,16,00,146,2.5,2.8,99.00,99.00,99.00,999,1015.2,23.5,999.0,999.0,99.0,99.00,
2020,10,25,17,00,87,1.0,1.2,99.00,99.00,99.00,999,1014.8,24.0,999.0,999.0,99.0,99.00,
2020,10,25,18,00,102,1.8,1.9,99.00,99.00,99.00,999,1014.2,23.8,999.0,999.0,99.0,99.00,
2020,10,25,19,00,113,2.4,2.8,99.00,99.00,99.00,999,1013.5,23.7,999.0,999.0,99.0,99.00,
2020,10,25,20,00,93,4.2,4.6,99.00,99.00,99.00,999,1013.2,23.6,999.0,999.0,99.0,99.00,
2020,10,25,21,00,110,3.6,4.1,99.00,99.00,99.00,999,1013.5,23.4,999.0,999.0,99.0,99.00,
2020,10,25,22,00,93,2.7,3.0,99.00,99.00,99.00,999,1013.5,23.7,999.0,999.0,99.0,99.00,
2020,10,25,23,00,91,2.7,2.9,99.00,99.00,99.00,999,1014.0,23.7,999.0,999.0,99.0,99.00,
2020,10,26,00,00,68,3.4,3.8,99.00,99.00,99.00,999,1014.6,23.7,999.0,999.0,99.0,99.00,
2020,10,26,01,00,64,4.2,4.5,99.00,99.00,99.00,999,1015.4,23.4,999.0,999.0,99.0,99.00,
2020,10,26,02,00,61,6.1,6.4,99.00,99.00,99.00,999,1015.8,23.4,999.0,999.0,99.0,99.00,
2020,10,26,03,00,31,4.0,4.7,99.00,99.00,99.00,999,1016.4,22.7,999.0,999.0,99.0,99.00,
2020,10,26,04,00,22,4.5,5.5,99.00,99.00,99.00,999,1016.5,22.2,999.0,999.0,99.0,99.00,
2020,10,26,05,00,18,5.3,6.0,99.00,99.00,99.00,999,1016.6,21.2,999.0,999.0,99.0,99.00,
2020,10,26,06,00,30,5.8,6.6,99.00,99.00,99.00,999,1016.3,21.3,999.0,999.0,99.0,99.00,
2020,10,26,07,00,12,4.8,5.7,99.00,99.00,99.00,999,1016.3,21.1,999.0,999.0,99.0,99.00,
2020,10,26,08,00,6,5.4,6.5,99.00,99.00,99.00,999,1016.9,20.9,999.0,999.0,99.0,99.00,
2020,10,26,09,00,1,5.6,7.3,99.00,99.00,99.00,999,1016.9,20.4,999.0,999.0,99.0,99.00,
2020,10,26,10,00,12,4.8,5.9,99.00,99.00,99.00,999,1017.5,19.4,999.0,999.0,99.0,99.00,
2020,10,26,11,00,348,4.7,5.7,99.00,99.00,99.00,999,1018.2,18.8,999.0,999.0,99.0,99.00,
2020,10,26,12,00,353,3.7,4.9,99.00,99.00,99.00,999,1019.0,18.1,999.0,999.0,99.0,99.00,
2020,10,26,13,00,15,2.8,4.4,99.00,99.00,99.00,999,1019.8,17.9,999.0,999.0,99.0,99.00,
2020,10,26,14,00,8,2.9,4.1,99.00,99.00,99.00,999,1020.4,17.9,999.0,999.0,99.0,99.00,
2020,10,26,15,00,4,2.3,3.7,99.00,99.00,99.00,999,1020.5,18.5,999.0,999.0,99.0,99.00,
2020,10,26,16,00,347,2.9,3.8,99.00,99.00,99.00,999,1020.8,19.9,999.0,999.0,99.0,99.00,
2020,10,26,17,00,2,3.0,4.0,99.00,99.00,99.00,999,1020.3,21.3,999.0,999.0,99.0,99.00,
2020,10,26,18,00,29,1.9,2.3,99.00,99.00,99.00,999,1019.8,22.4,999.0,999.0,99.0,99.00,
2020,10,26,19,00,111,3.8,4.2,99.00,99.00,99.00,999,1019.5,20.4,999.0,999.0,99.0,99.00,
2020,10,26,20,00,79,3.2,3.8,99.00,99.00,99.00,999,1019.2,21.1,999.0,999.0,99.0,99.00,
2020,10,26,21,00,85,2.7,3.9,99.00,99.00,99.00,999,1019.2,21.1,999.0,999.0,99.0,99.00,
2020,10,26,22,00,80,2.9,3.3,99.00,99.00,99.00,999,1019.2,20.9,999.0,999.0,99.0,99.00,
2020,10,26,23,00,78,3.1,3.4,99.00,99.00,99.00,999,1019.6,21.0,999.0,999.0,99.0,99.00,
2020,10,27,00,00,47,2.4,2.7,99.00,99.00,99.00,999,1020.3,21.2,999.0,999.0,99.0,99.00,
2020,10,27,01,00,67,3.4,3.9,99.00,99.00,99.00,999,1020.7,21.3,999.0,999.0,99.0,99.00,
2020,10,27,02,00,62,3.2,4.1,99.00,99.00,99.00,999,1021.0,21.3,999.0,999.0,99.0,99.00,
2020,10,27,03,00,37,3.9,4.4,99.00,99.00,99.00,999,1021.4,20.9,999.0,999.0,99.0,99.00,
2020,10,27,04,00,62,2.1,2.7,99.00,99.00,99.00,999,1021.4,20.7,999.0,999.0,99.0,99.00,
2020,10,27,05,00,346,1.4,2.1,99.00,99.00,99.00,999,1021.6,20.5,999.0,999.0,99.0,99.00,
2020,10,27,06,00,348,2.6,3.1,99.00,99.00,99.00,999,1021.5,19.0,999.0,999.0,99.0,99.00,
2020,10,27,07,00,343,2.9,3.8,99.00,99.00,99.00,999,1021.5,18.9,999.0,999.0,99.0,99.00,
2020,10,27,08,00,349,3.1,3.4,99.00,99.00,99.00,999,1021.3,18.7,999.0,999.0,99.0,99.00,
2020,10,27,09,00,357,2.5,3.3,99.00,99.00,99.00,999,1021.4,18.8,999.0,999.0,99.0,99.00,
2020,10,27,10,00,11,2.2,2.5,99.00,99.00,99.00,999,1021.7,19.1,999.0,999.0,99.0,99.00,
2020,10,27,11,00,6,1.7,2.2,99.00,99.00,99.00,999,1022.3,19.4,999.0,999.0,99.0,99.00,
2020,10,27,12,00,20,2.8,3.4,99.00,99.00,99.00,999,1022.7,19.0,999.0,999.0,99.0,99.00,
2020,10,27,13,00,24,2.7,3.2,99.00,99.00,99.00,999,1023.0,20.5,999.0,999.0,99.0,99.00,
2020,10,27,14,00,9,3.4,4.1,99.00,99.00,99.00,999,1023.3,20.6,999.0,999.0,99.0,99.00,
2020,10,27,15,00,23,3.4,4.0,99.00,99.00,99.00,999,1023.2,21.0,999.0,999.0,99.0,99.00,
2020,10,27,16,00,55,3.3,4.4,99.00,99.00,99.00,999,1022.9,22.0,999.0,999.0,99.0,99.00,
2020,10,27,17,00,73,2.9,3.4,99.00,99.00,99.00,999,1022.4,22.5,999.0,999.0,99.0,99.00,
2020,10,27,18,00,78,3.0,3.4,99.00,99.00,99.00,999,1021.6,23.1,999.0,999.0,99.0,99.00,
2020,10,27,19,00,102,4.1,4.6,99.00,99.00,99.00,999,1021.2,22.4,999.0,999.0,99.0,99.00,
2020,10,27,20,00,109,3.0,3.3,99.00,99.00,99.00,999,1020.9,22.5,999.0,999.0,99.0,99.00,
2020,10,27,21,00,128,2.6,3.0,99.00,99.00,99.00,999,1020.9,22.8,999.0,999.0,99.0,99.00,
2020,10,27,22,00,142,3.1,3.3,99.00,99.00,99.00,999,1021.1,22.8,999.0,999.0,99.0,99.00,
2020,10,27,23,00,150,2.7,2.9,99.00,99.00,99.00,999,1021.1,22.8,999.0,999.0,99.0,99.00,
2020,10,28,00,00,141,2.8,3.0,99.00,99.00,99.00,999,1021.5,23.1,999.0,999.0,99.0,99.00,
2020,10,28,01,00,120,3.4,3.8,99.00,99.00,99.00,999,1021.4,23.2,999.0,999.0,99.0,99.00,
2020,10,28,02,00,109,3.6,3.8,99.00,99.00,99.00,999,1021.7,23.3,999.0,999.0,99.0,99.00,
2020,10,28,03,00,99,2.9,3.3,99.00,99.00,99.00,999,1021.9,23.5,999.0,999.0,99.0,99.00,
2020,10,28,04,00,114,2.3,2.5,99.00,99.00,99.00,999,1021.8,23.7,999.0,999.0,99.0,99.00,
2020,10,28,05,00,107,2.6,2.8,99.00,99.00,99.00,999,1021.3,23.5,999.0,999.0,99.0,99.00,
2020,10,28,06,00,92,2.7,3.0,99.00,99.00,99.00,999,1020.9,23.4,999.0,999.0,99.0,99.00,
2020,10,28,07,00,83,2.6,2.9,99.00,99.00,99.00,999,1020.8,23.6,999.0,999.0,99.0,99.00,
2020,10,28,08,00,74,2.4,2.7,99.00,99.00,99.00,999,1020.5,23.6,999.0,999.0,99.0,99.00,
2020,10,28,09,00,64,3.3,3.6,99.00,99.00,99.00,999,1020.4,23.6,999.0,999.0,99.0,99.00,
2020,10,28,10,00,68,3.1,3.7,99.00,99.00,99.00,999,1020.5,23.4,999.0,999.0,99.0,99.00,
2020,10,28,11,00,59,4.7,5.1,99.00,99.00,99.00,999,1020.9,23.2,999.0,999.0,99.0,99.00,
2020,10,28,12,00,72,4.8,5.5,99.00,99.00,99.00,999,1020.8,23.4,999.0,999.0,99.0,99.00,
2020,10,28,13,00,70,4.4,4.9,99.00,99.00,99.00,999,1021.2,23.7,999.0,999.0,99.0,99.00,
2020,10,28,14,00,88,4.9,5.5,99.00,99.00,99.00,999,1021.1,24.1,999.0,999.0,99.0,99.00,
2020,10,28,15,00,92,3.2,3.8,99.00,99.00,99.00,999,1021.1,24.6,999.0,999.0,99.0,99.00,
2020,10,28,16,00,89,2.6,2.9,99.00,99.00,99.00,999,1020.9,25.0,999.0,999.0,99.0,99.00,
2020,10,28,17,00,111,4.3,4.8,99.00,99.00,99.00,999,1020.2,24.6,999.0,999.0,99.0,99.00,
2020,10,28,18,00,111,3.8,4.4,99.00,99.00,99.00,999,1019.6,24.8,999.0,999.0,99.0,99.00,
2020,10,28,19,00,127,4.0,4.3,99.00,99.00,99.00,999,1018.7,24.7,999.0,999.0,99.0,99.00,
2020,10,28,20,00,127,4.2,4.6,99.00,99.00,99.00,999,1018.4,24.8,999.0,999.0,99.0,99.00,
2020,10,28,21,00,133,3.7,4.0,99.00,99.00,99.00,999,1018.6,24.7,999.0,999.0,99.0,99.00,
2020,10,28,22,00,124,4.2,4.8,99.00,99.00,99.00,999,1018.4,24.7,999.0,999.0,99.0,99.00,
2020,10,28,23,00,128,4.4,5.0,99.00,99.00,99.00,999,1018.2,24.5,999.0,999.0,99.0,99.00,
2020,10,29,00,00,128,4.6,5.3,99.00,99.00,99.00,999,1018.3,24.5,999.0,999.0,99.0,99.00,
2020,10,29,01,00,126,5.4,6.0,99.00,99.00,99.00,999,1017.6,24.6,999.0,999.0,99.0,99.00,
2020,10,29,02,00,126,4.8,5.4,99.00,99.00,99.00,999,1017.4,24.6,999.0,999.0,99.0,99.00,
2020,10,29,03,00,134,5.8,6.5,99.00,99.00,99.00,999,1016.9,24.7,999.0,999.0,99.0,99.00,
2020,10,29,04,00,139,5.7,6.3,99.00,99.00,99.00,999,1016.4,24.8,999.0,999.0,99.0,99.00,
2020,10,29,05,00,153,6.8,7.7,99.00,99.00,99.00,999,1015.5,25.0,999.0,999.0,99.0,99.00,
2020,10,29,06,00,158,6.9,7.7,99.00,99.00,99.00,999,1014.8,25.1,999.0,999.0,99.0,99.00,
2020,10,29,07,00,163,7.1,7.9,99.00,99.00,99.00,999,1014.1,25.1,999.0,999.0,99.0,99.00,
2020,10,29,08,00,165,8.5,9.5,99.00,99.00,99.00,999,1013.0,25.2,999.0,999.0,99.0,99.00,
2020,10,29,09,00,179,8.6,9.6,99.00,99.00,99.00,999,1012.1,25.4,999.0,999.0,99.0,99.00,
2020,10,29,10,00,182,9.0,9.8,99.00,99.00,99.00,999,1011.8,25.3,999.0,999.0,99.0,99.00,
2020,10,29,11,00,190,9.5,10.6,99.00,99.00,99.00,999,1011.5,25.3,999.0,999.0,99.0,99.00,
2020,10,29,12,00,190,10.1,12.1,99.00,99.00,99.00,999,1010.9,25.3,999.0,999.0,99.0,99.00,
2020,10,29,13,00,198,10.1,11.8,99.00,99.00,99.00,999,1011.1,25.5,999.0,999.0,99.0,99.00,
2020,10,29,14,00,202,10.6,12.8,99.00,99.00,99.00,999,1011.3,25.5,999.0,999.0,99.0,99.00,
2020,10,29,15,00,211,11.6,13.4,99.00,99.00,99.00,999,1011.4,25.6,999.0,999.0,99.0,99.00,
2020,10,29,16,00,216,9.6,11.6,99.00,99.00,99.00,999,1011.1,25.7,999.0,999.0,99.0,99.00,
2020,10,29,17,00,214,9.2,10.6,99.00,99.00,99.00,999,1010.1,25.2,999.0,999.0,99.0,99.00,
2020,10,29,18,00,216,9.7,11.2,99.00,99.00,99.00,999,1009.1,25.3,999.0,999.0,99.0,99.00,
2020,10,29,19,00,225,8.4,10.5,99.00,99.00,99.00,999,1008.2,25.2,999.0,999.0,99.0,99.00,
2020,10,29,20,00,227,7.4,9.5,99.00,99.00,99.00,999,1007.7,24.5,999.0,999.0,99.0,99.00,
2020,10,29,21,00,213,8.0,9.1,99.00,99.00,99.00,999,1007.5,23.8,999.0,999.0,99.0,99.00,
2020,10,29,22,00,213,7.8,8.9,99.00,99.00,99.00,999,1007.2,23.7,999.0,999.0,99.0,99.00,
2020,10,29,23,00,211,7.5,8.7,99.00,99.00,99.00,999,1006.9,24.0,999.0,999.0,99.0,99.00,
2020,10,30,00,00,202,6.4,7.3,99.00,99.00,99.00,999,1006.8,24.6,999.0,999.0,99.0,99.00,
2020,10,30,01,00,197,8.6,9.8,99.00,99.00,99.00,999,1006.5,24.9,999.0,999.0,99.0,99.00,
2020,10,30,02,00,200,10.4,12.7,99.00,99.00,99.00,999,1006.0,25.3,999.0,999.0,99.0,99.00,
2020,10,30,03,00,207,13.6,15.8,99.00,99.00,99.00,999,1005.7,25.2,999.0,999.0,99.0,99.00,
2020,10,30,04,00,211,14.6,17.1,99.00,99.00,99.00,999,1004.9,25.0,999.0,999.0,99.0,99.00,
2020,10,30,05,00,233,8.9,12.5,99.00,99.00,99.00,999,1005.3,24.5,999.0,999.0,99.0,99.00,
2020,10,30,06,00,238,9.4,12.0,99.00,99.00,99.00,999,1006.3,22.3,999.0,999.0,99.0,99.00,
2020,10,30,07,00,248,8.1,11.5,99.00,99.00,99.00,999,1007.3,20.0,999.0,999.0,99.0,99.00,
2020,10,30,08,00,270,4.7,6.0,99.00,99.00,99.00,999,1008.7,17.1,999.0,999.0,99.0,99.00,
2020,10,30,09,00,253,6.0,8.1,99.00,99.00,99.00,999,1009.3,15.6,999.0,999.0,99.0,99.00,
2020,10,30,10,00,262,5.2,7.9,99.00,99.00,99.00,999,1010.6,14.6,999.0,999.0,99.0,99.00,
2020,10,30,11,00,267,5.8,8.1,99.00,99.00,99.00,999,1011.8,13.9,999.0,999.0,99.0,99.00,
2020,10,30,12,00,273,6.5,8.6,99.00,99.00,99.00,999,1013.0,13.5,999.0,999.0,99.0,99.00,
2020,10,30,13,00,282,6.0,9.6,99.00,99.00,99.00,999,1014.6,13.9,999.0,999.0,99.0,99.00,
2020,10,30,14,00,302,6.0,8.8,99.00,99.00,99.00,999,1015.2,15.0,999.0,999.0,99.0,99.00,
2020,10,30,15,00,312,4.6,9.0,99.00,99.00,99.00,999,1015.6,16.7,999.0,999.0,99.0,99.00,
2020,10,30,16,00,324,4.6,6.6,99.00,99.00,99.00,999,1015.5,18.8,999.0,999.0,99.0,99.00,
2020,10,30,17,00,332,4.6,6.5,99.00,99.00,99.00,999,1015.3,20.1,999.0,999.0,99.0,99.00,
2020,10,30,18,00,343,5.7,7.3,99.00,99.00,99.00,999,1015.4,21.0,999.0,999.0,99.0,99.00,
2020,10,30,19,00,347,6.9,8.2,99.00,99.00,99.00,999,1015.5,21.9,999.0,999.0,99.0,99.00,
2020,10,30,20,00,348,6.6,8.2,99.00,99.00,99.00,999,1015.8,22.0,999.0,999.0,99.0,99.00,
2020,10,30,21,00,342,5.0,6.4,99.00,99.00,99.00,999,1016.5,22.2,999.0,999.0,99.0,99.00,
2020,10,30,22,00,348,4.2,5.3,99.00,99.00,99.00,999,1017.4,21.7,999.0,999.0,99.0,99.00,
2020,10,30,23,00,358,4.6,5.9,99.00,99.00,99.00,999,1018.4,21.0,999.0,999.0,99.0,99.00,
2020,10,31,00,00,29,8.3,9.8,99.00,99.00,99.00,999,1019.7,20.8,999.0,999.0,99.0,99.00,
2020,10,31,01,00,26,7.8,8.8,99.00,99.00,99.00,999,1020.5,19.9,999.0,999.0,99.0,99.00,
2020,10,31,02,00,24,8.4,10.0,99.00,99.00,99.00,999,1021.2,19.3,999.0,999.0,99.0,99.00,
2020,10,31,03,00,21,8.6,9.7,99.00,99.00,99.00,999,1022.0,18.6,999.0,999.0,99.0,99.00,
2020,10,31,04,00,17,7.7,9.5,99.00,99.00,99.00,999,1022.4,17.9,999.0,999.0,99.0,99.00,
2020,10,31,05,00,17,8.0,9.6,99.00,99.00,99.00,999,1022.4,17.3,999.0,999.0,99.0,99.00,
2020,10,31,06,00,10,10.3,12.2,99.00,99.00,99.00,999,1022.9,16.0,999.0,999.0,99.0,99.00,
2020,10,31,07,00,0,7.9,10.9,99.00,99.00,99.00,999,1023.1,14.8,999.0,999.0,99.0,99.00,
2020,10,31,08,00,3,8.2,9.8,99.00,99.00,99.00,999,1023.3,14.0,999.0,999.0,99.0,99.00,
2020,10,31,09,00,3,8.0,9.1,99.00,99.00,99.00,999,1023.7,13.6,999.0,999.0,99.0,99.00,
2020,10,31,10,00,13,8.3,9.7,99.00,99.00,99.00,999,1024.5,13.6,999.0,999.0,99.0,99.00,
2020,10,31,11,00,3,8.7,11.0,99.00,99.00,99.00,999,1024.9,13.8,999.0,999.0,99.0,99.00,
2020,10,31,12,00,10,9.7,11.5,99.00,99.00,99.00,999,1025.4,14.0,999.0,999.0,99.0,99.00,
2020,10,31,13,00,21,9.3,11.2,99.00,99.00,99.00,999,1026.1,14.7,999.0,999.0,99.0,99.00,
2020,10,31,14,00,20,8.6,10.2,99.00,99.00,99.00,999,1026.7,16.8,999.0,999.0,99.0,99.00,
2020,10,31,15,00,45,14.3,15.8,99.00,99.00,99.00,999,1027.0,19.2,999.0,999.0,99.0,99.00,
2020,10,31,16,00,41,12.8,14.8,99.00,99.00,99.00,999,1027.3,19.1,999.0,999.0,99.0,99.00,
2020,10,31,17,00,41,13.2,15.2,99.00,99.00,99.00,999,1027.1,19.0,999.0,999.0,99.0,99.00,
2020,10,31,18,00,39,12.1,14.5,99.00,99.00,99.00,999,1026.4,19.4,999.0,999.0,99.0,99.00,
2020,10,31,19,00,36,13.5,15.3,99.00,99.00,99.00,999,1026.0,19.3,999.0,999.0,99.0,99.00,
2020,10,31,20,00,44,12.9,15.2,99.00,99.00,99.00,999,1025.5,19.6,999.0,999.0,99.0,99.00,
2020,10,31,21,00,39,11.9,13.7,99.00,99.00,99.00,999,1025.6,19.9,999.0,999.0,99.0,99.00,
2020,10,31,22,00,38,11.7,13.2,99.00,99.00,99.00,999,1025.3,20.0,999.0,999.0,99.0,99.00,
2020,10,31,23,00,52,12.1,14.3,99.00,99.00,99.00,999,1025.1,20.3,999.0,999.0,99.0,99.00,
2020,11,01,00,00,50,10.9,12.4,99.00,99.00,99.00,999,1025.5,20.8,999.0,999.0,99.0,99.00,
2020,11,01,01,00,53,11.5,12.8,99.00,99.00,99.00,999,1025.4,20.9,999.0,999.0,99.0,99.00,
2020,11,01,02,00,66,10.8,12.7,99.00,99.00,99.00,999,1025.1,21.7,999.0,999.0,99.0,99.00,
2020,11,01,03,00,115,7.2,8.9,99.00,99.00,99.00,999,1025.1,20.3,999.0,999.0,99.0,99.00,
2020,11,01,04,00,77,7.5,8.4,99.00,99.00,99.00,999,1024.3,21.8,999.0,999.0,99.0,99.00,
2020,11,01,05,00,105,9.2,10.8,99.00,99.00,99.00,999,1023.2,22.7,999.0,999.0,99.0,99.00,
2020,11,01,06,00,106,10.2,11.7,99.00,99.00,99.00,999,1022.4,22.7,999.0,999.0,99.0,99.00,
2020,11,01,07,00,123,8.0,9.5,99.00,99.00,99.00,999,1022.4,23.0,999.0,999.0,99.0,99.00,
2020,11,01,08,00,134,5.8,6.2,99.00,99.00,99.00,999,1022.1,22.9,999.0,999.0,99.0,99.00,
2020,11,01,09,00,127,3.1,3.7,99.00,99.00,99.00,999,1021.7,22.5,999.0,999.0,99.0,99.00,
2020,11,01,10,00,146,6.2,6.7,99.00,99.00,99.00,999,1021.1,23.1,999.0,999.0,99.0,99.00,
2020,11,01,11,00,161,6.4,7.0,99.00,99.00,99.00,999,1020.7,23.3,999.0,999.0,99.0,99.00,
2020,11,01,12,00,177,4.6,4.9,99.00,99.00,99.00,999,1021.0,23.2,999.0,999.0,99.0,99.00,
2020,11,01,13,00,177,5.1,5.7,99.00,99.00,99.00,999,1020.9,23.1,999.0,999.0,99.0,99.00,
2020,11,01,14,00,195,5.5,6.1,99.00,99.00,99.00,999,1020.8,23.3,999.0,999.0,99.0,99.00,
2020,11,01,15,00,200,3.3,4.1,99.00,99.00,99.00,999,1020.6,23.8,999.0,999.0,99.0,99.00,
2020,11,01,16,00,230,3.0,4.2,99.00,99.00,99.00,999,1020.1,22.0,999.0,999.0,99.0,99.00,
2020,11,01,17,00,249,3.0,4.0,99.00,99.00,99.00,999,1019.0,24.1,999.0,999.0,99.0,99.00,
2020,11,01,18,00,245,4.8,6.9,99.00,99.00,99.00,999,1017.6,24.6,999.0,999.0,99.0,99.00,
2020,11,01,19,00,297,4.7,6.8,99.00,99.00,99.00,999,1017.0,20.3,999.0,999.0,99.0,99.00,
2020,11,01,20,00,302,3.2,4.8,99.00,99.00,99.00,999,1015.9,22.0,999.0,999.0,99.0,99.00,
2020,11,01,21,00,277,1.9,2.8,99.00,99.00,99.00,999,1015.8,21.1,999.0,999.0,99.0,99.00,
2020,11,01,22,00,266,3.1,4.1,99.00,99.00,99.00,999,1015.7,20.3,999.0,999.0,99.0,99.00,
2020,11,01,23,00,262,3.0,3.9,99.00,99.00,99.00,999,1015.8,19.3,999.0,999.0,99.0,99.00,
2020,11,02,00,00,260,3.0,4.3,99.00,99.00,99.00,999,1017.0,18.5,999.0,999.0,99.0,99.00,
2020,11,02,01,00,258,4.9,6.8,99.00,99.00,99.00,999,1017.0,18.5,999.0,999.0,99.0,99.00,
2020,11,02,02,00,263,4.6,7.5,99.00,99.00,99.00,999,1017.1,17.9,999.0,999.0,99.0,99.00,
2020,11,02,03,00,267,3.9,6.3,99.00,99.00,99.00,999,1017.2,17.7,999.0,999.0,99.0,99.00,
2020,11,02,04,00,291,5.8,9.2,99.00,99.00,99.00,999,1017.3,17.2,999.0,999.0,99.0,99.00,
2020,11,02,05,00,294,7.1,9.0,99.00,99.00,99.00,999,1017.6,16.5,999.0,999.0,99.0,99.00,
2020,11,02,06,00,307,6.3,8.8,99.00,99.00,99.00,999,1018.3,15.5,999.0,999.0,99.0,99.00,
2020,11,02,07,00,334,6.8,10.8,99.00,99.00,99.00,999,1019.4,15.0,999.0,999.0,99.0,99.00,
2020,11,02,08,00,331,5.8,8.8,99.00,99.00,99.00,999,1020.4,13.6,999.0,999.0,99.0,99.00,
2020,11,02,09,00,333,6.4,9.8,99.00,99.00,99.00,999,1021.3,12.3,999.0,999.0,99.0,99.00,
2020,11,02,10,00,333,5.9,7.7,99.00,99.00,99.00,999,1022.8,11.5,999.0,999.0,99.0,99.00,
2020,11,02,11,00,347,9.0,12.3,99.00,99.00,99.00,999,1024.0,11.1,999.0,999.0,99.0,99.00,
2020,11,02,12,00,353,10.0,13.4,99.00,99.00,99.00,999,1024.9,10.4,999.0,999.0,99.0,99.00,
2020,11,02,13,00,356,8.3,11.4,99.00,99.00,99.00,999,1026.1,10.3,999.0,999.0,99.0,99.00,
2020,11,02,14,00,2,8.8,11.6,99.00,99.00,99.00,999,1027.1,10.6,999.0,999.0,99.0,99.00,
2020,11,02,15,00,1,8.6,12.1,99.00,99.00,99.00,999,1027.5,10.7,999.0,999.0,99.0,99.00,
2020,11,02,16,00,3,7.5,9.8,99.00,99.00,99.00,999,1027.6,11.5,999.0,999.0,99.0,99.00,
2020,11,02,17,00,342,6.1,8.0,99.00,99.00,99.00,999,1027.0,12.4,999.0,999.0,99.0,99.00,
2020,11,02,18,00,347,7.4,8.7,99.00,99.00,99.00,999,1026.1,12.8,999.0,999.0,99.0,99.00,
2020,11,02,19,00,354,6.8,8.8,99.00,99.00,99.00,999,1025.1,13.1,999.0,999.0,99.0,99.00,
2020,11,02,20,00,348,7.1,8.4,99.00,99.00,99.00,999,1024.6,13.6,999.0,999.0,99.0,99.00,
2020,11,02,21,00,331,4.9,6.7,99.00,99.00,99.00,999,1024.7,13.6,999.0,999.0,99.0,99.00,
2020,11,02,22,00,345,5.0,6.5,99.00,99.00,99.00,999,1024.7,12.9,999.0,999.0,99.0,99.00,
2020,11,02,23,00,340,4.4,5.5,99.00,99.00,99.00,999,1025.3,12.1,999.0,999.0,99.0,99.00,
2020,11,03,00,00,319,1.6,2.1,99.00,99.00,99.00,999,1026.0,11.4,999.0,999.0,99.0,99.00,
2020,11,03,01,00,345,2.8,4.1,99.00,99.00,99.00,999,1026.2,12.3,999.0,999.0,99.0,99.00,
2020,11,03,02,00,333,1.8,2.4,99.00,99.00,99.00,999,1026.3,11.7,999.0,999.0,99.0,99.00,
2020,11,03,03,00,310,1.2,1.5,99.00,99.00,99.00,999,1026.8,11.4,999.0,999.0,99.0,99.00,
2020,11,03,04,00,284,1.2,1.4,99.00,99.00,99.00,999,1026.5,11.0,999.0,999.0,99.0,99.00,
2020,11,03,05,00,295,1.9,2.3,99.00,99.00,99.00,999,1026.5,10.1,999.0,999.0,99.0,99.00,
2020,11,03,06,00,273,1.9,2.1,99.00,99.00,99.00,999,1026.4,9.2,999.0,999.0,99.0,99.00,
2020,11,03,07,00,281,1.4,1.5,99.00,99.00,99.00,999,1026.5,8.9,999.0,999.0,99.0,99.00,
2020,11,03,08,00,286,1.9,2.3,99.00,99.00,99.00,999,1026.1,8.5,999.0,999.0,99.0,99.00,
2020,11,03,09,00,284,1.6,1.7,99.00,99.00,99.00,999,1025.9,8.1,999.0,999.0,99.0,99.00,
2020,11,03,10,00,296,2.0,2.1,99.00,99.00,99.00,999,1026.5,8.0,999.0,999.0,99.0,99.00,
2020,11,03,11,00,290,2.0,2.1,99.00,99.00,99.00,999,1026.6,8.0,999.0,999.0,99.0,99.00,
2020,11,03,12,00,285,1.2,1.3,99.00,99.00,99.00,999,1026.8,8.8,999.0,999.0,99.0,99.00,
2020,11,03,13,00,307,1.4,2.0,99.00,99.00,99.00,999,1027.4,11.1,999.0,999.0,99.0,99.00,
2020,11,03,14,00,296,1.1,2.3,99.00,99.00,99.00,999,1027.7,13.1,999.0,999.0,99.0,99.00,
2020,11,03,15,00,308,1.9,3.1,99.00,99.00,99.00,999,1027.7,14.2,999.0,999.0,99.0,99.00,
2020,11,03,16,00,334,1.6,2.3,99.00,99.00,99.00,999,1027.3,15.4,999.0,999.0,99.0,99.00,
2020,11,03,17,00,176,1.8,2.4,99.00,99.00,99.00,999,1026.7,15.7,999.0,999.0,99.0,99.00,
2020,11,03,18,00,197,2.9,3.5,99.00,99.00,99.00,999,1026.1,16.5,999.0,999.0,99.0,99.00,
2020,11,03,19,00,184,3.0,3.4,99.00,99.00,99.00,999,1025.9,17.0,999.0,999.0,99.0,99.00,
2020,11,03,20,00,188,3.9,4.5,99.00,99.00,99.00,999,1025.7,17.2,999.0,999.0,99.0,99.00,
2020,11,03,21,00,185,4.1,4.9,99.00,99.00,99.00,999,1025.8,17.1,999.0,999.0,99.0,99.00,
2020,11,03,22,00,227,2.3,3.0,99.00,99.00,99.00,999,1025.7,16.8,999.0,999.0,99.0,99.00,
2020,11,03,23,00,225,2.6,3.4,99.00,99.00,99.00,999,1025.8,16.2,999.0,999.0,99.0,99.00,
2020,11,04,00,00,247,2.5,2.7,99.00,99.00,99.00,999,1026.3,15.3,999.0,999.0,99.0,99.00,
2020,11,04,01,00,256,2.0,2.4,99.00,99.00,99.00,999,1026.7,15.1,999.0,999.0,99.0,99.00,
2020,11,04,02,00,272,1.6,1.8,99.00,99.00,99.00,999,1027.1,14.9,999.0,999.0,99.0,99.00,
2020,11,04,03,00,274,1.5,1.7,99.00,99.00,99.00,999,1027.4,15.1,999.0,999.0,99.0,99.00,
2020,11,04,04,00,300,1.4,1.4,99.00,99.00,99.00,999,1027.6,14.9,999.0,999.0,99.0,99.00,
2020,11,04,05,00,301,1.1,1.1,99.00,99.00,99.00,999,1027.6,14.7,999.0,999.0,99.0,99.00,
2020,11,04,06,00,326,1.6,2.1,99.00,99.00,99.00,999,1027.6,14.0,999.0,999.0,99.0,99.00,
2020,11,04,07,00,340,2.0,2.2,99.00,99.00,99.00,999,1027.8,14.0,999.0,999.0,99.0,99.00,
2020,11,04,08,00,337,2.1,2.4,99.00,99.00,99.00,999,1027.8,13.5,999.0,999.0,99.0,99.00,
2020,11,04,09,00,327,1.8,2.2,99.00,99.00,99.00,999,1027.8,12.7,999.0,999.0,99.0,99.00,
2020,11,04,10,00,354,2.7,3.3,99.00,99.00,99.00,999,1028.3,13.0,999.0,999.0,99.0,99.00,
2020,11,04,11,00,350,3.1,3.8,99.00,99.00,99.00,999,1028.9,13.0,999.0,999.0,99.0,99.00,
2020,11,04,12,00,357,3.1,4.0,99.00,99.00,99.00,999,1029.4,13.5,999.0,999.0,99.0,99.00,
2020,11,04,13,00,18,5.1,5.8,99.00,99.00,99.00,999,1030.0,15.1,999.0,999.0,99.0,99.00,
2020,11,04,14,00,21,5.4,6.2,99.00,99.00,99.00,999,1030.7,16.3,999.0,999.0,99.0,99.00,
2020,11,04,15,00,31,5.7,6.5,99.00,99.00,99.00,999,1030.9,17.2,999.0,999.0,99.0,99.00,
2020,11,04,16,00,43,6.2,7.3,99.00,99.00,99.00,999,1031.0,17.9,999.0,999.0,99.0,99.00,
2020,11,04,17,00,63,7.3,8.3,99.00,99.00,99.00,999,1030.7,18.7,999.0,999.0,99.0,99.00,
2020,11,04,18,00,61,7.1,7.8,99.00,99.00,99.00,999,1030.3,19.4,999.0,999.0,99.0,99.00,
2020,11,04,19,00,79,5.4,6.5,99.00,99.00,99.00,999,1030.1,20.3,999.0,999.0,99.0,99.00,
2020,11,04,20,00,78,5.3,6.2,99.00,99.00,99.00,999,1030.0,20.6,999.0,999.0,99.0,99.00,
2020,11,04,21,00,65,5.7,6.7,99.00,99.00,99.00,999,1029.9,20.5,999.0,999.0,99.0,99.00,
2020,11,04,22,00,53,5.8,6.4,99.00,99.00,99.00,999,1029.8,19.6,999.0,999.0,99.0,99.00,
2020,11,04,23,00,41,6.7,7.4,99.00,99.00,99.00,999,1029.9,19.3,999.0,999.0,99.0,99.00,
2020,11,05,00,00,33,6.4,6.9,99.00,99.00,99.00,999,1029.9,18.8,999.0,999.0,99.0,99.00,
2020,11,05,01,00,30,5.3,6.0,99.00,99.00,99.00,999,1029.9,18.4,999.0,999.0,99.0,99.00,
2020,11,05,02,00,15,5.9,7.0,99.00,99.00,99.00,999,1029.9,17.3,999.0,999.0,99.0,99.00,
2020,11,05,03,00,8,5.0,6.1,99.00,99.00,99.00,999,1029.9,17.0,999.0,999.0,99.0,99.00,
2020,11,05,04,00,13,5.6,6.6,99.00,99.00,99.00,999,1029.6,17.6,999.0,999.0,99.0,99.00,
2020,11,05,05,00,18,6.6,7.8,99.00,99.00,99.00,999,1029.1,17.6,999.0,999.0,99.0,99.00,
2020,11,05,06,00,14,6.3,7.1,99.00,99.00,99.00,999,1028.9,17.4,999.0,999.0,99.0,99.00,
2020,11,05,07,00,11,5.9,7.1,99.00,99.00,99.00,999,1028.7,17.6,999.0,999.0,99.0,99.00,
2020,11,05,08,00,22,6.4,7.3,99.00,99.00,99.00,999,1028.3,17.6,999.0,999.0,99.0,99.00,
2020,11,05,09,00,13,6.2,7.2,99.00,99.00,99.00,999,1028.1,17.2,999.0,999.0,99.0,99.00,
2020,11,05,10,00,6,5.2,6.1,99.00,99.00,99.00,999,1028.1,17.3,999.0,999.0,99.0,99.00,
2020,11,05,11,00,351,4.4,5.3,99.00,99.00,99.00,999,1028.1,16.7,999.0,999.0,99.0,99.00,
2020,11,05,12,00,22,6.3,8.0,99.00,99.00,99.00,999,1028.3,18.1,999.0,999.0,99.0,99.00,
2020,11,05,13,00,26,6.3,7.3,99.00,99.00,99.00,999,1028.6,18.5,999.0,999.0,99.0,99.00,
2020,11,05,14,00,31,6.9,8.3,99.00,99.00,99.00,999,1028.8,19.9,999.0,999.0,99.0,99.00,
2020,11,05,15,00,39,8.1,8.9,99.00,99.00,99.00,999,1028.5,20.6,999.0,999.0,99.0,99.00,
2020,11,05,16,00,47,8.4,9.4,99.00,99.00,99.00,999,1028.5,20.6,999.0,999.0,99.0,99.00,
2020,11,05,17,00,41,4.9,5.5,99.00,99.00,99.00,999,1028.1,20.0,999.0,999.0,99.0,99.00,
2020,11,05,18,00,23,5.5,6.5,99.00,99.00,99.00,999,1027.0,21.5,999.0,999.0,99.0,99.00,
2020,11,05,19,00,36,6.3,7.3,99.00,99.00,99.00,999,1026.3,20.9,999.0,999.0,99.0,99.00,
2020,11,05,20,00,41,6.2,7.1,99.00,99.00,99.00,999,1025.9,21.1,999.0,999.0,99.0,99.00,
2020,11,05,21,00,39,7.6,8.5,99.00,99.00,99.00,999,1025.7,20.8,999.0,999.0,99.0,99.00,
2020,11,05,22,00,38,8.2,9.0,99.00,99.00,99.00,999,1025.5,20.4,999.0,999.0,99.0,99.00,
2020,11,05,23,00,36,6.2,6.7,99.00,99.00,99.00,999,1025.7,20.5,999.0,999.0,99.0,99.00,
2020,11,06,00,00,27,5.8,6.6,99.00,99.00,99.00,999,1025.7,20.2,999.0,999.0,99.0,99.00,
2020,11,06,01,00,27,5.3,6.0,99.00,99.00,99.00,999,1025.4,19.7,999.0,999.0,99.0,99.00,
2020,11,06,02,00,22,5.0,6.3,99.00,99.00,99.00,999,1025.3,19.6,999.0,999.0,99.0,99.00,
2020,11,06,03,00,24,5.3,6.4,99.00,99.00,99.00,999,1025.2,19.3,999.0,999.0,99.0,99.00,
2020,11,06,04,00,17,4.8,5.6,99.00,99.00,99.00,999,1024.9,19.3,999.0,999.0,99.0,99.00,
2020,11,06,05,00,26,5.1,5.8,99.00,99.00,99.00,999,1024.7,19.5,999.0,999.0,99.0,99.00,
2020,11,06,06,00,13,5.3,6.3,99.00,99.00,99.00,999,1024.3,19.6,999.0,999.0,99.0,99.00,
2020,11,06,07,00,5,4.3,5.0,99.00,99.00,99.00,999,1023.9,19.3,999.0,999.0,99.0,99.00,
2020,11,06,08,00,13,4.7,5.6,99.00,99.00,99.00,999,1023.6,18.9,999.0,999.0,99.0,99.00,
2020,11,06,09,00,29,6.7,7.4,99.00,99.00,99.00,999,1022.8,19.1,999.0,999.0,99.0,99.00,
2020,11,06,10,00,26,6.3,7.5,99.00,99.00,99.00,999,1022.6,19.1,999.0,999.0,99.0,99.00,
2020,11,06,11,00,24,5.5,6.3,99.00,99.00,99.00,999,1023.0,19.1,999.0,999.0,99.0,99.00,
2020,11,06,12,00,14,6.1,7.6,99.00,99.00,99.00,999,1023.3,18.9,999.0,999.0,99.0,99.00,
2020,11,06,13,00,33,6.9,7.7,99.00,99.00,99.00,999,1023.7,19.5,999.0,999.0,99.0,99.00,
2020,11,06,14,00,40,8.0,8.7,99.00,99.00,99.00,999,1024.1,20.5,999.0,999.0,99.0,99.00,
2020,11,06,15,00,32,9.0,10.2,99.00,99.00,99.00,999,1023.7,21.1,999.0,999.0,99.0,99.00,
2020,11,06,16,00,30,7.2,8.0,99.00,99.00,99.00,999,1023.6,21.3,999.0,999.0,99.0,99.00,
2020,11,06,17,00,34,6.5,7.1,99.00,99.00,99.00,999,1023.4,21.7,999.0,999.0,99.0,99.00,
2020,11,06,18,00,34,6.5,7.4,99.00,99.00,99.00,999,1022.4,21.6,999.0,999.0,99.0,99.00,
2020,11,06,19,00,53,9.7,11.1,99.00,99.00,99.00,999,1022.1,20.8,999.0,999.0,99.0,99.00,
2020,11,06,20,00,48,8.1,8.8,99.00,99.00,99.00,999,1022.3,20.9,999.0,999.0,99.0,99.00,
2020,11,06,21,00,45,7.0,7.9,99.00,99.00,99.00,999,1022.3,20.7,999.0,999.0,99.0,99.00,
2020,11,06,22,00,53,8.3,9.1,99.00,99.00,99.00,999,1022.1,20.6,999.0,999.0,99.0,99.00,
2020,11,06,23,00,38,8.4,9.6,99.00,99.00,99.00,999,1022.4,20.7,999.0,999.0,99.0,99.00,
2020,11,07,00,00,37,7.8,8.5,99.00,99.00,99.00,999,1022.6,20.6,999.0,999.0,99.0,99.00,
2020,11,07,01,00,29,7.6,8.6,99.00,99.00,99.00,999,1022.2,20.6,999.0,999.0,99.0,99.00,
2020,11,07,02,00,33,6.1,6.9,99.00,99.00,99.00,999,1022.6,20.5,999.0,999.0,99.0,99.00,
2020,11,07,03,00,30,7.9,9.1,99.00,99.00,99.00,999,1022.6,20.6,999.0,999.0,99.0,99.00,
2020,11,07,04,00,35,7.3,8.2,99.00,99.00,99.00,999,1022.8,20.2,999.0,999.0,99.0,99.00,
2020,11,07,05,00,35,9.8,11.0,99.00,99.00,99.00,999,1022.6,20.4,999.0,999.0,99.0,99.00,
2020,11,07,06,00,37,9.1,10.9,99.00,99.00,99.00,999,1022.3,20.5,999.0,999.0,99.0,99.00,
2020,11,07,07,00,42,8.9,9.6,99.00,99.00,99.00,999,1022.3,20.5,999.0,999.0,99.0,99.00,
2020,11,07,08,00,33,8.1,9.1,99.00,99.00,99.00,999,1021.8,20.5,999.0,999.0,99.0,99.00,
2020,11,07,09,00,32,7.7,8.9,99.00,99.00,99.00,999,1021.8,20.4,999.0,999.0,99.0,99.00,
2020,11,07,10,00,34,7.7,9.2,99.00,99.00,99.00,999,1022.2,20.3,999.0,999.0,99.0,99.00,
2020,11,07,11,00,29,7.5,8.5,99.00,99.00,99.00,999,1022.5,20.1,999.0,999.0,99.0,99.00,
2020,11,07,12,00,26,6.5,7.8,99.00,99.00,99.00,999,1023.1,20.0,999.0,999.0,99.0,99.00,
2020,11,07,13,00,36,7.6,8.3,99.00,99.00,99.00,999,1023.9,20.0,999.0,999.0,99.0,99.00,
2020,11,07,14,00,34,7.3,8.1,99.00,99.00,99.00,999,1024.1,20.6,999.0,999.0,99.0,99.00,
2020,11,07,15,00,42,8.3,9.0,99.00,99.00,99.00,999,1024.4,21.0,999.0,999.0,99.0,99.00,
2020,11,07,16,00,45,9.5,10.9,99.00,99.00,99.00,999,1024.4,21.1,999.0,999.0,99.0,99.00,
2020,11,07,17,00,46,9.5,10.4,99.00,99.00,99.00,999,1023.6,21.4,999.0,999.0,99.0,99.00,
2020,11,07,18,00,43,9.3,10.8,99.00,99.00,99.00,999,1023.0,21.3,999.0,999.0,99.0,99.00,
2020,11,07,19,00,46,9.4,10.5,99.00,99.00,99.00,999,1022.7,21.5,999.0,999.0,99.0,99.00,
2020,11,07,20,00,39,9.6,10.4,99.00,99.00,99.00,999,1022.5,21.6,999.0,999.0,99.0,99.00,
2020,11,07,21,00,37,9.0,10.6,99.00,99.00,99.00,999,1022.5,22.0,999.0,999.0,99.0,99.00,
2020,11,07,22,00,38,9.3,10.9,99.00,99.00,99.00,999,1022.6,22.0,999.0,999.0,99.0,99.00,
2020,11,07,23,00,36,6.7,7.8,99.00,99.00,99.00,999,1023.0,21.7,999.0,999.0,99.0,99.00,
2020,11,08,00,00,30,8.1,9.6,99.00,99.00,99.00,999,1022.7,21.5,999.0,999.0,99.0,99.00,
2020,11,08,01,00,33,8.9,10.1,99.00,99.00,99.00,999,1022.4,21.2,999.0,999.0,99.0,99.00,
2020,11,08,02,00,42,10.2,11.7,99.00,99.00,99.00,999,1022.6,21.3,999.0,999.0,99.0,99.00,
2020,11,08,03,00,44,10.1,11.4,99.00,99.00,99.00,999,1022.7,21.2,999.0,999.0,99.0,99.00,
2020,11,08,04,00,45,9.6,11.0,99.00,99.00,99.00,999,1022.4,21.1,999.0,999.0,99.0,99.00,
2020,11,08,05,00,49,9.9,10.9,99.00,99.00,99.00,999,1021.9,21.1,999.0,999.0,99.0,99.00,
2020,11,08,06,00,43,10.0,11.1,99.00,99.00,99.00,999,1021.6,21.0,999.0,999.0,99.0,99.00,
2020,11,08,07,00,63,8.0,9.9,99.00,99.00,99.00,999,1021.9,21.0,999.0,999.0,99.0,99.00,
2020,11,08,08,00,43,8.9,9.9,99.00,99.00,99.00,999,1021.4,21.1,999.0,999.0,99.0,99.00,
2020,11,08,09,00,43,9.0,10.2,99.00,99.00,99.00,999,1021.3,21.2,999.0,999.0,99.0,99.00,
2020,11,08,10,00,38,7.9,9.3,99.00,99.00,99.00,999,1021.6,21.2,999.0,999.0,99.0,99.00,
2020,11,08,11,00,38,6.3,6.9,99.00,99.00,99.00,999,1022.0,21.1,999.0,999.0,99.0,99.00,
2020,11,08,12,00,32,6.5,7.6,99.00,99.00,99.00,999,1022.9,20.9,999.0,999.0,99.0,99.00,
2020,11,08,13,00,43,8.1,9.1,99.00,99.00,99.00,999,1023.4,21.5,999.0,999.0,99.0,99.00,
2020,11,08,14,00,59,7.5,8.3,99.00,99.00,99.00,999,1023.8,21.0,999.0,999.0,99.0,99.00,
2020,11,08,15,00,26,6.7,7.8,99.00,99.00,99.00,999,1023.9,21.2,999.0,999.0,99.0,99.00,
2020,11,08,16,00,38,9.7,11.0,99.00,99.00,99.00,999,1023.8,22.1,999.0,999.0,99.0,99.00,
2020,11,08,17,00,50,10.4,12.5,99.00,99.00,99.00,999,1023.9,21.8,999.0,999.0,99.0,99.00,
2020,11,08,18,00,52,10.3,12.5,99.00,99.00,99.00,999,1023.2,22.0,999.0,999.0,99.0,99.00,
2020,11,08,19,00,44,9.6,11.4,99.00,99.00,99.00,999,1022.7,22.2,999.0,999.0,99.0,99.00,
2020,11,08,20,00,40,9.7,10.9,99.00,99.00,99.00,999,1022.8,22.5,999.0,999.0,99.0,99.00,
2020,11,08,22,00,41,9.7,10.9,99.00,99.00,99.00,999,1023.0,22.2,999.0,999.0,99.0,99.00,
2020,11,08,23,00,44,10.2,11.2,99.00,99.00,99.00,999,1023.2,21.8,999.0,999.0,99.0,99.00,
2020,11,09,00,00,37,9.8,11.6,99.00,99.00,99.00,999,1023.2,21.4,999.0,999.0,99.0,99.00,
2020,11,09,01,00,38,10.0,11.2,99.00,99.00,99.00,999,1022.8,21.5,999.0,999.0,99.0,99.00,
2020,11,09,02,00,41,9.6,10.6,99.00,99.00,99.00,999,1023.1,21.7,999.0,999.0,99.0,99.00,
2020,11,09,03,00,45,8.9,10.2,99.00,99.00,99.00,999,1022.9,21.7,999.0,999.0,99.0,99.00,
2020,11,09,04,00,44,7.8,8.5,99.00,99.00,99.00,999,1022.9,21.6,999.0,999.0,99.0,99.00,
2020,11,09,05,00,39,8.2,9.0,99.00,99.00,99.00,999,1022.7,21.7,999.0,999.0,99.0,99.00,
2020,11,09,06,00,38,8.4,9.5,99.00,99.00,99.00,999,1022.2,21.9,999.0,999.0,99.0,99.00,
2020,11,09,07,00,39,8.3,9.4,99.00,99.00,99.00,999,1021.8,21.9,999.0,999.0,99.0,99.00,
2020,11,09,08,00,43,8.6,9.8,99.00,99.00,99.00,999,1021.6,21.7,999.0,999.0,99.0,99.00,
2020,11,09,09,00,67,8.8,9.8,99.00,99.00,99.00,999,1021.7,21.3,999.0,999.0,99.0,99.00,
2020,11,09,10,00,33,7.5,8.5,99.00,99.00,99.00,999,1021.6,21.4,999.0,999.0,99.0,99.00,
2020,11,09,11,00,30,8.4,9.6,99.00,99.00,99.00,999,1021.9,21.1,999.0,999.0,99.0,99.00,
2020,11,09,12,00,29,9.1,10.0,99.00,99.00,99.00,999,1022.2,20.9,999.0,999.0,99.0,99.00,
2020,11,09,13,00,28,8.3,9.4,99.00,99.00,99.00,999,1022.7,20.7,999.0,999.0,99.0,99.00,
2020,11,09,14,00,30,7.6,8.4,99.00,99.00,99.00,999,1023.1,21.2,999.0,999.0,99.0,99.00,
2020,11,09,15,00,44,9.6,11.1,99.00,99.00,99.00,999,1023.1,21.7,999.0,999.0,99.0,99.00,
2020,11,09,16,00,44,9.4,10.7,99.00,99.00,99.00,999,1023.1,21.8,999.0,999.0,99.0,99.00,
2020,11,09,17,00,45,8.7,10.2,99.00,99.00,99.00,999,1022.6,21.8,999.0,999.0,99.0,99.00,
2020,11,09,18,00,44,8.0,9.3,99.00,99.00,99.00,999,1021.9,22.0,999.0,999.0,99.0,99.00,
2020,11,09,19,00,50,8.4,9.7,99.00,99.00,99.00,999,1021.5,22.0,999.0,999.0,99.0,99.00,
2020,11,09,20,00,49,7.6,8.3,99.00,99.00,99.00,999,1021.2,22.4,999.0,999.0,99.0,99.00,
2020,11,09,21,00,54,6.8,7.5,99.00,99.00,99.00,999,1021.3,23.1,999.0,999.0,99.0,99.00,
2020,11,09,22,00,57,7.7,8.9,99.00,99.00,99.00,999,1021.1,23.0,999.0,999.0,99.0,99.00,
2020,11,09,23,00,51,7.1,7.8,99.00,99.00,99.00,999,1021.2,22.7,999.0,999.0,99.0,99.00,
2020,11,10,00,00,51,7.0,7.6,99.00,99.00,99.00,999,1021.5,22.6,999.0,999.0,99.0,99.00,
2020,11,10,01,00,55,7.1,7.8,99.00,99.00,99.00,999,1021.7,22.5,999.0,999.0,99.0,99.00,
2020,11,10,02,00,51,7.3,8.1,99.00,99.00,99.00,999,1021.6,22.3,999.0,999.0,99.0,99.00,
2020,11,10,03,00,58,8.3,9.3,99.00,99.00,99.00,999,1021.4,22.6,999.0,999.0,99.0,99.00,
2020,11,10,04,00,66,6.6,7.5,99.00,99.00,99.00,999,1021.1,22.2,999.0,999.0,99.0,99.00,
2020,11,10,05,00,72,5.7,6.3,99.00,99.00,99.00,999,1020.5,22.3,999.0,999.0,99.0,99.00,
2020,11,10,06,00,83,6.8,7.8,99.00,99.00,99.00,999,1019.8,22.6,999.0,999.0,99.0,99.00,
2020,11,10,07,00,62,4.5,4.9,99.00,99.00,99.00,999,1019.6,22.1,999.0,999.0,99.0,99.00,
2020,11,10,08,00,50,5.4,6.1,99.00,99.00,99.00,999,1019.4,22.0,999.0,999.0,99.0,99.00,
2020,11,10,09,00,42,5.1,5.6,99.00,99.00,99.00,999,1019.1,22.1,999.0,999.0,99.0,99.00,
2020,11,10,10,00,51,5.7,6.6,99.00,99.00,99.00,999,1019.4,22.2,999.0,999.0,99.0,99.00,
2020,11,10,11,00,57,5.9,6.7,99.00,99.00,99.00,999,1019.3,22.0,999.0,999.0,99.0,99.00,
2020,11,10,12,00,49,5.2,6.0,99.00,99.00,99.00,999,1019.5,22.0,999.0,999.0,99.0,99.00,
2020,11,10,13,00,66,4.4,4.7,99.00,99.00,99.00,999,1019.7,22.5,999.0,999.0,99.0,99.00,
2020,11,10,14,00,85,6.6,7.3,99.00,99.00,99.00,999,1019.7,23.4,999.0,999.0,99.0,99.00,
2020,11,10,15,00,82,6.3,7.1,99.00,99.00,99.00,999,1019.6,23.6,999.0,999.0,99.0,99.00,
2020,11,10,16,00,83,6.4,7.4,99.00,99.00,99.00,999,1019.6,23.6,999.0,999.0,99.0,99.00,
2020,11,10,17,00,78,5.6,5.9,99.00,99.00,99.00,999,1019.0,23.7,999.0,999.0,99.0,99.00,
2020,11,10,18,00,70,5.3,5.7,99.00,99.00,99.00,999,1018.3,23.3,999.0,999.0,99.0,99.00,
2020,11,10,19,00,64,5.9,6.3,99.00,99.00,99.00,999,1017.3,23.1,999.0,999.0,99.0,99.00,
2020,11,10,20,00,71,5.5,6.0,99.00,99.00,99.00,999,1017.0,23.1,999.0,999.0,99.0,99.00,
2020,11,10,21,00,137,6.0,6.4,99.00,99.00,99.00,999,1017.1,23.0,999.0,999.0,99.0,99.00,
2020,11,10,22,00,111,6.8,7.6,99.00,99.00,99.00,999,1016.9,22.3,999.0,999.0,99.0,99.00,
2020,11,10,23,00,101,3.9,4.4,99.00,99.00,99.00,999,1016.8,22.6,999.0,999.0,99.0,99.00,
2020,11,11,00,00,105,6.5,7.1,99.00,99.00,99.00,999,1017.0,23.2,999.0,999.0,99.0,99.00,
2020,11,11,01,00,104,5.8,6.4,99.00,99.00,99.00,999,1017.3,23.4,999.0,999.0,99.0,99.00,
2020,11,11,02,00,109,5.1,5.5,99.00,99.00,99.00,999,1017.3,23.2,999.0,999.0,99.0,99.00,
2020,11,11,03,00,119,7.1,7.9,99.00,99.00,99.00,999,1017.2,23.2,999.0,999.0,99.0,99.00,
2020,11,11,04,00,118,6.5,7.1,99.00,99.00,99.00,999,1016.9,23.3,999.0,999.0,99.0,99.00,
2020,11,11,05,00,119,5.5,5.9,99.00,99.00,99.00,999,1016.5,22.6,999.0,999.0,99.0,99.00,
2020,11,11,06,00,129,4.6,4.9,99.00,99.00,99.00,999,1016.2,22.9,999.0,999.0,99.0,99.00,
2020,11,11,07,00,129,6.1,6.4,99.00,99.00,99.00,999,1015.8,23.4,999.0,999.0,99.0,99.00,
2020,11,11,08,00,141,6.8,7.5,99.00,99.00,99.00,999,1015.8,23.2,999.0,999.0,99.0,99.00,
2020,11,11,09,00,148,4.8,5.1,99.00,99.00,99.00,999,1015.5,23.3,999.0,999.0,99.0,99.00,
2020,11,11,10,00,132,4.7,5.0,99.00,99.00,99.00,999,1015.4,23.2,999.0,999.0,99.0,99.00,
2020,11,11,11,00,142,5.5,5.8,99.00,99.00,99.00,999,1015.7,23.2,999.0,999.0,99.0,99.00,
2020,11,11,12,00,134,4.5,4.7,99.00,99.00,99.00,999,1015.8,23.4,999.0,999.0,99.0,99.00,
2020,11,11,13,00,143,3.6,3.8,99.00,99.00,99.00,999,1016.4,23.2,999.0,999.0,99.0,99.00,
2020,11,11,14,00,140,4.6,4.9,99.00,99.00,99.00,999,1016.3,23.4,999.0,999.0,99.0,99.00,
2020,11,11,15,00,141,4.5,4.7,99.00,99.00,99.00,999,1016.3,23.7,999.0,999.0,99.0,99.00,
2020,11,11,16,00,144,6.8,7.3,99.00,99.00,99.00,999,1016.2,23.3,999.0,999.0,99.0,99.00,
2020,11,11,17,00,155,5.0,5.6,99.00,99.00,99.00,999,1015.8,23.5,999.0,999.0,99.0,99.00,
2020,11,11,18,00,163,6.1,6.9,99.00,99.00,99.00,999,1014.4,23.6,999.0,999.0,99.0,99.00,
2020,11,11,19,00,165,8.7,9.9,99.00,99.00,99.00,999,1014.1,23.8,999.0,999.0,99.0,99.00,
2020,11,11,20,00,171,7.0,7.7,99.00,99.00,99.00,999,1013.7,23.6,999.0,999.0,99.0,99.00,
2020,11,11,21,00,163,6.2,6.5,99.00,99.00,99.00,999,1013.7,23.6,999.0,999.0,99.0,99.00,
2020,11,11,22,00,164,11.5,12.9,99.00,99.00,99.00,999,1014.1,22.7,999.0,999.0,99.0,99.00,
2020,11,11,23,00,175,3.4,4.0,99.00,99.00,99.00,999,1013.8,23.1,999.0,999.0,99.0,99.00,
2020,11,12,00,00,163,3.4,3.8,99.00,99.00,99.00,999,1014.1,23.4,999.0,999.0,99.0,99.00,
2020,11,12,01,00,170,8.1,9.6,99.00,99.00,99.00,999,1014.2,24.4,999.0,999.0,99.0,99.00,
2020,11,12,02,00,162,5.3,5.7,99.00,99.00,99.00,999,1014.6,23.7,999.0,999.0,99.0,99.00,
2020,11,12,03,00,162,3.0,3.3,99.00,99.00,99.00,999,1014.9,23.3,999.0,999.0,99.0,99.00,
2020,11,12,04,00,164,4.9,5.6,99.00,99.00,99.00,999,1014.3,23.8,999.0,999.0,99.0,99.00,
2020,11,12,05,00,162,5.3,5.7,99.00,99.00,99.00,999,1013.9,23.7,999.0,999.0,99.0,99.00,
2020,11,12,06,00,181,3.7,4.0,99.00,99.00,99.00,999,1013.2,23.6,999.0,999.0,99.0,99.00,
2020,11,12,07,00,173,3.9,4.2,99.00,99.00,99.00,999,1012.8,23.5,999.0,999.0,99.0,99.00,
2020,11,12,08,00,152,4.8,5.4,99.00,99.00,99.00,999,1012.3,23.6,999.0,999.0,99.0,99.00,
2020,11,12,09,00,166,6.5,7.0,99.00,99.00,99.00,999,1012.3,23.7,999.0,999.0,99.0,99.00,
2020,11,12,10,00,158,5.7,6.1,99.00,99.00,99.00,999,1011.9,23.6,999.0,999.0,99.0,99.00,
2020,11,12,11,00,182,9.2,10.0,99.00,99.00,99.00,999,1012.1,23.1,999.0,999.0,99.0,99.00,
2020,11,12,12,00,155,4.8,5.1,99.00,99.00,99.00,999,1011.8,23.0,999.0,999.0,99.0,99.00,
2020,11,12,13,00,143,7.0,8.3,99.00,99.00,99.00,999,1012.0,23.7,999.0,999.0,99.0,99.00,
2020,11,12,14,00,149,5.0,5.6,99.00,99.00,99.00,999,1012.2,22.6,999.0,999.0,99.0,99.00,
2020,11,12,15,00,191,4.7,5.3,99.00,99.00,99.00,999,1012.3,22.8,999.0,999.0,99.0,99.00,
2020,11,12,16,00,208,4.6,5.6,99.00,99.00,99.00,999,1012.1,22.2,999.0,999.0,99.0,99.00,
2020,11,12,17,00,86,0.6,1.2,99.00,99.00,99.00,999,1011.0,23.7,999.0,999.0,99.0,99.00,
2020,11,12,18,00,81,2.8,3.0,99.00,99.00,99.00,999,1010.3,23.4,999.0,999.0,99.0,99.00,
2020,11,12,19,00,76,2.4,2.8,99.00,99.00,99.00,999,1009.4,23.1,999.0,999.0,99.0,99.00,
2020,11,12,20,00,197,2.8,3.4,99.00,99.00,99.00,999,1009.6,22.7,999.0,999.0,99.0,99.00,
2020,11,12,21,00,29,3.7,4.1,99.00,99.00,99.00,999,1009.1,22.2,999.0,999.0,99.0,99.00,
2020,11,12,22,00,35,3.9,4.7,99.00,99.00,99.00,999,1008.9,22.4,999.0,999.0,99.0,99.00,
2020,11,12,23,00,19,6.8,8.0,99.00,99.00,99.00,999,1008.7,22.2,999.0,999.0,99.0,99.00,
2020,11,13,00,00,39,20.3,23.8,99.00,99.00,99.00,999,1009.3,20.6,999.0,999.0,99.0,99.00,
2020,11,13,01,00,38,17.1,20.2,99.00,99.00,99.00,999,1010.9,21.1,999.0,999.0,99.0,99.00,
2020,11,13,14,00,338,4.5,6.8,99.00,99.00,99.00,999,1017.4,20.5,999.0,999.0,99.0,99.00,
2020,11,13,15,00,329,2.1,3.0,99.00,99.00,99.00,999,1017.8,21.2,999.0,999.0,99.0,99.00,
2020,11,13,16,00,317,3.1,4.6,99.00,99.00,99.00,999,1017.8,21.8,999.0,999.0,99.0,99.00,
2020,11,13,17,00,341,1.8,2.5,99.00,99.00,99.00,999,1017.2,21.9,999.0,999.0,99.0,99.00,
2020,11,13,18,00,265,2.4,3.4,99.00,99.00,99.00,999,1017.0,23.0,999.0,999.0,99.0,99.00,
2020,11,13,19,00,298,3.4,5.0,99.00,99.00,99.00,999,1016.8,22.8,999.0,999.0,99.0,99.00,
2020,11,13,20,00,302,2.3,3.4,99.00,99.00,99.00,999,1016.7,22.9,999.0,999.0,99.0,99.00,
2020,11,13,21,00,319,2.1,2.8,99.00,99.00,99.00,999,1016.9,23.5,999.0,999.0,99.0,99.00,
2020,11,13,22,00,325,2.0,2.6,99.00,99.00,99.00,999,1017.1,22.8,999.0,999.0,99.0,99.00,
2020,11,13,23,00,252,1.1,1.2,99.00,99.00,99.00,999,1017.4,21.8,999.0,999.0,99.0,99.00,
2020,11,14,00,00,239,2.1,2.6,99.00,99.00,99.00,999,1018.0,21.2,999.0,999.0,99.0,99.00,
2020,11,14,01,00,230,1.9,2.2,99.00,99.00,99.00,999,1018.5,20.8,999.0,999.0,99.0,99.00,
2020,11,14,02,00,204,3.0,3.2,99.00,99.00,99.00,999,1018.9,21.2,999.0,999.0,99.0,99.00,
2020,11,14,03,00,205,3.0,3.7,99.00,99.00,99.00,999,1019.2,21.4,999.0,999.0,99.0,99.00,
2020,11,14,04,00,215,2.8,3.1,99.00,99.00,99.00,999,1019.1,21.1,999.0,999.0,99.0,99.00,
2020,11,14,05,00,209,2.0,2.4,99.00,99.00,99.00,999,1019.0,20.9,999.0,999.0,99.0,99.00,
2020,11,14,06,00,180,1.6,1.9,99.00,99.00,99.00,999,1018.7,21.3,999.0,999.0,99.0,99.00,
2020,11,14,07,00,138,2.6,3.1,99.00,99.00,99.00,999,1018.6,21.4,999.0,999.0,99.0,99.00,
2020,11,14,08,00,126,1.7,2.1,99.00,99.00,99.00,999,1018.8,21.4,999.0,999.0,99.0,99.00,
2020,11,14,09,00,170,0.8,1.5,99.00,99.00,99.00,999,1019.1,21.2,999.0,999.0,99.0,99.00,
2020,11,14,10,00,212,0.1,0.5,99.00,99.00,99.00,999,1019.4,20.1,999.0,999.0,99.0,99.00,
2020,11,14,11,00,83,4.2,4.6,99.00,99.00,99.00,999,1019.9,21.0,999.0,999.0,99.0,99.00,
2020,11,14,12,00,71,4.5,4.9,99.00,99.00,99.00,999,1020.2,21.5,999.0,999.0,99.0,99.00,
2020,11,14,13,00,81,5.6,6.2,99.00,99.00,99.00,999,1020.8,21.8,999.0,999.0,99.0,99.00,
2020,11,14,14,00,80,6.2,6.8,99.00,99.00,99.00,999,1021.3,22.1,999.0,999.0,99.0,99.00,
2020,11,14,15,00,78,5.9,6.8,99.00,99.00,99.00,999,1021.7,22.1,999.0,999.0,99.0,99.00,
2020,11,14,16,00,74,5.2,6.0,99.00,99.00,99.00,999,1021.9,22.6,999.0,999.0,99.0,99.00,
2020,11,14,17,00,54,7.9,8.9,99.00,99.00,99.00,999,1021.5,21.2,999.0,999.0,99.0,99.00,
2020,11,14,18,00,51,8.1,9.3,99.00,99.00,99.00,999,1020.9,21.1,999.0,999.0,99.0,99.00,
2020,11,14,19,00,49,8.2,9.4,99.00,99.00,99.00,999,1020.4,21.5,999.0,999.0,99.0,99.00,
2020,11,14,20,00,58,7.2,7.9,99.00,99.00,99.00,999,1020.1,21.7,999.0,999.0,99.0,99.00,
2020,11,14,21,00,58,6.7,7.1,99.00,99.00,99.00,999,1020.3,21.8,999.0,999.0,99.0,99.00,
2020,11,14,22,00,62,5.7,6.3,99.00,99.00,99.00,999,1020.5,22.2,999.0,999.0,99.0,99.00,
2020,11,14,23,00,73,4.5,5.0,99.00,99.00,99.00,999,1020.7,22.3,999.0,999.0,99.0,99.00,
2020,11,15,00,00,72,3.4,3.8,99.00,99.00,99.00,999,1021.0,22.3,999.0,999.0,99.0,99.00,
2020,11,15,01,00,79,3.1,3.4,99.00,99.00,99.00,999,1020.8,22.3,999.0,999.0,99.0,99.00,
2020,11,15,02,00,98,2.8,3.1,99.00,99.00,99.00,999,1021.0,22.5,999.0,999.0,99.0,99.00,
2020,11,15,03,00,110,1.1,1.3,99.00,99.00,99.00,999,1021.1,22.4,999.0,999.0,99.0,99.00,
2020,11,15,04,00,118,5.2,6.0,99.00,99.00,99.00,999,1020.7,23.0,999.0,999.0,99.0,99.00,
2020,11,15,05,00,126,5.1,5.8,99.00,99.00,99.00,999,1020.4,22.8,999.0,999.0,99.0,99.00,
2020,11,15,06,00,148,8.5,9.6,99.00,99.00,99.00,999,1020.1,21.6,999.0,999.0,99.0,99.00,
2020,11,15,07,00,131,8.3,9.2,99.00,99.00,99.00,999,1020.0,21.1,999.0,999.0,99.0,99.00,
2020,11,15,08,00,119,8.5,9.4,99.00,99.00,99.00,999,1019.8,21.3,999.0,999.0,99.0,99.00,
2020,11,15,09,00,118,5.7,6.1,99.00,99.00,99.00,999,1019.6,21.7,999.0,999.0,99.0,99.00,
2020,11,15,10,00,138,3.2,3.4,99.00,99.00,99.00,999,1019.5,22.3,999.0,999.0,99.0,99.00,
2020,11,15,11,00,185,2.8,3.0,99.00,99.00,99.00,999,1019.7,22.4,999.0,999.0,99.0,99.00,
2020,11,15,12,00,175,3.6,4.1,99.00,99.00,99.00,999,1019.8,22.4,999.0,999.0,99.0,99.00,
2020,11,15,13,00,169,5.9,6.4,99.00,99.00,99.00,999,1020.1,23.2,999.0,999.0,99.0,99.00,
2020,11,15,14,00,164,5.9,6.6,99.00,99.00,99.00,999,1020.4,23.1,999.0,999.0,99.0,99.00,
2020,11,15,15,00,161,5.7,6.4,99.00,99.00,99.00,999,1020.3,23.2,999.0,999.0,99.0,99.00,
2020,11,15,16,00,164,6.8,7.6,99.00,99.00,99.00,999,1019.9,23.3,999.0,999.0,99.0,99.00,
2020,11,15,17,00,207,7.4,9.3,99.00,99.00,99.00,999,1019.1,21.3,999.0,999.0,99.0,99.00,
2020,11,15,18,00,194,6.1,7.1,99.00,99.00,99.00,999,1018.2,22.1,999.0,999.0,99.0,99.00,
2020,11,15,19,00,196,5.7,6.3,99.00,99.00,99.00,999,1017.5,23.2,999.0,999.0,99.0,99.00,
2020,11,15,20,00,197,4.5,4.9,99.00,99.00,99.00,999,1017.0,23.5,999.0,999.0,99.0,99.00,
2020,11,15,21,00,212,5.4,6.1,99.00,99.00,99.00,999,1017.1,23.3,999.0,999.0,99.0,99.00,
2020,11,15,22,00,213,4.6,5.3,99.00,99.00,99.00,999,1016.8,22.9,999.0,999.0,99.0,99.00,
2020,11,15,23,00,214,5.1,5.7,99.00,99.00,99.00,999,1016.7,22.8,999.0,999.0,99.0,99.00,
2020,11,16,00,00,209,6.5,7.0,99.00,99.00,99.00,999,1017.0,22.9,999.0,999.0,99.0,99.00,
2020,11,16,01,00,229,4.1,5.5,99.00,99.00,99.00,999,1017.2,22.7,999.0,999.0,99.0,99.00,
2020,11,16,02,00,237,3.5,5.4,99.00,99.00,99.00,999,1017.6,22.9,999.0,999.0,99.0,99.00,
2020,11,16,03,00,237,4.1,6.0,99.00,99.00,99.00,999,1017.7,22.5,999.0,999.0,99.0,99.00,
2020,11,16,04,00,238,2.8,3.7,99.00,99.00,99.00,999,1017.7,21.9,999.0,999.0,99.0,99.00,
2020,11,16,05,00,255,2.5,3.1,99.00,99.00,99.00,999,1017.6,21.3,999.0,999.0,99.0,99.00,
2020,11,16,06,00,248,1.9,2.7,99.00,99.00,99.00,999,1017.4,20.7,999.0,999.0,99.0,99.00,
2020,11,16,07,00,295,3.7,5.6,99.00,99.00,99.00,999,1017.6,20.1,999.0,999.0,99.0,99.00,
2020,11,16,08,00,311,4.0,5.9,99.00,99.00,99.00,999,1018.3,18.8,999.0,999.0,99.0,99.00,
2020,11,16,09,00,323,2.8,5.1,99.00,99.00,99.00,999,1018.9,17.6,999.0,999.0,99.0,99.00,
2020,11,16,10,00,340,5.0,7.0,99.00,99.00,99.00,999,1019.5,16.9,999.0,999.0,99.0,99.00,
2020,11,16,11,00,335,3.8,5.1,99.00,99.00,99.00,999,1020.3,16.4,999.0,999.0,99.0,99.00,
2020,11,16,12,00,346,5.8,7.0,99.00,99.00,99.00,999,1021.1,16.5,999.0,999.0,99.0,99.00,
2020,11,16,13,00,4,5.6,6.5,99.00,99.00,99.00,999,1021.7,16.4,999.0,999.0,99.0,99.00,
2020,11,16,14,00,27,7.4,8.5,99.00,99.00,99.00,999,1022.4,16.5,999.0,999.0,99.0,99.00,
2020,11,16,15,00,16,6.0,7.1,99.00,99.00,99.00,999,1022.9,17.0,999.0,999.0,99.0,99.00,
2020,11,16,16,00,18,3.9,5.7,99.00,99.00,99.00,999,1023.0,17.3,999.0,999.0,99.0,99.00,
2020,11,16,17,00,13,2.8,3.5,99.00,99.00,99.00,999,1022.6,18.1,999.0,999.0,99.0,99.00,
2020,11,16,18,00,62,1.6,2.2,99.00,99.00,99.00,999,1021.8,18.9,999.0,999.0,99.0,99.00,
2020,11,16,19,00,76,1.5,2.1,99.00,99.00,99.00,999,1021.2,19.0,999.0,999.0,99.0,99.00,
2020,11,16,20,00,97,2.3,2.6,99.00,99.00,99.00,999,1021.2,18.7,999.0,999.0,99.0,99.00,
2020,11,16,21,00,83,1.0,1.4,99.00,99.00,99.00,999,1021.5,19.2,999.0,999.0,99.0,99.00,
2020,11,16,22,00,333,2.7,3.6,99.00,99.00,99.00,999,1021.7,18.4,999.0,999.0,99.0,99.00,
2020,11,16,23,00,307,1.2,1.8,99.00,99.00,99.00,999,1022.0,16.6,999.0,999.0,99.0,99.00,
2020,11,17,00,00,350,3.4,3.9,99.00,99.00,99.00,999,1022.7,17.0,999.0,999.0,99.0,99.00,
2020,11,17,01,00,355,2.3,2.9,99.00,99.00,99.00,999,1023.0,17.0,999.0,999.0,99.0,99.00,
2020,11,17,02,00,333,1.8,2.2,99.00,99.00,99.00,999,1022.9,16.5,999.0,999.0,99.0,99.00,
2020,11,17,03,00,309,1.5,1.7,99.00,99.00,99.00,999,1023.2,16.1,999.0,999.0,99.0,99.00,
2020,11,17,04,00,307,1.9,2.5,99.00,99.00,99.00,999,1023.6,14.9,999.0,999.0,99.0,99.00,
2020,11,17,05,00,306,2.2,2.6,99.00,99.00,99.00,999,1023.4,13.8,999.0,999.0,99.0,99.00,
2020,11,17,06,00,303,2.5,2.8,99.00,99.00,99.00,999,1023.7,12.7,999.0,999.0,99.0,99.00,
2020,11,17,07,00,284,2.2,2.7,99.00,99.00,99.00,999,1023.6,11.7,999.0,999.0,99.0,99.00,
2020,11,17,08,00,300,2.5,3.0,99.00,99.00,99.00,999,1023.4,11.1,999.0,999.0,99.0,99.00,
2020,11,17,09,00,303,2.6,3.2,99.00,99.00,99.00,999,1023.4,10.3,999.0,999.0,99.0,99.00,
2020,11,17,10,00,288,2.2,2.6,99.00,99.00,99.00,999,1023.0,10.5,999.0,999.0,99.0,99.00,
2020,11,17,11,00,288,0.6,1.3,99.00,99.00,99.00,999,1023.4,9.7,999.0,999.0,99.0,99.00,
2020,11,17,12,00,287,2.4,3.8,99.00,99.00,99.00,999,1023.9,10.1,999.0,999.0,99.0,99.00,
2020,11,17,13,00,299,2.3,2.9,99.00,99.00,99.00,999,1024.0,11.5,999.0,999.0,99.0,99.00,
2020,11,17,14,00,308,3.3,4.6,99.00,99.00,99.00,999,1024.7,14.2,999.0,999.0,99.0,99.00,
2020,11,17,15,00,306,4.4,6.1,99.00,99.00,99.00,999,1024.8,16.0,999.0,999.0,99.0,99.00,
2020,11,17,16,00,293,4.1,5.8,99.00,99.00,99.00,999,1024.2,17.0,999.0,999.0,99.0,99.00,
2020,11,17,17,00,298,1.8,4.1,99.00,99.00,99.00,999,1023.5,19.3,999.0,999.0,99.0,99.00,
2020,11,17,18,00,291,3.0,4.6,99.00,99.00,99.00,999,1022.1,20.0,999.0,999.0,99.0,99.00,
2020,11,17,19,00,296,4.0,6.6,99.00,99.00,99.00,999,1021.6,20.6,999.0,999.0,99.0,99.00,
2020,11,17,20,00,304,3.3,5.5,99.00,99.00,99.00,999,1021.7,20.5,999.0,999.0,99.0,99.00,
2020,11,17,21,00,301,3.4,5.0,99.00,99.00,99.00,999,1022.2,19.9,999.0,999.0,99.0,99.00,
2020,11,17,22,00,311,1.9,2.5,99.00,99.00,99.00,999,1022.8,18.2,999.0,999.0,99.0,99.00,
2020,11,17,23,00,311,2.2,2.8,99.00,99.00,99.00,999,1023.8,16.7,999.0,999.0,99.0,99.00,
2020,11,18,00,00,328,3.0,4.5,99.00,99.00,99.00,999,1024.7,16.2,999.0,999.0,99.0,99.00,
2020,11,18,01,00,348,3.4,4.7,99.00,99.00,99.00,999,1025.4,15.7,999.0,999.0,99.0,99.00,
2020,11,18,02,00,343,3.0,3.9,99.00,99.00,99.00,999,1026.0,15.1,999.0,999.0,99.0,99.00,
2020,11,18,03,00,354,7.2,10.2,99.00,99.00,99.00,999,1027.1,15.3,999.0,999.0,99.0,99.00,
2020,11,18,04,00,19,8.7,9.6,99.00,99.00,99.00,999,1027.8,14.4,999.0,999.0,99.0,99.00,
2020,11,18,05,00,14,8.9,10.2,99.00,99.00,99.00,999,1028.1,13.5,999.0,999.0,99.0,99.00,
2020,11,18,06,00,0,7.4,9.3,99.00,99.00,99.00,999,1028.4,12.6,999.0,999.0,99.0,99.00,
2020,11,18,07,00,1,7.1,9.1,99.00,99.00,99.00,999,1029.0,11.7,999.0,999.0,99.0,99.00,
2020,11,18,08,00,8,5.8,7.8,99.00,99.00,99.00,999,1029.4,10.9,999.0,999.0,99.0,99.00,
2020,11,18,09,00,3,6.6,8.3,99.00,99.00,99.00,999,1029.9,10.0,999.0,999.0,99.0,99.00,
2020,11,18,10,00,3,8.2,10.5,99.00,99.00,99.00,999,1030.2,9.3,999.0,999.0,99.0,99.00,
2020,11,18,11,00,9,9.7,12.5,99.00,99.00,99.00,999,1030.8,9.1,999.0,999.0,99.0,99.00,
2020,11,18,12,00,13,11.3,13.0,99.00,99.00,99.00,999,1031.5,8.8,999.0,999.0,99.0,99.00,
2020,11,18,13,00,16,9.9,12.1,99.00,99.00,99.00,999,1033.1,8.8,999.0,999.0,99.0,99.00,
2020,11,18,14,00,11,10.7,12.9,99.00,99.00,99.00,999,1034.0,8.7,999.0,999.0,99.0,99.00,
2020,11,18,15,00,14,9.7,12.3,99.00,99.00,99.00,999,1034.3,9.2,999.0,999.0,99.0,99.00,
2020,11,18,16,00,26,7.1,9.6,99.00,99.00,99.00,999,1034.3,9.7,999.0,999.0,99.0,99.00,
2020,11,18,17,00,17,6.1,7.5,99.00,99.00,99.00,999,1034.1,10.3,999.0,999.0,99.0,99.00,
2020,11,18,18,00,7,3.7,4.8,99.00,99.00,99.00,999,1033.3,11.5,999.0,999.0,99.0,99.00,
2020,11,18,19,00,2,2.9,4.0,99.00,99.00,99.00,999,1032.8,12.2,999.0,999.0,99.0,99.00,
2020,11,18,20,00,32,3.1,3.9,99.00,99.00,99.00,999,1032.5,12.6,999.0,999.0,99.0,99.00,
2020,11,18,21,00,0,3.4,4.4,99.00,99.00,99.00,999,1032.7,12.6,999.0,999.0,99.0,99.00,
2020,11,18,22,00,9,5.9,6.8,99.00,99.00,99.00,999,1033.0,12.1,999.0,999.0,99.0,99.00,
2020,11,18,23,00,16,5.7,7.1,99.00,99.00,99.00,999,1033.4,11.5,999.0,999.0,99.0,99.00,
2020,11,19,00,00,21,6.9,7.7,99.00,99.00,99.00,999,1033.9,11.1,999.0,999.0,99.0,99.00,
2020,11,19,01,00,25,7.7,8.6,99.00,99.00,99.00,999,1034.5,11.0,999.0,999.0,99.0,99.00,
2020,11,19,02,00,17,7.6,9.1,99.00,99.00,99.00,999,1034.7,10.7,999.0,999.0,99.0,99.00,
2020,11,19,03,00,23,8.0,9.2,99.00,99.00,99.00,999,1035.2,10.5,999.0,999.0,99.0,99.00,
2020,11,19,04,00,19,8.3,10.2,99.00,99.00,99.00,999,1035.1,10.4,999.0,999.0,99.0,99.00,
2020,11,19,05,00,16,8.2,9.7,99.00,99.00,99.00,999,1034.7,10.6,999.0,999.0,99.0,99.00,
2020,11,19,06,00,12,7.5,9.6,99.00,99.00,99.00,999,1034.4,10.2,999.0,999.0,99.0,99.00,
2020,11,19,07,00,17,6.7,8.3,99.00,99.00,99.00,999,1034.4,10.1,999.0,999.0,99.0,99.00,
2020,11,19,08,00,12,7.3,8.6,99.00,99.00,99.00,999,1034.3,10.1,999.0,999.0,99.0,99.00,
2020,11,19,09,00,2,6.6,8.3,99.00,99.00,99.00,999,1034.5,9.3,999.0,999.0,99.0,99.00,
2020,11,19,10,00,354,5.5,6.8,99.00,99.00,99.00,999,1034.6,8.3,999.0,999.0,99.0,99.00,
2020,11,19,11,00,354,5.7,6.7,99.00,99.00,99.00,999,1035.1,8.5,999.0,999.0,99.0,99.00,
2020,11,19,12,00,358,5.8,7.6,99.00,99.00,99.00,999,1035.5,8.2,999.0,999.0,99.0,99.00,
2020,11,19,13,00,356,6.2,7.5,99.00,99.00,99.00,999,1036.0,9.3,999.0,999.0,99.0,99.00,
2020,11,19,14,00,8,6.7,8.1,99.00,99.00,99.00,999,1036.3,11.0,999.0,999.0,99.0,99.00,
2020,11,19,15,00,15,6.7,9.2,99.00,99.00,99.00,999,1036.5,12.9,999.0,999.0,99.0,99.00,
2020,11,19,16,00,23,7.5,8.7,99.00,99.00,99.00,999,1036.4,13.6,999.0,999.0,99.0,99.00,
2020,11,19,17,00,29,6.4,7.9,99.00,99.00,99.00,999,1035.7,14.8,999.0,999.0,99.0,99.00,
2020,11,19,18,00,32,5.0,6.3,99.00,99.00,99.00,999,1034.7,15.6,999.0,999.0,99.0,99.00,
2020,11,19,19,00,35,5.8,6.6,99.00,99.00,99.00,999,1034.2,16.1,999.0,999.0,99.0,99.00,
2020,11,19,20,00,36,5.8,6.9,99.00,99.00,99.00,999,1033.9,16.4,999.0,999.0,99.0,99.00,
2020,11,19,21,00,48,6.8,7.8,99.00,99.00,99.00,999,1033.8,16.4,999.0,999.0,99.0,99.00,
2020,11,19,22,00,23,6.9,8.2,99.00,99.00,99.00,999,1033.4,16.3,999.0,999.0,99.0,99.00,
2020,11,19,23,00,28,6.3,7.2,99.00,99.00,99.00,999,1033.5,15.7,999.0,999.0,99.0,99.00,
2020,11,20,00,00,25,5.8,6.6,99.00,99.00,99.00,999,1034.0,15.2,999.0,999.0,99.0,99.00,
2020,11,20,01,00,33,7.4,8.9,99.00,99.00,99.00,999,1034.0,15.1,999.0,999.0,99.0,99.00,
2020,11,20,02,00,36,7.5,8.1,99.00,99.00,99.00,999,1033.8,15.2,999.0,999.0,99.0,99.00,
2020,11,20,03,00,27,6.6,7.5,99.00,99.00,99.00,999,1033.6,15.1,999.0,999.0,99.0,99.00,
2020,11,20,04,00,26,5.0,5.7,99.00,99.00,99.00,999,1033.5,15.4,999.0,999.0,99.0,99.00,
2020,11,20,05,00,24,5.7,6.6,99.00,99.00,99.00,999,1033.4,16.2,999.0,999.0,99.0,99.00,
2020,11,20,06,00,16,5.5,6.4,99.00,99.00,99.00,999,1033.0,16.2,999.0,999.0,99.0,99.00,
2020,11,20,07,00,38,6.8,7.8,99.00,99.00,99.00,999,1032.6,16.4,999.0,999.0,99.0,99.00,
2020,11,20,08,00,11,5.2,5.9,99.00,99.00,99.00,999,1032.3,16.3,999.0,999.0,99.0,99.00,
2020,11,20,09,00,15,4.7,6.4,99.00,99.00,99.00,999,1032.5,16.2,999.0,999.0,99.0,99.00,
2020,11,20,10,00,17,5.1,5.9,99.00,99.00,99.00,999,1032.5,15.9,999.0,999.0,99.0,99.00,
2020,11,20,11,00,8,4.8,5.8,99.00,99.00,99.00,999,1032.6,15.7,999.0,999.0,99.0,99.00,
2020,11,20,12,00,6,3.9,4.6,99.00,99.00,99.00,999,1032.9,15.5,999.0,999.0,99.0,99.00,
2020,11,20,13,00,9,6.1,7.0,99.00,99.00,99.00,999,1033.1,16.0,999.0,999.0,99.0,99.00,
2020,11,20,14,00,30,5.3,6.1,99.00,99.00,99.00,999,1033.5,16.8,999.0,999.0,99.0,99.00,
2020,11,20,15,00,36,5.4,6.2,99.00,99.00,99.00,999,1033.7,17.6,999.0,999.0,99.0,99.00,
2020,11,20,16,00,46,5.6,6.3,99.00,99.00,99.00,999,1033.6,18.3,999.0,999.0,99.0,99.00,
2020,11,20,17,00,46,5.7,6.3,99.00,99.00,99.00,999,1032.8,18.7,999.0,999.0,99.0,99.00,
2020,11,20,18,00,38,4.0,4.6,99.00,99.00,99.00,999,1031.9,19.5,999.0,999.0,99.0,99.00,
2020,11,20,19,00,46,4.8,5.4,99.00,99.00,99.00,999,1031.2,19.4,999.0,999.0,99.0,99.00,
2020,11,20,20,00,57,4.4,5.0,99.00,99.00,99.00,999,1030.8,19.7,999.0,999.0,99.0,99.00,
2020,11,20,21,00,49,4.0,4.4,99.00,99.00,99.00,999,1030.8,19.3,999.0,999.0,99.0,99.00,
2020,11,20,22,00,59,4.6,5.4,99.00,99.00,99.00,999,1030.6,18.8,999.0,999.0,99.0,99.00,
2020,11,20,23,00,54,5.0,5.5,99.00,99.00,99.00,999,1030.5,18.5,999.0,999.0,99.0,99.00,
2020,11,21,00,00,42,4.9,5.4,99.00,99.00,99.00,999,1030.4,18.5,999.0,999.0,99.0,99.00,
2020,11,21,01,00,56,4.8,5.4,99.00,99.00,99.00,999,1030.5,18.4,999.0,999.0,99.0,99.00,
2020,11,21,02,00,35,4.1,4.8,99.00,99.00,99.00,999,1030.3,18.2,999.0,999.0,99.0,99.00,
2020,11,21,03,00,29,3.2,3.6,99.00,99.00,99.00,999,1030.3,17.9,999.0,999.0,99.0,99.00,
2020,11,21,04,00,29,2.5,2.9,99.00,99.00,99.00,999,1029.9,17.3,999.0,999.0,99.0,99.00,
2020,11,21,05,00,15,2.3,2.8,99.00,99.00,99.00,999,1029.7,17.2,999.0,999.0,99.0,99.00,
2020,11,21,06,00,359,2.2,3.0,99.00,99.00,99.00,999,1029.2,17.0,999.0,999.0,99.0,99.00,
2020,11,21,07,00,18,3.6,4.3,99.00,99.00,99.00,999,1028.9,17.0,999.0,999.0,99.0,99.00,
2020,11,21,08,00,355,2.5,3.4,99.00,99.00,99.00,999,1028.9,16.8,999.0,999.0,99.0,99.00,
2020,11,21,09,00,358,2.9,3.6,99.00,99.00,99.00,999,1028.8,15.6,999.0,999.0,99.0,99.00,
2020,11,21,10,00,351,3.0,3.5,99.00,99.00,99.00,999,1028.7,15.9,999.0,999.0,99.0,99.00,
2020,11,21,11,00,356,3.7,4.3,99.00,99.00,99.00,999,1028.9,16.1,999.0,999.0,99.0,99.00,
2020,11,21,12,00,5,4.4,5.4,99.00,99.00,99.00,999,1029.2,16.5,999.0,999.0,99.0,99.00,
2020,11,21,13,00,3,3.9,5.2,99.00,99.00,99.00,999,1029.8,16.5,999.0,999.0,99.0,99.00,
2020,11,21,14,00,12,4.0,4.7,99.00,99.00,99.00,999,1029.9,17.1,999.0,999.0,99.0,99.00,
2020,11,21,15,00,38,3.5,3.9,99.00,99.00,99.00,999,1029.5,18.2,999.0,999.0,99.0,99.00,
2020,11,21,16,00,38,4.8,5.7,99.00,99.00,99.00,999,1029.2,19.1,999.0,999.0,99.0,99.00,
2020,11,21,17,00,66,4.6,5.2,99.00,99.00,99.00,999,1028.2,19.5,999.0,999.0,99.0,99.00,
2020,11,21,18,00,70,5.3,5.8,99.00,99.00,99.00,999,1027.3,19.6,999.0,999.0,99.0,99.00,
2020,11,21,19,00,72,5.6,6.2,99.00,99.00,99.00,999,1026.6,19.7,999.0,999.0,99.0,99.00,
2020,11,21,20,00,71,4.9,5.7,99.00,99.00,99.00,999,1026.1,19.7,999.0,999.0,99.0,99.00,
2020,11,21,21,00,70,5.0,5.8,99.00,99.00,99.00,999,1026.0,19.5,999.0,999.0,99.0,99.00,
2020,11,21,22,00,55,4.8,5.4,99.00,99.00,99.00,999,1025.8,19.1,999.0,999.0,99.0,99.00,
2020,11,21,23,00,45,4.6,5.1,99.00,99.00,99.00,999,1026.0,18.7,999.0,999.0,99.0,99.00,
2020,11,22,00,00,40,3.3,3.8,99.00,99.00,99.00,999,1026.2,18.5,999.0,999.0,99.0,99.00,
2020,11,22,01,00,32,3.2,3.6,99.00,99.00,99.00,999,1026.2,18.3,999.0,999.0,99.0,99.00,
2020,11,22,02,00,32,3.9,4.3,99.00,99.00,99.00,999,1026.1,18.1,999.0,999.0,99.0,99.00,
2020,11,22,03,00,32,4.2,4.7,99.00,99.00,99.00,999,1025.8,18.0,999.0,999.0,99.0,99.00,
2020,11,22,04,00,32,3.7,4.1,99.00,99.00,99.00,999,1025.6,18.4,999.0,999.0,99.0,99.00,
2020,11,22,05,00,42,3.8,4.2,99.00,99.00,99.00,999,1025.2,18.3,999.0,999.0,99.0,99.00,
2020,11,22,06,00,20,4.4,5.1,99.00,99.00,99.00,999,1024.6,18.0,999.0,999.0,99.0,99.00,
2020,11,22,07,00,0,4.4,5.3,99.00,99.00,99.00,999,1024.0,18.6,999.0,999.0,99.0,99.00,
2020,11,22,08,00,3,4.2,5.6,99.00,99.00,99.00,999,1023.5,18.2,999.0,999.0,99.0,99.00,
2020,11,22,09,00,21,4.1,5.3,99.00,99.00,99.00,999,1023.2,18.5,999.0,999.0,99.0,99.00,
2020,11,22,10,00,19,4.8,5.8,99.00,99.00,99.00,999,1023.2,18.5,999.0,999.0,99.0,99.00,
2020,11,22,11,00,6,4.4,4.8,99.00,99.00,99.00,999,1023.2,18.3,999.0,999.0,99.0,99.00,
2020,11,22,12,00,18,5.1,5.7,99.00,99.00,99.00,999,1023.1,18.5,999.0,999.0,99.0,99.00,
2020,11,22,13,00,28,6.0,6.6,99.00,99.00,99.00,999,1023.5,18.9,999.0,999.0,99.0,99.00,
2020,11,22,14,00,44,5.5,6.6,99.00,99.00,99.00,999,1023.6,19.3,999.0,999.0,99.0,99.00,
2020,11,22,15,00,59,5.3,5.8,99.00,99.00,99.00,999,1023.4,20.0,999.0,999.0,99.0,99.00,
2020,11,22,16,00,40,4.3,4.6,99.00,99.00,99.00,999,1023.3,19.7,999.0,999.0,99.0,99.00,
2020,11,22,17,00,44,4.0,4.4,99.00,99.00,99.00,999,1022.4,20.2,999.0,999.0,99.0,99.00,
2020,11,22,18,00,51,3.6,4.2,99.00,99.00,99.00,999,1021.5,20.6,999.0,999.0,99.0,99.00,
2020,11,22,19,00,43,5.4,5.8,99.00,99.00,99.00,999,1020.8,19.9,999.0,999.0,99.0,99.00,
2020,11,22,20,00,45,6.3,6.8,99.00,99.00,99.00,999,1020.1,19.7,999.0,999.0,99.0,99.00,
2020,11,22,21,00,40,5.0,5.8,99.00,99.00,99.00,999,1020.0,19.7,999.0,999.0,99.0,99.00,
2020,11,22,22,00,39,4.9,5.7,99.00,99.00,99.00,999,1019.9,19.6,999.0,999.0,99.0,99.00,
2020,11,22,23,00,301,1.5,2.1,99.00,99.00,99.00,999,1020.2,19.2,999.0,999.0,99.0,99.00,
2020,11,23,00,00,315,2.0,2.4,99.00,99.00,99.00,999,1020.0,18.8,999.0,999.0,99.0,99.00,
2020,11,23,01,00,341,3.3,4.1,99.00,99.00,99.00,999,1019.8,18.6,999.0,999.0,99.0,99.00,
2020,11,23,02,00,340,2.7,3.3,99.00,99.00,99.00,999,1020.0,17.9,999.0,999.0,99.0,99.00,
2020,11,23,03,00,338,2.3,2.8,99.00,99.00,99.00,999,1019.8,17.8,999.0,999.0,99.0,99.00,
2020,11,23,04,00,336,1.8,2.4,99.00,99.00,99.00,999,1019.3,17.4,999.0,999.0,99.0,99.00,
2020,11,23,05,00,313,2.2,2.9,99.00,99.00,99.00,999,1019.3,17.1,999.0,999.0,99.0,99.00,
2020,11,23,06,00,323,0.8,1.5,99.00,99.00,99.00,999,1018.6,17.0,999.0,999.0,99.0,99.00,
2020,11,23,07,00,260,0.7,1.2,99.00,99.00,99.00,999,1018.2,17.1,999.0,999.0,99.0,99.00,
2020,11,23,08,00,288,1.3,1.9,99.00,99.00,99.00,999,1017.6,16.8,999.0,999.0,99.0,99.00,
2020,11,23,09,00,288,2.3,3.4,99.00,99.00,99.00,999,1017.5,16.6,999.0,999.0,99.0,99.00,
2020,11,23,10,00,300,3.4,4.7,99.00,99.00,99.00,999,1017.4,16.5,999.0,999.0,99.0,99.00,
2020,11,23,11,00,304,2.9,4.7,99.00,99.00,99.00,999,1017.6,15.3,999.0,999.0,99.0,99.00,
2020,11,23,12,00,305,2.6,3.9,99.00,99.00,99.00,999,1018.0,15.0,999.0,999.0,99.0,99.00,
2020,11,23,13,00,300,3.0,4.3,99.00,99.00,99.00,999,1018.6,15.8,999.0,999.0,99.0,99.00,
2020,11,23,14,00,320,4.3,6.1,99.00,99.00,99.00,999,1019.0,17.6,999.0,999.0,99.0,99.00,
2020,11,23,15,00,335,5.6,7.4,99.00,99.00,99.00,999,1019.2,18.8,999.0,999.0,99.0,99.00,
2020,11,23,16,00,337,5.7,7.3,99.00,99.00,99.00,999,1019.4,19.2,999.0,999.0,99.0,99.00,
2020,11,23,17,00,342,7.1,8.4,99.00,99.00,99.00,999,1019.2,19.8,999.0,999.0,99.0,99.00,
2020,11,23,18,00,339,3.8,5.8,99.00,99.00,99.00,999,1019.0,20.5,999.0,999.0,99.0,99.00,
2020,11,23,19,00,349,4.7,6.8,99.00,99.00,99.00,999,1018.8,20.7,999.0,999.0,99.0,99.00,
2020,11,23,20,00,341,4.8,6.1,99.00,99.00,99.00,999,1019.1,20.6,999.0,999.0,99.0,99.00,
2020,11,23,21,00,338,4.4,6.0,99.00,99.00,99.00,999,1019.8,19.9,999.0,999.0,99.0,99.00,
2020,11,23,22,00,336,4.7,6.4,99.00,99.00,99.00,999,1020.4,18.4,999.0,999.0,99.0,99.00,
2020,11,23,23,00,337,2.7,3.2,99.00,99.00,99.00,999,1021.4,16.5,999.0,999.0,99.0,99.00,
2020,11,24,00,00,359,4.2,5.9,99.00,99.00,99.00,999,1022.2,16.4,999.0,999.0,99.0,99.00,
2020,11,24,01,00,4,5.8,7.8,99.00,99.00,99.00,999,1022.8,15.8,999.0,999.0,99.0,99.00,
2020,11,24,02,00,0,5.6,7.2,99.00,99.00,99.00,999,1024.0,14.7,999.0,999.0,99.0,99.00,
2020,11,24,03,00,9,8.3,9.8,99.00,99.00,99.00,999,1024.0,14.2,999.0,999.0,99.0,99.00,
2020,11,24,04,00,23,7.9,10.3,99.00,99.00,99.00,999,1024.3,14.1,999.0,999.0,99.0,99.00,
2020,11,24,05,00,34,9.0,10.7,99.00,99.00,99.00,999,1024.3,14.1,999.0,999.0,99.0,99.00,
2020,11,24,06,00,21,6.4,7.8,99.00,99.00,99.00,999,1024.8,12.9,999.0,999.0,99.0,99.00,
2020,11,24,07,00,22,6.8,7.9,99.00,99.00,99.00,999,1024.7,12.7,999.0,999.0,99.0,99.00,
2020,11,24,08,00,17,6.6,8.1,99.00,99.00,99.00,999,1025.2,11.6,999.0,999.0,99.0,99.00,
2020,11,24,09,00,25,8.0,8.8,99.00,99.00,99.00,999,1025.0,11.6,999.0,999.0,99.0,99.00,
2020,11,24,10,00,21,7.7,9.8,99.00,99.00,99.00,999,1025.2,10.3,999.0,999.0,99.0,99.00,
2020,11,24,11,00,17,7.6,9.2,99.00,99.00,99.00,999,1026.2,9.9,999.0,999.0,99.0,99.00,
2020,11,24,12,00,12,7.6,8.7,99.00,99.00,99.00,999,1026.9,10.0,999.0,999.0,99.0,99.00,
2020,11,24,13,00,8,8.6,9.9,99.00,99.00,99.00,999,1027.8,10.3,999.0,999.0,99.0,99.00,
2020,11,24,14,00,13,8.2,9.6,99.00,99.00,99.00,999,1028.6,11.7,999.0,999.0,99.0,99.00,
2020,11,24,15,00,33,8.5,9.5,99.00,99.00,99.00,999,1028.6,13.1,999.0,999.0,99.0,99.00,
2020,11,24,16,00,30,9.2,11.1,99.00,99.00,99.00,999,1028.9,14.1,999.0,999.0,99.0,99.00,
2020,11,24,17,00,35,9.8,11.8,99.00,99.00,99.00,999,1028.2,14.7,999.0,999.0,99.0,99.00,
2020,11,24,18,00,38,9.1,10.6,99.00,99.00,99.00,999,1027.7,14.9,999.0,999.0,99.0,99.00,
2020,11,24,19,00,42,9.1,10.5,99.00,99.00,99.00,999,1027.3,14.9,999.0,999.0,99.0,99.00,
2020,11,24,20,00,41,9.3,10.6,99.00,99.00,99.00,999,1027.1,15.0,999.0,999.0,99.0,99.00,
2020,11,24,21,00,45,9.0,10.2,99.00,99.00,99.00,999,1027.3,15.0,999.0,999.0,99.0,99.00,
2020,11,24,22,00,41,9.0,10.2,99.00,99.00,99.00,999,1027.2,14.9,999.0,999.0,99.0,99.00,
2020,11,24,23,00,42,7.5,9.5,99.00,99.00,99.00,999,1027.4,14.9,999.0,999.0,99.0,99.00,
2020,11,25,00,00,49,8.0,8.9,99.00,99.00,99.00,999,1027.5,15.4,999.0,999.0,99.0,99.00,
2020,11,25,01,00,66,8.4,9.6,99.00,99.00,99.00,999,1027.4,15.9,999.0,999.0,99.0,99.00,
2020,11,25,02,00,75,8.3,9.4,99.00,99.00,99.00,999,1027.3,16.3,999.0,999.0,99.0,99.00,
2020,11,25,03,00,76,8.2,9.0,99.00,99.00,99.00,999,1027.1,16.9,999.0,999.0,99.0,99.00,
2020,11,25,04,00,80,7.1,8.2,99.00,99.00,99.00,999,1026.8,17.4,999.0,999.0,99.0,99.00,
2020,11,25,05,00,82,6.6,7.2,99.00,99.00,99.00,999,1026.6,17.8,999.0,999.0,99.0,99.00,
2020,11,25,06,00,80,5.7,6.5,99.00,99.00,99.00,999,1026.4,18.1,999.0,999.0,99.0,99.00,
2020,11,25,07,00,81,7.3,8.0,99.00,99.00,99.00,999,1025.8,18.6,999.0,999.0,99.0,99.00,
2020,11,25,08,00,81,7.3,7.8,99.00,99.00,99.00,999,1025.8,18.5,999.0,999.0,99.0,99.00,
2020,11,25,09,00,74,7.3,8.0,99.00,99.00,99.00,999,1025.3,18.5,999.0,999.0,99.0,99.00,
2020,11,25,10,00,81,3.0,3.3,99.00,99.00,99.00,999,1025.4,18.6,999.0,999.0,99.0,99.00,
2020,11,25,11,00,114,3.3,3.6,99.00,99.00,99.00,999,1025.7,19.5,999.0,999.0,99.0,99.00,
2020,11,25,12,00,22,2.0,3.1,99.00,99.00,99.00,999,1025.8,17.6,999.0,999.0,99.0,99.00,
2020,11,25,13,00,115,4.2,4.9,99.00,99.00,99.00,999,1025.9,19.4,999.0,999.0,99.0,99.00,
2020,11,25,14,00,132,4.9,5.3,99.00,99.00,99.00,999,1026.4,20.0,999.0,999.0,99.0,99.00,
2020,11,25,15,00,105,3.9,3.9,99.00,99.00,99.00,999,1026.4,19.6,999.0,999.0,99.0,99.00,
2020,11,25,16,00,113,3.0,3.2,99.00,99.00,99.00,999,1026.0,19.9,999.0,999.0,99.0,99.00,
2020,11,25,17,00,153,2.8,2.9,99.00,99.00,99.00,999,1025.3,19.8,999.0,999.0,99.0,99.00,
2020,11,25,18,00,138,2.4,2.8,99.00,99.00,99.00,999,1024.3,20.1,999.0,999.0,99.0,99.00,
2020,11,25,19,00,148,5.3,5.5,99.00,99.00,99.00,999,1023.4,20.6,999.0,999.0,99.0,99.00,
2020,11,25,20,00,138,4.5,4.7,99.00,99.00,99.00,999,1023.0,20.4,999.0,999.0,99.0,99.00,
2020,11,25,21,00,137,2.8,2.9,99.00,99.00,99.00,999,1022.7,19.8,999.0,999.0,99.0,99.00,
2020,11,25,22,00,148,1.9,2.1,99.00,99.00,99.00,999,1022.6,19.6,999.0,999.0,99.0,99.00,
2020,11,25,23,00,141,1.4,1.5,99.00,99.00,99.00,999,1022.9,19.9,999.0,999.0,99.0,99.00,
2020,11,26,00,00,181,2.9,3.1,99.00,99.00,99.00,999,1022.8,19.6,999.0,999.0,99.0,99.00,
2020,11,26,01,00,174,2.8,2.9,99.00,99.00,99.00,999,1022.9,19.6,999.0,999.0,99.0,99.00,
2020,11,26,02,00,173,3.7,4.0,99.00,99.00,99.00,999,1022.6,19.6,999.0,999.0,99.0,99.00,
2020,11,26,03,00,169,5.4,5.9,99.00,99.00,99.00,999,1022.1,20.1,999.0,999.0,99.0,99.00,
2020,11,26,04,00,188,4.4,4.7,99.00,99.00,99.00,999,1022.2,19.9,999.0,999.0,99.0,99.00,
2020,11,26,05,00,181,4.6,5.0,99.00,99.00,99.00,999,1022.3,19.5,999.0,999.0,99.0,99.00,
2020,11,26,06,00,207,3.8,4.4,99.00,99.00,99.00,999,1021.8,19.7,999.0,999.0,99.0,99.00,
2020,11,26,07,00,175,3.7,4.1,99.00,99.00,99.00,999,1021.2,19.3,999.0,999.0,99.0,99.00,
2020,11,26,08,00,203,2.3,2.5,99.00,99.00,99.00,999,1020.7,19.0,999.0,999.0,99.0,99.00,
2020,11,26,09,00,226,3.2,4.5,99.00,99.00,99.00,999,1020.1,19.3,999.0,999.0,99.0,99.00,
2020,11,26,10,00,237,3.2,4.6,99.00,99.00,99.00,999,1020.3,19.5,999.0,999.0,99.0,99.00,
2020,11,26,11,00,236,3.7,4.9,99.00,99.00,99.00,999,1020.6,19.3,999.0,999.0,99.0,99.00,
2020,11,26,12,00,243,3.6,5.2,99.00,99.00,99.00,999,1020.8,18.9,999.0,999.0,99.0,99.00,
2020,11,26,13,00,235,4.0,5.5,99.00,99.00,99.00,999,1021.3,19.6,999.0,999.0,99.0,99.00,
2020,11,26,14,00,244,3.4,5.1,99.00,99.00,99.00,999,1021.4,21.3,999.0,999.0,99.0,99.00,
2020,11,26,15,00,216,5.7,6.8,99.00,99.00,99.00,999,1021.8,20.8,999.0,999.0,99.0,99.00,
2020,11,26,16,00,214,5.1,6.0,99.00,99.00,99.00,999,1021.9,20.7,999.0,999.0,99.0,99.00,
2020,11,26,17,00,206,4.4,5.3,99.00,99.00,99.00,999,1021.1,20.5,999.0,999.0,99.0,99.00,
2020,11,26,18,00,213,4.7,5.5,99.00,99.00,99.00,999,1020.5,20.9,999.0,999.0,99.0,99.00,
2020,11,26,19,00,199,2.9,3.4,99.00,99.00,99.00,999,1019.6,21.1,999.0,999.0,99.0,99.00,
2020,11,26,20,00,210,2.1,2.6,99.00,99.00,99.00,999,1019.1,20.7,999.0,999.0,99.0,99.00,
2020,11,26,21,00,192,4.7,5.4,99.00,99.00,99.00,999,1018.6,20.2,999.0,999.0,99.0,99.00,
2020,11,26,22,00,222,2.8,3.4,99.00,99.00,99.00,999,1018.7,19.9,999.0,999.0,99.0,99.00,
2020,11,26,23,00,209,4.1,4.3,99.00,99.00,99.00,999,1018.7,19.8,999.0,999.0,99.0,99.00,
2020,11,27,00,00,214,3.3,3.6,99.00,99.00,99.00,999,1019.1,19.7,999.0,999.0,99.0,99.00,
2020,11,27,01,00,222,1.7,2.1,99.00,99.00,99.00,999,1019.3,19.7,999.0,999.0,99.0,99.00,
2020,11,27,02,00,216,2.1,2.2,99.00,99.00,99.00,999,1019.5,19.5,999.0,999.0,99.0,99.00,
2020,11,27,03,00,205,1.2,1.3,99.00,99.00,99.00,999,1019.7,19.1,999.0,999.0,99.0,99.00,
2020,11,27,04,00,220,2.5,2.7,99.00,99.00,99.00,999,1019.4,19.5,999.0,999.0,99.0,99.00,
2020,11,27,05,00,218,2.9,3.2,99.00,99.00,99.00,999,1019.2,19.5,999.0,999.0,99.0,99.00,
2020,11,27,06,00,226,3.5,4.6,99.00,99.00,99.00,999,1019.0,19.5,999.0,999.0,99.0,99.00,
2020,11,27,07,00,222,3.6,4.3,99.00,99.00,99.00,999,1018.8,19.4,999.0,999.0,99.0,99.00,
2020,11,27,08,00,215,1.7,1.9,99.00,99.00,99.00,999,1018.5,19.1,999.0,999.0,99.0,99.00,
2020,11,27,09,00,232,3.1,4.5,99.00,99.00,99.00,999,1018.5,19.3,999.0,999.0,99.0,99.00,
2020,11,27,10,00,232,2.8,4.1,99.00,99.00,99.00,999,1018.6,19.1,999.0,999.0,99.0,99.00,
2020,11,27,11,00,229,2.5,3.2,99.00,99.00,99.00,999,1018.9,18.7,999.0,999.0,99.0,99.00,
2020,11,27,12,00,242,2.6,3.3,99.00,99.00,99.00,999,1019.3,18.6,999.0,999.0,99.0,99.00,
2020,11,27,13,00,233,2.2,2.9,99.00,99.00,99.00,999,1019.5,18.9,999.0,999.0,99.0,99.00,
2020,11,27,14,00,225,2.8,3.7,99.00,99.00,99.00,999,1019.9,19.4,999.0,999.0,99.0,99.00,
2020,11,27,15,00,260,1.5,2.2,99.00,99.00,99.00,999,1019.9,20.3,999.0,999.0,99.0,99.00,
2020,11,27,16,00,280,3.0,4.3,99.00,99.00,99.00,999,1019.9,20.8,999.0,999.0,99.0,99.00,
2020,11,27,17,00,241,3.6,5.3,99.00,99.00,99.00,999,1019.2,21.4,999.0,999.0,99.0,99.00,
2020,11,27,18,00,289,3.0,4.3,99.00,99.00,99.00,999,1018.3,22.5,999.0,999.0,99.0,99.00,
2020,11,27,19,00,274,3.1,4.9,99.00,99.00,99.00,999,1017.7,21.9,999.0,999.0,99.0,99.00,
2020,11,27,20,00,259,3.1,4.6,99.00,99.00,99.00,999,1017.1,21.8,999.0,999.0,99.0,99.00,
2020,11,27,21,00,256,2.9,4.1,99.00,99.00,99.00,999,1017.4,22.1,999.0,999.0,99.0,99.00,
2020,11,27,22,00,262,1.9,2.5,99.00,99.00,99.00,999,1017.3,20.7,999.0,999.0,99.0,99.00,
2020,11,27,23,00,271,1.1,1.7,99.00,99.00,99.00,999,1017.6,19.5,999.0,999.0,99.0,99.00,
2020,11,28,00,00,268,1.7,2.5,99.00,99.00,99.00,999,1018.2,18.5,999.0,999.0,99.0,99.00,
2020,11,28,01,00,306,1.9,2.3,99.00,99.00,99.00,999,1017.9,17.8,999.0,999.0,99.0,99.00,
2020,11,28,02,00,275,1.4,1.8,99.00,99.00,99.00,999,1017.8,17.6,999.0,999.0,99.0,99.00,
2020,11,28,03,00,266,1.6,2.0,99.00,99.00,99.00,999,1017.9,17.2,999.0,999.0,99.0,99.00,
2020,11,28,04,00,279,1.5,1.7,99.00,99.00,99.00,999,1017.9,17.4,999.0,999.0,99.0,99.00,
2020,11,28,05,00,319,1.6,1.7,99.00,99.00,99.00,999,1017.9,16.5,999.0,999.0,99.0,99.00,
2020,11,28,06,00,0,0.0,0.0,99.00,99.00,99.00,999,1017.3,17.0,999.0,999.0,99.0,99.00,
2020,11,28,07,00,62,0.6,0.8,99.00,99.00,99.00,999,1017.0,17.3,999.0,999.0,99.0,99.00,
2020,11,28,08,00,18,2.5,2.9,99.00,99.00,99.00,999,1016.6,17.7,999.0,999.0,99.0,99.00,
2020,11,28,09,00,334,0.8,1.0,99.00,99.00,99.00,999,1016.6,16.0,999.0,999.0,99.0,99.00,
2020,11,28,10,00,298,1.1,1.2,99.00,99.00,99.00,999,1016.8,16.2,999.0,999.0,99.0,99.00,
2020,11,28,11,00,54,1.6,1.8,99.00,99.00,99.00,999,1016.7,17.4,999.0,999.0,99.0,99.00,
2020,11,28,12,00,348,1.5,2.1,99.00,99.00,99.00,999,1017.4,17.5,999.0,999.0,99.0,99.00,
2020,11,28,13,00,287,2.2,2.9,99.00,99.00,99.00,999,1019.2,16.4,999.0,999.0,99.0,99.00,
2020,11,28,14,00,320,1.3,1.6,99.00,99.00,99.00,999,1019.4,15.5,999.0,999.0,99.0,99.00,
2020,11,28,15,00,356,3.0,4.1,99.00,99.00,99.00,999,1019.5,15.9,999.0,999.0,99.0,99.00,
2020,11,28,16,00,359,4.6,5.8,99.00,99.00,99.00,999,1019.2,16.0,999.0,999.0,99.0,99.00,
2020,11,28,17,00,6,3.4,4.2,99.00,99.00,99.00,999,1019.0,14.6,999.0,999.0,99.0,99.00,
2020,11,28,18,00,48,1.8,2.1,99.00,99.00,99.00,999,1018.7,15.1,999.0,999.0,99.0,99.00,
2020,11,28,19,00,115,2.1,2.4,99.00,99.00,99.00,999,1018.3,15.3,999.0,999.0,99.0,99.00,
2020,11,28,20,00,105,1.5,1.9,99.00,99.00,99.00,999,1018.5,15.3,999.0,999.0,99.0,99.00,
2020,11,28,21,00,140,0.9,1.6,99.00,99.00,99.00,999,1017.9,15.5,999.0,999.0,99.0,99.00,
2020,11,28,22,00,347,2.4,3.1,99.00,99.00,99.00,999,1018.4,15.3,999.0,999.0,99.0,99.00,
2020,11,28,23,00,349,3.0,3.7,99.00,99.00,99.00,999,1018.9,15.1,999.0,999.0,99.0,99.00,
2020,11,29,00,00,356,3.7,4.7,99.00,99.00,99.00,999,1019.4,15.4,999.0,999.0,99.0,99.00,
2020,11,29,01,00,7,4.2,5.4,99.00,99.00,99.00,999,1019.7,15.8,999.0,999.0,99.0,99.00,
2020,11,29,02,00,11,4.4,5.2,99.00,99.00,99.00,999,1019.9,15.8,999.0,999.0,99.0,99.00,
2020,11,29,03,00,18,4.6,5.4,99.00,99.00,99.00,999,1019.8,15.4,999.0,999.0,99.0,99.00,
2020,11,29,04,00,7,4.2,5.0,99.00,99.00,99.00,999,1020.0,15.3,999.0,999.0,99.0,99.00,
2020,11,29,05,00,6,5.0,5.6,99.00,99.00,99.00,999,1019.7,14.9,999.0,999.0,99.0,99.00,
2020,11,29,06,00,14,5.3,6.2,99.00,99.00,99.00,999,1019.3,14.8,999.0,999.0,99.0,99.00,
2020,11,29,07,00,11,5.4,6.3,99.00,99.00,99.00,999,1019.4,15.1,999.0,999.0,99.0,99.00,
2020,11,29,08,00,20,5.8,6.8,99.00,99.00,99.00,999,1019.2,15.0,999.0,999.0,99.0,99.00,
2020,11,29,09,00,20,5.8,7.2,99.00,99.00,99.00,999,1018.9,15.3,999.0,999.0,99.0,99.00,
2020,11,29,10,00,24,6.9,7.9,99.00,99.00,99.00,999,1018.9,15.8,999.0,999.0,99.0,99.00,
2020,11,29,11,00,23,6.7,7.7,99.00,99.00,99.00,999,1019.1,16.1,999.0,999.0,99.0,99.00,
2020,11,29,12,00,21,6.7,7.8,99.00,99.00,99.00,999,1019.3,16.1,999.0,999.0,99.0,99.00,
2020,11,29,13,00,29,7.5,9.1,99.00,99.00,99.00,999,1019.3,17.0,999.0,999.0,99.0,99.00,
2020,11,29,14,00,34,7.3,8.6,99.00,99.00,99.00,999,1019.6,18.0,999.0,999.0,99.0,99.00,
2020,11,29,15,00,35,8.3,10.2,99.00,99.00,99.00,999,1019.3,18.6,999.0,999.0,99.0,99.00,
2020,11,29,16,00,43,10.2,12.1,99.00,99.00,99.00,999,1019.1,18.8,999.0,999.0,99.0,99.00,
2020,11,29,17,00,42,10.1,11.8,99.00,99.00,99.00,999,1017.9,18.7,999.0,999.0,99.0,99.00,
2020,11,29,18,00,55,7.8,9.5,99.00,99.00,99.00,999,1017.3,18.7,999.0,999.0,99.0,99.00,
2020,11,29,19,00,78,5.0,5.5,99.00,99.00,99.00,999,1016.2,19.3,999.0,999.0,99.0,99.00,
2020,11,29,20,00,106,4.6,5.2,99.00,99.00,99.00,999,1015.5,20.0,999.0,999.0,99.0,99.00,
2020,11,29,21,00,121,6.4,7.3,99.00,99.00,99.00,999,1015.3,19.5,999.0,999.0,99.0,99.00,
2020,11,29,22,00,92,7.8,8.4,99.00,99.00,99.00,999,1014.6,19.7,999.0,999.0,99.0,99.00,
2020,11,29,23,00,133,9.1,9.8,99.00,99.00,99.00,999,1013.8,20.9,999.0,999.0,99.0,99.00,
2020,11,30,00,00,128,7.4,8.2,99.00,99.00,99.00,999,1013.6,21.0,999.0,999.0,99.0,99.00,
2020,11,30,01,00,144,7.6,8.5,99.00,99.00,99.00,999,1012.9,20.9,999.0,999.0,99.0,99.00,
2020,11,30,02,00,185,7.0,7.9,99.00,99.00,99.00,999,1012.9,20.6,999.0,999.0,99.0,99.00,
2020,11,30,03,00,198,3.4,3.9,99.00,99.00,99.00,999,1012.4,19.5,999.0,999.0,99.0,99.00,
2020,11,30,04,00,190,3.9,4.2,99.00,99.00,99.00,999,1011.5,19.5,999.0,999.0,99.0,99.00,
2020,11,30,05,00,204,4.0,4.5,99.00,99.00,99.00,999,1011.0,19.3,999.0,999.0,99.0,99.00,
2020,11,30,06,00,202,5.1,6.4,99.00,99.00,99.00,999,1010.5,19.7,999.0,999.0,99.0,99.00,
2020,11,30,07,00,185,6.0,6.4,99.00,99.00,99.00,999,1008.9,19.8,999.0,999.0,99.0,99.00,
2020,11,30,08,00,183,9.2,10.2,99.00,99.00,99.00,999,1006.9,20.8,999.0,999.0,99.0,99.00,
2020,11,30,09,00,191,9.7,10.5,99.00,99.00,99.00,999,1006.4,20.8,999.0,999.0,99.0,99.00,
2020,11,30,10,00,198,8.5,9.8,99.00,99.00,99.00,999,1006.1,20.7,999.0,999.0,99.0,99.00,
2020,11,30,12,00,197,9.0,10.3,99.00,99.00,99.00,999,1005.7,20.4,999.0,999.0,99.0,99.00,
2020,11,30,13,00,211,9.2,10.3,99.00,99.00,99.00,999,1005.5,19.9,999.0,999.0,99.0,99.00,
2020,11,30,14,00,199,12.4,14.8,99.00,99.00,99.00,999,1004.4,20.3,999.0,999.0,99.0,99.00,
2020,11,30,15,00,217,12.8,15.6,99.00,99.00,99.00,999,1004.6,20.1,999.0,999.0,99.0,99.00,
2020,11,30,16,00,243,6.9,11.8,99.00,99.00,99.00,999,1005.0,18.8,999.0,999.0,99.0,99.00,
2020,11,30,17,00,244,8.6,11.8,99.00,99.00,99.00,999,1005.3,18.0,999.0,999.0,99.0,99.00,
2020,11,30,18,00,248,7.3,10.6,99.00,99.00,99.00,999,1005.0,17.9,999.0,999.0,99.0,99.00,
2020,11,30,19,00,257,7.9,10.9,99.00,99.00,99.00,999,1005.1,16.2,999.0,999.0,99.0,99.00,
2020,11,30,20,00,269,6.3,9.4,99.00,99.00,99.00,999,1005.4,16.0,999.0,999.0,99.0,99.00,
2020,11,30,21,00,259,6.8,9.4,99.00,99.00,99.00,999,1006.8,13.5,999.0,999.0,99.0,99.00,
2020,11,30,22,00,258,7.4,10.4,99.00,99.00,99.00,999,1007.3,12.6,999.0,999.0,99.0,99.00,
2020,11,30,23,00,262,6.2,9.7,99.00,99.00,99.00,999,1008.4,11.5,999.0,999.0,99.0,99.00,
2020,12,01,00,00,268,5.8,8.9,99.00,99.00,99.00,999,1009.4,10.7,999.0,999.0,99.0,99.00,
2020,12,01,01,00,273,5.1,7.7,99.00,99.00,99.00,999,1010.5,9.6,999.0,999.0,99.0,99.00,
2020,12,01,02,00,257,5.6,8.1,99.00,99.00,99.00,999,1011.2,9.5,999.0,999.0,99.0,99.00,
2020,12,01,03,00,259,4.7,6.0,99.00,99.00,99.00,999,1011.3,9.5,999.0,999.0,99.0,99.00,
2020,12,01,04,00,245,5.4,7.9,99.00,99.00,99.00,999,1011.9,9.2,999.0,999.0,99.0,99.00,
2020,12,01,05,00,262,7.6,12.0,99.00,99.00,99.00,999,1012.7,7.1,999.0,999.0,99.0,99.00,
2020,12,01,06,00,260,7.1,9.8,99.00,99.00,99.00,999,1012.7,5.9,999.0,999.0,99.0,99.00,
2020,12,01,07,00,264,5.1,7.7,99.00,99.00,99.00,999,1013.4,5.2,999.0,999.0,99.0,99.00,
2020,12,01,08,00,261,5.4,7.1,99.00,99.00,99.00,999,1013.8,4.8,999.0,999.0,99.0,99.00,
2020,12,01,09,00,266,5.7,8.3,99.00,99.00,99.00,999,1013.9,4.6,999.0,999.0,99.0,99.00,
2020,12,01,10,00,265,4.6,6.3,99.00,99.00,99.00,999,1014.6,4.1,999.0,999.0,99.0,99.00,
2020,12,01,11,00,266,7.3,11.3,99.00,99.00,99.00,999,1015.7,3.6,999.0,999.0,99.0,99.00,
2020,12,01,12,00,262,6.7,9.6,99.00,99.00,99.00,999,1016.6,3.3,999.0,999.0,99.0,99.00,
2020,12,01,13,00,280,4.5,8.4,99.00,99.00,99.00,999,1017.7,3.7,999.0,999.0,99.0,99.00,
2020,12,01,14,00,280,5.0,8.5,99.00,99.00,99.00,999,1018.3,4.9,999.0,999.0,99.0,99.00,
2020,12,01,15,00,289,4.3,6.6,99.00,99.00,99.00,999,1018.8,6.3,999.0,999.0,99.0,99.00,
2020,12,01,16,00,277,5.4,7.3,99.00,99.00,99.00,999,1018.8,6.7,999.0,999.0,99.0,99.00,
2020,12,01,18,00,279,5.0,7.1,99.00,99.00,99.00,999,1018.0,7.7,999.0,999.0,99.0,99.00,
2020,12,01,19,00,267,5.1,7.4,99.00,99.00,99.00,999,1017.7,8.1,999.0,999.0,99.0,99.00,
2020,12,01,20,00,284,4.8,7.2,99.00,99.00,99.00,999,1017.8,7.7,999.0,999.0,99.0,99.00,
2020,12,01,21,00,293,4.8,7.3,99.00,99.00,99.00,999,1018.3,7.6,999.0,999.0,99.0,99.00,
2020,12,01,22,00,273,3.9,6.3,99.00,99.00,99.00,999,1019.0,6.6,999.0,999.0,99.0,99.00,
2020,12,01,23,00,269,2.4,3.7,99.00,99.00,99.00,999,1020.1,5.6,999.0,999.0,99.0,99.00,
2020,12,02,00,00,261,2.3,2.7,99.00,99.00,99.00,999,1020.9,5.1,999.0,999.0,99.0,99.00,
2020,12,02,01,00,260,2.9,3.8,99.00,99.00,99.00,999,1021.7,5.1,999.0,999.0,99.0,99.00,
2020,12,02,02,00,257,3.5,4.7,99.00,99.00,99.00,999,1022.3,5.3,999.0,999.0,99.0,99.00,
2020,12,02,03,00,273,2.3,4.2,99.00,99.00,99.00,999,1022.7,4.4,999.0,999.0,99.0,99.00,
2020,12,02,04,00,274,2.4,3.8,99.00,99.00,99.00,999,1022.6,4.3,999.0,999.0,99.0,99.00,
2020,12,02,05,00,267,1.4,2.5,99.00,99.00,99.00,999,1023.2,3.6,999.0,999.0,99.0,99.00,
2020,12,02,06,00,254,3.4,4.7,99.00,99.00,99.00,999,1023.3,2.9,999.0,999.0,99.0,99.00,
2020,12,02,07,00,284,2.6,3.5,99.00,99.00,99.00,999,1023.1,2.7,999.0,999.0,99.0,99.00,
2020,12,02,08,00,299,3.2,5.0,99.00,99.00,99.00,999,1023.1,2.1,999.0,999.0,99.0,99.00,
2020,12,02,09,00,312,2.8,4.8,99.00,99.00,99.00,999,1022.9,1.9,999.0,999.0,99.0,99.00,
2020,12,02,10,00,274,2.4,4.3,99.00,99.00,99.00,999,1024.1,1.5,999.0,999.0,99.0,99.00,
2020,12,02,11,00,276,1.6,2.1,99.00,99.00,99.00,999,1024.5,0.7,999.0,999.0,99.0,99.00,
2020,12,02,12,00,313,2.2,3.8,99.00,99.00,99.00,999,1024.9,0.7,999.0,999.0,99.0,99.00,
2020,12,02,13,00,337,2.1,2.8,99.00,99.00,99.00,999,1025.6,1.9,999.0,999.0,99.0,99.00,
2020,12,02,14,00,330,3.3,4.7,99.00,99.00,99.00,999,1026.6,4.1,999.0,999.0,99.0,99.00,
2020,12,02,15,00,312,3.1,3.8,99.00,99.00,99.00,999,1027.5,5.6,999.0,999.0,99.0,99.00,
2020,12,02,16,00,268,3.3,5.0,99.00,99.00,99.00,999,1027.8,6.8,999.0,999.0,99.0,99.00,
2020,12,02,17,00,327,3.6,5.2,99.00,99.00,99.00,999,1027.1,8.4,999.0,999.0,99.0,99.00,
2020,12,02,18,00,322,3.1,4.8,99.00,99.00,99.00,999,1026.3,9.9,999.0,999.0,99.0,99.00,
2020,12,02,19,00,334,2.8,3.9,99.00,99.00,99.00,999,1025.6,11.2,999.0,999.0,99.0,99.00,
2020,12,02,20,00,318,2.4,4.1,99.00,99.00,99.00,999,1025.4,11.8,999.0,999.0,99.0,99.00,
2020,12,02,21,00,326,2.8,4.3,99.00,99.00,99.00,999,1025.6,12.0,999.0,999.0,99.0,99.00,
2020,12,02,22,00,311,1.6,2.1,99.00,99.00,99.00,999,1026.1,11.1,999.0,999.0,99.0,99.00,
2020,12,02,23,00,293,1.8,1.9,99.00,99.00,99.00,999,1026.3,9.4,999.0,999.0,99.0,99.00,
2020,12,03,00,00,1,3.6,4.4,99.00,99.00,99.00,999,1026.6,9.8,999.0,999.0,99.0,99.00,
2020,12,03,01,00,3,3.8,4.7,99.00,99.00,99.00,999,1026.8,10.1,999.0,999.0,99.0,99.00,
2020,12,03,02,00,353,2.3,3.2,99.00,99.00,99.00,999,1027.2,9.3,999.0,999.0,99.0,99.00,
2020,12,03,03,00,342,1.3,1.6,99.00,99.00,99.00,999,1027.5,8.5,999.0,999.0,99.0,99.00,
2020,12,03,04,00,303,2.0,2.6,99.00,99.00,99.00,999,1027.7,7.5,999.0,999.0,99.0,99.00,
2020,12,03,05,00,298,2.5,2.7,99.00,99.00,99.00,999,1028.2,6.3,999.0,999.0,99.0,99.00,
2020,12,03,06,00,308,1.8,1.9,99.00,99.00,99.00,999,1027.6,6.4,999.0,999.0,99.0,99.00,
2020,12,03,07,00,323,1.9,2.1,99.00,99.00,99.00,999,1027.3,6.2,999.0,999.0,99.0,99.00,
2020,12,03,08,00,26,3.3,4.2,99.00,99.00,99.00,999,1027.3,9.5,999.0,999.0,99.0,99.00,
2020,12,03,09,00,41,4.7,5.5,99.00,99.00,99.00,999,1026.4,10.5,999.0,999.0,99.0,99.00,
2020,12,03,10,00,26,4.4,5.0,99.00,99.00,99.00,999,1026.6,10.3,999.0,999.0,99.0,99.00,
2020,12,03,11,00,24,5.3,5.8,99.00,99.00,99.00,999,1027.1,10.2,999.0,999.0,99.0,99.00,
2020,12,03,12,00,341,2.9,4.2,99.00,99.00,99.00,999,1027.8,7.2,999.0,999.0,99.0,99.00,
2020,12,03,13,00,354,3.1,4.1,99.00,99.00,99.00,999,1028.2,8.5,999.0,999.0,99.0,99.00,
2020,12,03,14,00,357,3.2,4.9,99.00,99.00,99.00,999,1028.6,10.9,999.0,999.0,99.0,99.00,
2020,12,03,15,00,3,3.9,4.8,99.00,99.00,99.00,999,1028.8,12.2,999.0,999.0,99.0,99.00,
2020,12,03,16,00,14,3.4,4.2,99.00,99.00,99.00,999,1028.5,13.4,999.0,999.0,99.0,99.00,
2020,12,03,17,00,22,3.3,3.9,99.00,99.00,99.00,999,1028.0,13.9,999.0,999.0,99.0,99.00,
2020,12,03,18,00,27,2.9,3.3,99.00,99.00,99.00,999,1027.6,14.1,999.0,999.0,99.0,99.00,
2020,12,03,19,00,46,3.3,3.7,99.00,99.00,99.00,999,1026.4,14.7,999.0,999.0,99.0,99.00,
2020,12,03,20,00,51,2.6,3.2,99.00,99.00,99.00,999,1026.2,14.8,999.0,999.0,99.0,99.00,
2020,12,03,21,00,63,4.2,4.5,99.00,99.00,99.00,999,1025.9,14.5,999.0,999.0,99.0,99.00,
2020,12,03,22,00,51,4.0,4.3,99.00,99.00,99.00,999,1026.2,14.5,999.0,999.0,99.0,99.00,
2020,12,03,23,00,50,3.9,4.4,99.00,99.00,99.00,999,1026.2,14.6,999.0,999.0,99.0,99.00,
2020,12,04,00,00,41,4.8,5.4,99.00,99.00,99.00,999,1026.0,14.5,999.0,999.0,99.0,99.00,
2020,12,04,01,00,4,3.2,3.8,99.00,99.00,99.00,999,1026.4,13.6,999.0,999.0,99.0,99.00,
2020,12,04,02,00,23,3.8,4.3,99.00,99.00,99.00,999,1026.2,13.1,999.0,999.0,99.0,99.00,
2020,12,04,03,00,36,4.4,4.9,99.00,99.00,99.00,999,1025.8,13.7,999.0,999.0,99.0,99.00,
2020,12,04,04,00,23,3.2,4.3,99.00,99.00,99.00,999,1025.7,13.6,999.0,999.0,99.0,99.00,
2020,12,04,05,00,18,3.8,4.3,99.00,99.00,99.00,999,1025.0,13.3,999.0,999.0,99.0,99.00,
2020,12,04,06,00,13,3.3,3.7,99.00,99.00,99.00,999,1024.0,13.5,999.0,999.0,99.0,99.00,
2020,12,04,07,00,10,3.3,4.1,99.00,99.00,99.00,999,1023.8,12.6,999.0,999.0,99.0,99.00,
2020,12,04,08,00,23,3.5,4.0,99.00,99.00,99.00,999,1023.7,12.7,999.0,999.0,99.0,99.00,
2020,12,04,09,00,48,3.1,3.8,99.00,99.00,99.00,999,1023.4,13.6,999.0,999.0,99.0,99.00,
2020,12,04,10,00,56,3.0,3.6,99.00,99.00,99.00,999,1022.5,14.7,999.0,999.0,99.0,99.00,
2020,12,04,11,00,4,2.7,3.0,99.00,99.00,99.00,999,1022.5,13.9,999.0,999.0,99.0,99.00,
2020,12,04,12,00,345,2.4,2.6,99.00,99.00,99.00,999,1023.0,12.6,999.0,999.0,99.0,99.00,
2020,12,04,13,00,346,2.4,2.7,99.00,99.00,99.00,999,1023.2,12.8,999.0,999.0,99.0,99.00,
2020,12,04,14,00,345,1.9,2.1,99.00,99.00,99.00,999,1023.1,14.5,999.0,999.0,99.0,99.00,
2020,12,04,15,00,43,1.3,1.5,99.00,99.00,99.00,999,1022.7,15.7,999.0,999.0,99.0,99.00,
2020,12,04,16,00,40,1.7,1.9,99.00,99.00,99.00,999,1022.0,17.0,999.0,999.0,99.0,99.00,
2020,12,04,17,00,80,0.8,1.4,99.00,99.00,99.00,999,1020.9,17.3,999.0,999.0,99.0,99.00,
2020,12,04,18,00,91,1.7,2.0,99.00,99.00,99.00,999,1019.6,17.8,999.0,999.0,99.0,99.00,
2020,12,04,19,00,69,0.7,1.0,99.00,99.00,99.00,999,1018.7,17.8,999.0,999.0,99.0,99.00,
2020,12,04,20,00,88,2.0,2.2,99.00,99.00,99.00,999,1018.2,17.7,999.0,999.0,99.0,99.00,
2020,12,04,21,00,99,1.4,1.8,99.00,99.00,99.00,999,1017.5,17.5,999.0,999.0,99.0,99.00,
2020,12,04,22,00,129,3.6,3.8,99.00,99.00,99.00,999,1016.2,17.3,999.0,999.0,99.0,99.00,
2020,12,04,23,00,167,3.5,3.7,99.00,99.00,99.00,999,1015.5,17.2,999.0,999.0,99.0,99.00,
2020,12,05,00,00,194,4.7,5.1,99.00,99.00,99.00,999,1015.3,17.6,999.0,999.0,99.0,99.00,
2020,12,05,01,00,212,6.9,7.8,99.00,99.00,99.00,999,1015.3,17.5,999.0,999.0,99.0,99.00,
2020,12,05,02,00,201,9.8,11.8,99.00,99.00,99.00,999,1013.5,17.9,999.0,999.0,99.0,99.00,
2020,12,05,03,00,214,12.0,14.2,99.00,99.00,99.00,999,1013.5,18.2,999.0,999.0,99.0,99.00,
2020,12,05,04,00,220,11.2,13.5,99.00,99.00,99.00,999,1012.8,17.6,999.0,999.0,99.0,99.00,
2020,12,05,05,00,232,8.7,10.9,99.00,99.00,99.00,999,1012.7,17.2,999.0,999.0,99.0,99.00,
2020,12,05,06,00,233,7.4,10.2,99.00,99.00,99.00,999,1012.7,16.9,999.0,999.0,99.0,99.00,
2020,12,05,07,00,285,5.7,7.8,99.00,99.00,99.00,999,1013.5,14.9,999.0,999.0,99.0,99.00,
2020,12,05,08,00,274,4.3,5.8,99.00,99.00,99.00,999,1014.2,13.0,999.0,999.0,99.0,99.00,
2020,12,05,09,00,274,3.2,4.2,99.00,99.00,99.00,999,1015.2,10.6,999.0,999.0,99.0,99.00,
2020,12,05,10,00,280,3.1,4.7,99.00,99.00,99.00,999,1015.5,9.0,999.0,999.0,99.0,99.00,
2020,12,05,11,00,285,3.2,4.7,99.00,99.00,99.00,999,1016.1,8.0,999.0,999.0,99.0,99.00,
2020,12,05,12,00,290,5.6,7.2,99.00,99.00,99.00,999,1016.6,7.1,999.0,999.0,99.0,99.00,
2020,12,05,13,00,295,4.7,6.5,99.00,99.00,99.00,999,1017.2,7.3,999.0,999.0,99.0,99.00,
2020,12,05,14,00,290,4.5,6.6,99.00,99.00,99.00,999,1017.7,8.3,999.0,999.0,99.0,99.00,
2020,12,05,15,00,323,4.2,5.8,99.00,99.00,99.00,999,1017.9,10.1,999.0,999.0,99.0,99.00,
2020,12,05,16,00,321,3.0,4.3,99.00,99.00,99.00,999,1017.8,11.5,999.0,999.0,99.0,99.00,
2020,12,05,17,00,315,2.4,3.4,99.00,99.00,99.00,999,1017.1,13.2,999.0,999.0,99.0,99.00,
2020,12,05,18,00,271,1.9,3.6,99.00,99.00,99.00,999,1016.3,13.9,999.0,999.0,99.0,99.00,
2020,12,05,19,00,293,2.0,3.4,99.00,99.00,99.00,999,1015.7,15.1,999.0,999.0,99.0,99.00,
2020,12,05,20,00,298,3.3,5.3,99.00,99.00,99.00,999,1015.7,15.3,999.0,999.0,99.0,99.00,
2020,12,05,21,00,291,2.4,4.1,99.00,99.00,99.00,999,1015.5,15.2,999.0,999.0,99.0,99.00,
2020,12,05,22,00,303,2.7,3.8,99.00,99.00,99.00,999,1015.9,13.7,999.0,999.0,99.0,99.00,
2020,12,05,23,00,297,2.2,2.5,99.00,99.00,99.00,999,1016.6,11.6,999.0,999.0,99.0,99.00,
2020,12,06,00,00,303,1.4,1.7,99.00,99.00,99.00,999,1017.2,11.0,999.0,999.0,99.0,99.00,
2020,12,06,01,00,308,1.2,1.5,99.00,99.00,99.00,999,1017.8,10.6,999.0,999.0,99.0,99.00,
2020,12,06,02,00,274,1.5,1.9,99.00,99.00,99.00,999,1018.5,9.7,999.0,999.0,99.0,99.00,
2020,12,06,03,00,291,1.7,2.0,99.00,99.00,99.00,999,1018.2,9.1,999.0,999.0,99.0,99.00,
2020,12,06,04,00,281,1.5,1.9,99.00,99.00,99.00,999,1018.4,9.1,999.0,999.0,99.0,99.00,
2020,12,06,05,00,297,1.6,1.9,99.00,99.00,99.00,999,1018.3,9.1,999.0,999.0,99.0,99.00,
2020,12,06,06,00,307,2.2,2.6,99.00,99.00,99.00,999,1017.8,9.0,999.0,999.0,99.0,99.00,
2020,12,06,07,00,308,1.9,2.1,99.00,99.00,99.00,999,1017.7,8.7,999.0,999.0,99.0,99.00,
2020,12,06,08,00,338,1.7,2.1,99.00,99.00,99.00,999,1017.8,8.7,999.0,999.0,99.0,99.00,
2020,12,06,09,00,4,3.0,3.6,99.00,99.00,99.00,999,1017.5,9.7,999.0,999.0,99.0,99.00,
2020,12,06,10,00,21,3.9,4.9,99.00,99.00,99.00,999,1017.0,10.2,999.0,999.0,99.0,99.00,
2020,12,06,11,00,50,3.6,4.0,99.00,99.00,99.00,999,1017.0,10.8,999.0,999.0,99.0,99.00,
2020,12,06,12,00,51,2.4,2.9,99.00,99.00,99.00,999,1017.3,11.2,999.0,999.0,99.0,99.00,
2020,12,06,13,00,343,2.2,2.8,99.00,99.00,99.00,999,1017.6,9.0,999.0,999.0,99.0,99.00,
2020,12,06,14,00,35,2.7,3.4,99.00,99.00,99.00,999,1017.7,11.9,999.0,999.0,99.0,99.00,
2020,12,06,15,00,123,2.2,2.7,99.00,99.00,99.00,999,1018.2,13.5,999.0,999.0,99.0,99.00,
2020,12,06,16,00,161,2.0,2.3,99.00,99.00,99.00,999,1017.8,14.4,999.0,999.0,99.0,99.00,
2020,12,06,17,00,178,2.4,3.0,99.00,99.00,99.00,999,1017.1,14.8,999.0,999.0,99.0,99.00,
2020,12,06,18,00,158,2.0,2.3,99.00,99.00,99.00,999,1015.8,14.8,999.0,999.0,99.0,99.00,
2020,12,06,19,00,196,0.3,0.9,99.00,99.00,99.00,999,1015.1,15.9,999.0,999.0,99.0,99.00,
2020,12,06,20,00,153,2.2,2.4,99.00,99.00,99.00,999,1014.5,14.8,999.0,999.0,99.0,99.00,
2020,12,06,21,00,214,1.8,2.4,99.00,99.00,99.00,999,1014.6,14.3,999.0,999.0,99.0,99.00,
2020,12,06,22,00,214,2.7,4.0,99.00,99.00,99.00,999,1014.8,13.9,999.0,999.0,99.0,99.00,
2020,12,06,23,00,246,1.8,2.2,99.00,99.00,99.00,999,1014.5,13.1,999.0,999.0,99.0,99.00,
2020,12,07,00,00,237,2.1,2.3,99.00,99.00,99.00,999,1014.9,12.9,999.0,999.0,99.0,99.00,
2020,12,07,01,00,249,2.4,3.1,99.00,99.00,99.00,999,1014.4,12.8,999.0,999.0,99.0,99.00,
2020,12,07,02,00,229,2.4,2.9,99.00,99.00,99.00,999,1014.4,13.1,999.0,999.0,99.0,99.00,
2020,12,07,03,00,260,1.9,2.4,99.00,99.00,99.00,999,1013.9,13.2,999.0,999.0,99.0,99.00,
2020,12,07,04,00,236,2.8,3.4,99.00,99.00,99.00,999,1014.0,13.1,999.0,999.0,99.0,99.00,
2020,12,07,05,00,226,2.2,2.6,99.00,99.00,99.00,999,1012.6,13.8,999.0,999.0,99.0,99.00,
2020,12,07,06,00,254,2.0,2.6,99.00,99.00,99.00,999,1011.7,13.7,999.0,999.0,99.0,99.00,
2020,12,07,07,00,265,1.5,2.3,99.00,99.00,99.00,999,1010.8,13.2,999.0,999.0,99.0,99.00,
2020,12,07,08,00,289,2.0,3.0,99.00,99.00,99.00,999,1010.9,12.7,999.0,999.0,99.0,99.00,
2020,12,07,09,00,290,2.0,3.0,99.00,99.00,99.00,999,1010.1,12.2,999.0,999.0,99.0,99.00,
2020,12,07,10,00,219,2.1,2.5,99.00,99.00,99.00,999,1009.8,11.9,999.0,999.0,99.0,99.00,
2020,12,07,11,00,252,2.3,2.9,99.00,99.00,99.00,999,1009.2,12.7,999.0,999.0,99.0,99.00,
2020,12,07,12,00,302,2.9,5.0,99.00,99.00,99.00,999,1009.1,11.5,999.0,999.0,99.0,99.00,
2020,12,07,13,00,324,2.2,3.3,99.00,99.00,99.00,999,1008.8,11.0,999.0,999.0,99.0,99.00,
2020,12,07,14,00,305,2.2,3.8,99.00,99.00,99.00,999,1009.5,11.4,999.0,999.0,99.0,99.00,
2020,12,07,15,00,252,2.2,2.9,99.00,99.00,99.00,999,1009.2,12.0,999.0,999.0,99.0,99.00,
2020,12,07,16,00,285,3.2,4.2,99.00,99.00,99.00,999,1008.2,12.5,999.0,999.0,99.0,99.00,
2020,12,07,17,00,239,3.9,5.5,99.00,99.00,99.00,999,1006.7,13.7,999.0,999.0,99.0,99.00,
2020,12,07,18,00,253,4.0,6.9,99.00,99.00,99.00,999,1005.5,15.0,999.0,999.0,99.0,99.00,
2020,12,07,19,00,253,4.4,6.2,99.00,99.00,99.00,999,1004.8,15.2,999.0,999.0,99.0,99.00,
2020,12,07,20,00,273,2.8,3.8,99.00,99.00,99.00,999,1004.7,14.7,999.0,999.0,99.0,99.00,
2020,12,07,21,00,288,3.4,4.9,99.00,99.00,99.00,999,1004.9,14.0,999.0,999.0,99.0,99.00,
2020,12,07,22,00,303,2.9,4.2,99.00,99.00,99.00,999,1005.6,13.3,999.0,999.0,99.0,99.00,
2020,12,07,23,00,292,2.9,4.2,99.00,99.00,99.00,999,1006.7,11.9,999.0,999.0,99.0,99.00,
2020,12,08,00,00,292,6.1,9.0,99.00,99.00,99.00,999,1008.0,11.4,999.0,999.0,99.0,99.00,
2020,12,08,01,00,323,4.5,7.4,99.00,99.00,99.00,999,1009.5,9.3,999.0,999.0,99.0,99.00,
2020,12,08,02,00,332,4.3,6.0,99.00,99.00,99.00,999,1010.5,8.8,999.0,999.0,99.0,99.00,
2020,12,08,03,00,344,8.0,10.3,99.00,99.00,99.00,999,1011.4,8.2,999.0,999.0,99.0,99.00,
2020,12,08,04,00,338,5.6,7.4,99.00,99.00,99.00,999,1012.6,7.7,999.0,999.0,99.0,99.00,
2020,12,08,05,00,356,6.6,8.4,99.00,99.00,99.00,999,1013.2,7.3,999.0,999.0,99.0,99.00,
2020,12,08,06,00,344,4.3,5.7,99.00,99.00,99.00,999,1013.6,6.9,999.0,999.0,99.0,99.00,
2020,12,08,07,00,340,5.5,7.5,99.00,99.00,99.00,999,1014.4,6.6,999.0,999.0,99.0,99.00,
2020,12,08,08,00,351,6.7,8.7,99.00,99.00,99.00,999,1015.2,5.9,999.0,999.0,99.0,99.00,
2020,12,08,09,00,355,6.9,8.1,99.00,99.00,99.00,999,1015.6,5.4,999.0,999.0,99.0,99.00,
2020,12,08,10,00,356,8.8,10.5,99.00,99.00,99.00,999,1015.9,4.7,999.0,999.0,99.0,99.00,
2020,12,08,11,00,347,5.8,7.6,99.00,99.00,99.00,999,1017.1,4.4,999.0,999.0,99.0,99.00,
2020,12,08,12,00,347,5.1,6.4,99.00,99.00,99.00,999,1017.8,3.6,999.0,999.0,99.0,99.00,
2020,12,08,13,00,354,5.2,6.7,99.00,99.00,99.00,999,1018.3,4.5,999.0,999.0,99.0,99.00,
2020,12,08,14,00,3,5.6,6.9,99.00,99.00,99.00,999,1018.8,5.3,999.0,999.0,99.0,99.00,
2020,12,08,15,00,7,6.1,7.3,99.00,99.00,99.00,999,1019.0,5.8,999.0,999.0,99.0,99.00,
2020,12,08,16,00,354,5.8,7.6,99.00,99.00,99.00,999,1018.4,6.8,999.0,999.0,99.0,99.00,
2020,12,08,17,00,342,2.7,3.8,99.00,99.00,99.00,999,1017.9,7.7,999.0,999.0,99.0,99.00,
2020,12,08,18,00,328,3.0,4.5,99.00,99.00,99.00,999,1017.2,8.7,999.0,999.0,99.0,99.00,
2020,12,08,19,00,288,0.8,2.1,99.00,99.00,99.00,999,1016.7,8.9,999.0,999.0,99.0,99.00,
2020,12,08,20,00,258,2.3,3.9,99.00,99.00,99.00,999,1016.6,9.3,999.0,999.0,99.0,99.00,
2020,12,08,21,00,305,2.7,4.0,99.00,99.00,99.00,999,1017.2,9.5,999.0,999.0,99.0,99.00,
2020,12,08,22,00,295,2.6,3.9,99.00,99.00,99.00,999,1017.8,8.5,999.0,999.0,99.0,99.00,
2020,12,08,23,00,283,1.3,1.7,99.00,99.00,99.00,999,1018.1,7.0,999.0,999.0,99.0,99.00,
2020,12,09,00,00,268,1.7,2.1,99.00,99.00,99.00,999,1018.3,6.5,999.0,999.0,99.0,99.00,
2020,12,09,01,00,291,1.3,1.4,99.00,99.00,99.00,999,1018.9,6.2,999.0,999.0,99.0,99.00,
2020,12,09,02,00,300,1.3,1.6,99.00,99.00,99.00,999,1020.0,5.5,999.0,999.0,99.0,99.00,
2020,12,09,03,00,293,1.4,1.5,99.00,99.00,99.00,999,1019.8,5.7,999.0,999.0,99.0,99.00,
2020,12,09,04,00,263,2.0,2.1,99.00,99.00,99.00,999,1019.6,5.6,999.0,999.0,99.0,99.00,
2020,12,09,05,00,266,1.6,1.9,99.00,99.00,99.00,999,1020.2,5.2,999.0,999.0,99.0,99.00,
2020,12,09,06,00,248,2.4,2.6,99.00,99.00,99.00,999,1019.2,6.1,999.0,999.0,99.0,99.00,
2020,12,09,07,00,267,2.0,2.5,99.00,99.00,99.00,999,1019.4,5.7,999.0,999.0,99.0,99.00,
2020,12,09,08,00,254,2.0,2.3,99.00,99.00,99.00,999,1019.3,6.3,999.0,999.0,99.0,99.00,
2020,12,09,09,00,272,2.9,4.2,99.00,99.00,99.00,999,1019.4,5.8,999.0,999.0,99.0,99.00,
2020,12,09,10,00,275,1.1,2.1,99.00,99.00,99.00,999,1019.7,4.8,999.0,999.0,99.0,99.00,
2020,12,09,11,00,280,0.8,1.0,99.00,99.00,99.00,999,1019.9,4.4,999.0,999.0,99.0,99.00,
2020,12,09,12,00,276,2.1,2.5,99.00,99.00,99.00,999,1020.2,3.7,999.0,999.0,99.0,99.00,
2020,12,09,13,00,266,1.9,2.4,99.00,99.00,99.00,999,1020.4,3.7,999.0,999.0,99.0,99.00,
2020,12,09,14,00,230,2.9,4.1,99.00,99.00,99.00,999,1020.4,6.3,999.0,999.0,99.0,99.00,
2020,12,09,15,00,238,3.0,4.5,99.00,99.00,99.00,999,1020.4,8.3,999.0,999.0,99.0,99.00,
2020,12,09,16,00,228,4.7,6.9,99.00,99.00,99.00,999,1019.8,9.3,999.0,999.0,99.0,99.00,
2020,12,09,17,00,220,6.4,7.6,99.00,99.00,99.00,999,1018.6,9.7,999.0,999.0,99.0,99.00,
2020,12,09,18,00,215,6.5,7.6,99.00,99.00,99.00,999,1017.8,10.2,999.0,999.0,99.0,99.00,
2020,12,09,19,00,233,4.8,5.8,99.00,99.00,99.00,999,1017.2,11.9,999.0,999.0,99.0,99.00,
2020,12,09,20,00,245,3.4,4.4,99.00,99.00,99.00,999,1016.7,12.6,999.0,999.0,99.0,99.00,
2020,12,09,21,00,259,3.9,5.1,99.00,99.00,99.00,999,1016.3,12.4,999.0,999.0,99.0,99.00,
2020,12,09,22,00,243,2.6,3.4,99.00,99.00,99.00,999,1016.4,11.5,999.0,999.0,99.0,99.00,
2020,12,09,23,00,248,1.6,1.8,99.00,99.00,99.00,999,1017.0,10.5,999.0,999.0,99.0,99.00,
2020,12,10,00,00,253,1.7,2.1,99.00,99.00,99.00,999,1017.8,10.5,999.0,999.0,99.0,99.00,
2020,12,10,01,00,265,1.6,1.7,99.00,99.00,99.00,999,1018.0,10.6,999.0,999.0,99.0,99.00,
2020,12,10,02,00,234,2.7,3.4,99.00,99.00,99.00,999,1018.0,10.8,999.0,999.0,99.0,99.00,
2020,12,10,03,00,242,3.0,3.9,99.00,99.00,99.00,999,1018.5,9.7,999.0,999.0,99.0,99.00,
2020,12,10,04,00,238,3.4,4.3,99.00,99.00,99.00,999,1018.4,10.0,999.0,999.0,99.0,99.00,
2020,12,10,05,00,244,2.5,3.2,99.00,99.00,99.00,999,1018.3,9.9,999.0,999.0,99.0,99.00,
2020,12,10,06,00,237,2.8,3.4,99.00,99.00,99.00,999,1018.0,9.8,999.0,999.0,99.0,99.00,
2020,12,10,07,00,249,2.8,4.8,99.00,99.00,99.00,999,1018.1,10.2,999.0,999.0,99.0,99.00,
2020,12,10,08,00,265,2.1,2.8,99.00,99.00,99.00,999,1018.4,10.0,999.0,999.0,99.0,99.00,
2020,12,10,09,00,263,2.7,4.3,99.00,99.00,99.00,999,1018.6,9.9,999.0,999.0,99.0,99.00,
2020,12,10,10,00,297,2.1,3.3,99.00,99.00,99.00,999,1018.7,9.8,999.0,999.0,99.0,99.00,
2020,12,10,11,00,291,2.2,3.0,99.00,99.00,99.00,999,1019.4,8.9,999.0,999.0,99.0,99.00,
2020,12,10,12,00,299,1.9,2.4,99.00,99.00,99.00,999,1020.0,8.1,999.0,999.0,99.0,99.00,
2020,12,10,13,00,310,2.4,3.0,99.00,99.00,99.00,999,1020.8,8.4,999.0,999.0,99.0,99.00,
2020,12,10,14,00,338,3.6,4.5,99.00,99.00,99.00,999,1021.1,10.6,999.0,999.0,99.0,99.00,
2020,12,10,15,00,11,4.0,4.7,99.00,99.00,99.00,999,1021.4,12.3,999.0,999.0,99.0,99.00,
2020,12,10,16,00,71,3.4,4.1,99.00,99.00,99.00,999,1022.1,13.5,999.0,999.0,99.0,99.00,
2020,12,10,17,00,73,3.3,3.6,99.00,99.00,99.00,999,1021.8,13.3,999.0,999.0,99.0,99.00,
2020,12,10,18,00,58,3.9,4.6,99.00,99.00,99.00,999,1021.3,14.0,999.0,999.0,99.0,99.00,
2020,12,10,19,00,35,3.0,3.6,99.00,99.00,99.00,999,1021.0,13.6,999.0,999.0,99.0,99.00,
2020,12,10,20,00,54,3.4,3.8,99.00,99.00,99.00,999,1021.1,14.8,999.0,999.0,99.0,99.00,
2020,12,10,21,00,48,5.4,5.8,99.00,99.00,99.00,999,1021.3,14.7,999.0,999.0,99.0,99.00,
2020,12,10,22,00,50,5.0,5.5,99.00,99.00,99.00,999,1021.6,14.8,999.0,999.0,99.0,99.00,
2020,12,10,23,00,51,6.2,6.7,99.00,99.00,99.00,999,1021.7,14.7,999.0,999.0,99.0,99.00,
2020,12,11,00,00,52,5.3,5.9,99.00,99.00,99.00,999,1022.1,14.7,999.0,999.0,99.0,99.00,
2020,12,11,01,00,37,3.1,3.7,99.00,99.00,99.00,999,1022.6,14.1,999.0,999.0,99.0,99.00,
2020,12,11,02,00,17,2.5,2.9,99.00,99.00,99.00,999,1022.7,13.4,999.0,999.0,99.0,99.00,
2020,12,11,03,00,346,1.4,1.6,99.00,99.00,99.00,999,1022.6,12.0,999.0,999.0,99.0,99.00,
2020,12,11,04,00,359,1.9,2.3,99.00,99.00,99.00,999,1022.8,12.0,999.0,999.0,99.0,99.00,
2020,12,11,05,00,313,1.9,2.1,99.00,99.00,99.00,999,1022.8,11.1,999.0,999.0,99.0,99.00,
2020,12,11,06,00,345,1.3,1.5,99.00,99.00,99.00,999,1022.2,11.0,999.0,999.0,99.0,99.00,
2020,12,11,07,00,333,1.3,1.5,99.00,99.00,99.00,999,1021.9,11.0,999.0,999.0,99.0,99.00,
2020,12,11,08,00,318,1.5,1.8,99.00,99.00,99.00,999,1022.2,10.7,999.0,999.0,99.0,99.00,
2020,12,11,09,00,305,1.4,1.5,99.00,99.00,99.00,999,1022.2,11.1,999.0,999.0,99.0,99.00,
2020,12,11,10,00,312,1.3,1.3,99.00,99.00,99.00,999,1022.0,10.9,999.0,999.0,99.0,99.00,
2020,12,11,11,00,310,1.6,1.9,99.00,99.00,99.00,999,1022.4,10.7,999.0,999.0,99.0,99.00,
2020,12,11,12,00,315,1.9,2.4,99.00,99.00,99.00,999,1023.1,10.1,999.0,999.0,99.0,99.00,
2020,12,11,13,00,319,1.9,2.2,99.00,99.00,99.00,999,1023.6,10.2,999.0,999.0,99.0,99.00,
2020,12,11,14,00,322,1.4,1.9,99.00,99.00,99.00,999,1023.8,12.6,999.0,999.0,99.0,99.00,
2020,12,11,15,00,287,2.5,3.8,99.00,99.00,99.00,999,1024.2,15.6,999.0,999.0,99.0,99.00,
2020,12,11,16,00,294,1.8,2.7,99.00,99.00,99.00,999,1024.0,17.7,999.0,999.0,99.0,99.00,
2020,12,11,17,00,127,2.2,2.5,99.00,99.00,99.00,999,1023.2,16.9,999.0,999.0,99.0,99.00,
2020,12,11,18,00,144,3.3,3.4,99.00,99.00,99.00,999,1022.0,16.1,999.0,999.0,99.0,99.00,
2020,12,11,19,00,164,3.1,3.3,99.00,99.00,99.00,999,1021.7,15.8,999.0,999.0,99.0,99.00,
2020,12,11,20,00,160,3.2,3.4,99.00,99.00,99.00,999,1021.6,16.0,999.0,999.0,99.0,99.00,
2020,12,11,21,00,163,3.1,3.4,99.00,99.00,99.00,999,1021.7,15.9,999.0,999.0,99.0,99.00,
2020,12,11,22,00,160,3.0,3.2,99.00,99.00,99.00,999,1021.6,15.7,999.0,999.0,99.0,99.00,
2020,12,11,23,00,165,2.8,3.2,99.00,99.00,99.00,999,1022.1,15.8,999.0,999.0,99.0,99.00,
2020,12,12,00,00,125,2.6,2.9,99.00,99.00,99.00,999,1022.0,15.7,999.0,999.0,99.0,99.00,
2020,12,12,01,00,148,2.2,2.4,99.00,99.00,99.00,999,1021.9,15.6,999.0,999.0,99.0,99.00,
2020,12,12,02,00,153,1.4,1.6,99.00,99.00,99.00,999,1022.1,15.6,999.0,999.0,99.0,99.00,
2020,12,12,03,00,144,2.1,2.2,99.00,99.00,99.00,999,1021.7,15.3,999.0,999.0,99.0,99.00,
2020,12,12,04,00,152,1.6,1.7,99.00,99.00,99.00,999,1021.6,15.6,999.0,999.0,99.0,99.00,
2020,12,12,05,00,196,0.2,0.4,99.00,99.00,99.00,999,1021.6,14.6,999.0,999.0,99.0,99.00,
2020,12,12,06,00,282,2.1,2.4,99.00,99.00,99.00,999,1021.1,12.9,999.0,999.0,99.0,99.00,
2020,12,12,07,00,81,1.3,1.4,99.00,99.00,99.00,999,1021.0,15.0,999.0,999.0,99.0,99.00,
2020,12,12,08,00,2,1.4,1.5,99.00,99.00,99.00,999,1021.3,14.2,999.0,999.0,99.0,99.00,
2020,12,12,09,00,306,1.6,1.9,99.00,99.00,99.00,999,1021.3,13.3,999.0,999.0,99.0,99.00,
2020,12,12,10,00,343,1.6,1.9,99.00,99.00,99.00,999,1021.1,14.0,999.0,999.0,99.0,99.00,
2020,12,12,11,00,328,1.5,1.7,99.00,99.00,99.00,999,1021.8,14.1,999.0,999.0,99.0,99.00,
2020,12,12,12,00,261,0.9,2.2,99.00,99.00,99.00,999,1022.4,13.6,999.0,999.0,99.0,99.00,
2020,12,12,13,00,0,1.6,2.0,99.00,99.00,99.00,999,1022.6,14.6,999.0,999.0,99.0,99.00,
2020,12,12,14,00,70,1.2,1.4,99.00,99.00,99.00,999,1022.3,15.2,999.0,999.0,99.0,99.00,
2020,12,12,15,00,0,0.0,0.1,99.00,99.00,99.00,999,1022.7,15.7,999.0,999.0,99.0,99.00,
2020,12,12,16,00,99,0.3,0.7,99.00,99.00,99.00,999,1022.2,15.9,999.0,999.0,99.0,99.00,
2020,12,12,17,00,137,0.3,0.8,99.00,99.00,99.00,999,1021.2,16.9,999.0,999.0,99.0,99.00,
2020,12,12,18,00,105,1.0,1.1,99.00,99.00,99.00,999,1020.3,16.9,999.0,999.0,99.0,99.00,
2020,12,12,19,00,125,1.6,1.7,99.00,99.00,99.00,999,1019.5,17.0,999.0,999.0,99.0,99.00,
2020,12,12,20,00,140,0.6,1.0,99.00,99.00,99.00,999,1019.3,17.6,999.0,999.0,99.0,99.00,
2020,12,12,21,00,0,0.0,0.0,99.00,99.00,99.00,999,1019.3,17.5,999.0,999.0,99.0,99.00,
2020,12,12,22,00,0,0.0,0.0,99.00,99.00,99.00,999,1019.4,16.6,999.0,999.0,99.0,99.00,
2020,12,12,23,00,76,1.3,1.4,99.00,99.00,99.00,999,1019.6,16.5,999.0,999.0,99.0,99.00,
2020,12,13,00,00,159,1.4,1.6,99.00,99.00,99.00,999,1019.8,16.6,999.0,999.0,99.0,99.00,
2020,12,13,01,00,208,2.3,2.5,99.00,99.00,99.00,999,1020.3,16.7,999.0,999.0,99.0,99.00,
2020,12,13,02,00,201,4.4,5.2,99.00,99.00,99.00,999,1020.6,16.6,999.0,999.0,99.0,99.00,
2020,12,13,03,00,225,0.8,1.1,99.00,99.00,99.00,999,1020.5,16.1,999.0,999.0,99.0,99.00,
2020,12,13,04,00,243,1.4,1.8,99.00,99.00,99.00,999,1020.0,15.5,999.0,999.0,99.0,99.00,
2020,12,13,05,00,157,1.8,1.8,99.00,99.00,99.00,999,1019.6,15.7,999.0,999.0,99.0,99.00,
2020,12,13,06,00,0,0.0,0.0,99.00,99.00,99.00,999,1019.0,15.6,999.0,999.0,99.0,99.00,
2020,12,13,07,00,150,1.0,1.2,99.00,99.00,99.00,999,1018.9,15.7,999.0,999.0,99.0,99.00,
2020,12,13,08,00,0,0.0,0.0,99.00,99.00,99.00,999,1018.9,15.7,999.0,999.0,99.0,99.00,
2020,12,13,09,00,302,1.6,2.2,99.00,99.00,99.00,999,1019.0,15.6,999.0,999.0,99.0,99.00,
2020,12,13,10,00,270,1.3,1.8,99.00,99.00,99.00,999,1019.0,16.1,999.0,999.0,99.0,99.00,
2020,12,13,11,00,264,0.2,0.5,99.00,99.00,99.00,999,1019.3,16.1,999.0,999.0,99.0,99.00,
2020,12,13,12,00,238,0.2,0.5,99.00,99.00,99.00,999,1019.9,15.8,999.0,999.0,99.0,99.00,
2020,12,13,13,00,265,1.8,2.6,99.00,99.00,99.00,999,1020.3,16.0,999.0,999.0,99.0,99.00,
2020,12,13,14,00,258,1.8,2.3,99.00,99.00,99.00,999,1020.9,16.3,999.0,999.0,99.0,99.00,
2020,12,13,15,00,195,1.9,2.2,99.00,99.00,99.00,999,1021.3,17.8,999.0,999.0,99.0,99.00,
2020,12,13,16,00,166,2.9,3.1,99.00,99.00,99.00,999,1020.9,16.7,999.0,999.0,99.0,99.00,
2020,12,13,17,00,185,4.2,4.5,99.00,99.00,99.00,999,1020.4,16.2,999.0,999.0,99.0,99.00,
2020,12,13,18,00,199,3.2,4.2,99.00,99.00,99.00,999,1019.4,15.4,999.0,999.0,99.0,99.00,
2020,12,13,19,00,216,4.2,4.8,99.00,99.00,99.00,999,1018.8,15.2,999.0,999.0,99.0,99.00,
2020,12,13,20,00,205,5.9,6.9,99.00,99.00,99.00,999,1018.6,14.9,999.0,999.0,99.0,99.00,
2020,12,13,21,00,218,4.0,4.3,99.00,99.00,99.00,999,1018.4,14.9,999.0,999.0,99.0,99.00,
2020,12,13,22,00,202,3.8,4.5,99.00,99.00,99.00,999,1018.2,14.9,999.0,999.0,99.0,99.00,
2020,12,13,23,00,198,4.9,5.5,99.00,99.00,99.00,999,1018.2,14.8,999.0,999.0,99.0,99.00,
2020,12,14,00,00,228,3.2,4.4,99.00,99.00,99.00,999,1018.3,14.8,999.0,999.0,99.0,99.00,
2020,12,14,01,00,213,5.5,6.5,99.00,99.00,99.00,999,1018.1,15.0,999.0,999.0,99.0,99.00,
2020,12,14,02,00,208,5.1,6.0,99.00,99.00,99.00,999,1017.7,15.2,999.0,999.0,99.0,99.00,
2020,12,14,03,00,219,4.9,6.3,99.00,99.00,99.00,999,1017.7,15.7,999.0,999.0,99.0,99.00,
2020,12,14,04,00,211,4.2,4.6,99.00,99.00,99.00,999,1017.0,15.9,999.0,999.0,99.0,99.00,
2020,12,14,05,00,211,4.6,5.1,99.00,99.00,99.00,999,1016.2,16.0,999.0,999.0,99.0,99.00,
2020,12,14,06,00,213,5.0,5.7,99.00,99.00,99.00,999,1015.4,15.6,999.0,999.0,99.0,99.00,
2020,12,14,07,00,251,2.1,2.5,99.00,99.00,99.00,999,1014.8,15.6,999.0,999.0,99.0,99.00,
2020,12,14,08,00,227,3.0,4.2,99.00,99.00,99.00,999,1014.5,16.2,999.0,999.0,99.0,99.00,
2020,12,14,09,00,187,3.2,3.5,99.00,99.00,99.00,999,1013.6,15.7,999.0,999.0,99.0,99.00,
2020,12,14,10,00,218,3.6,4.1,99.00,99.00,99.00,999,1013.8,15.8,999.0,999.0,99.0,99.00,
2020,12,14,11,00,200,1.9,2.4,99.00,99.00,99.00,999,1013.0,15.8,999.0,999.0,99.0,99.00,
2020,12,14,12,00,188,7.8,8.5,99.00,99.00,99.00,999,1011.8,17.4,999.0,999.0,99.0,99.00,
2020,12,14,13,00,196,10.2,11.9,99.00,99.00,99.00,999,1011.3,18.7,999.0,999.0,99.0,99.00,
2020,12,14,14,00,200,9.6,12.0,99.00,99.00,99.00,999,1010.9,18.8,999.0,999.0,99.0,99.00,
2020,12,14,15,00,201,9.6,11.0,99.00,99.00,99.00,999,1010.8,18.8,999.0,999.0,99.0,99.00,
2020,12,14,16,00,211,12.4,13.5,99.00,99.00,99.00,999,1010.3,19.1,999.0,999.0,99.0,99.00,
2020,12,14,17,00,223,9.7,12.8,99.00,99.00,99.00,999,1009.9,19.2,999.0,999.0,99.0,99.00,
2020,12,14,18,00,238,5.8,8.3,99.00,99.00,99.00,999,1009.9,18.5,999.0,999.0,99.0,99.00,
2020,12,14,19,00,260,4.0,5.5,99.00,99.00,99.00,999,1010.0,19.7,999.0,999.0,99.0,99.00,
2020,12,14,20,00,291,4.5,7.2,99.00,99.00,99.00,999,1010.6,20.9,999.0,999.0,99.0,99.00,
2020,12,14,21,00,294,4.1,6.6,99.00,99.00,99.00,999,1011.5,20.9,999.0,999.0,99.0,99.00,
2020,12,14,22,00,341,6.6,8.1,99.00,99.00,99.00,999,1013.1,16.5,999.0,999.0,99.0,99.00,
2020,12,14,23,00,334,7.6,10.2,99.00,99.00,99.00,999,1014.8,14.3,999.0,999.0,99.0,99.00,
2020,12,15,00,00,348,7.7,10.5,99.00,99.00,99.00,999,1016.3,13.5,999.0,999.0,99.0,99.00,
2020,12,15,01,00,346,7.5,9.9,99.00,99.00,99.00,999,1017.2,12.5,999.0,999.0,99.0,99.00,
2020,12,15,02,00,356,7.6,9.2,99.00,99.00,99.00,999,1018.1,12.1,999.0,999.0,99.0,99.00,
2020,12,15,03,00,12,8.1,9.1,99.00,99.00,99.00,999,1018.9,11.6,999.0,999.0,99.0,99.00,
2020,12,15,04,00,22,8.4,9.4,99.00,99.00,99.00,999,1019.8,11.1,999.0,999.0,99.0,99.00,
2020,12,15,05,00,28,8.3,9.2,99.00,99.00,99.00,999,1020.0,10.8,999.0,999.0,99.0,99.00,
2020,12,15,06,00,29,10.7,12.7,99.00,99.00,99.00,999,1020.1,10.6,999.0,999.0,99.0,99.00,
2020,12,15,07,00,29,10.5,12.5,99.00,99.00,99.00,999,1020.5,10.0,999.0,999.0,99.0,99.00,
2020,12,15,08,00,18,9.4,11.0,99.00,99.00,99.00,999,1020.6,9.4,999.0,999.0,99.0,99.00,
2020,12,15,09,00,21,8.0,9.0,99.00,99.00,99.00,999,1021.2,8.7,999.0,999.0,99.0,99.00,
2020,12,15,10,00,14,7.8,9.3,99.00,99.00,99.00,999,1021.1,8.6,999.0,999.0,99.0,99.00,
2020,12,15,11,00,12,7.3,8.6,99.00,99.00,99.00,999,1020.9,8.9,999.0,999.0,99.0,99.00,
2020,12,15,12,00,12,8.0,9.3,99.00,99.00,99.00,999,1021.1,9.1,999.0,999.0,99.0,99.00,
2020,12,15,13,00,5,8.2,10.3,99.00,99.00,99.00,999,1021.5,8.8,999.0,999.0,99.0,99.00,
2020,12,15,14,00,8,8.2,9.9,99.00,99.00,99.00,999,1022.0,8.8,999.0,999.0,99.0,99.00,
2020,12,15,15,00,14,8.9,10.4,99.00,99.00,99.00,999,1022.5,9.0,999.0,999.0,99.0,99.00,
2020,12,15,16,00,24,9.8,11.1,99.00,99.00,99.00,999,1021.9,9.5,999.0,999.0,99.0,99.00,
2020,12,15,17,00,20,9.9,11.8,99.00,99.00,99.00,999,1021.4,9.9,999.0,999.0,99.0,99.00,
2020,12,15,18,00,33,9.4,11.4,99.00,99.00,99.00,999,1020.3,10.1,999.0,999.0,99.0,99.00,
2020,12,15,19,00,25,9.8,12.1,99.00,99.00,99.00,999,1020.1,10.2,999.0,999.0,99.0,99.00,
2020,12,15,20,00,14,8.6,11.2,99.00,99.00,99.00,999,1019.4,10.1,999.0,999.0,99.0,99.00,
2020,12,15,21,00,22,10.2,11.8,99.00,99.00,99.00,999,1019.2,9.7,999.0,999.0,99.0,99.00,
2020,12,15,22,00,24,9.4,10.7,99.00,99.00,99.00,999,1019.1,9.6,999.0,999.0,99.0,99.00,
2020,12,15,23,00,16,9.1,10.7,99.00,99.00,99.00,999,1019.4,9.4,999.0,999.0,99.0,99.00,
2020,12,16,00,00,7,10.3,13.2,99.00,99.00,99.00,999,1019.3,9.3,999.0,999.0,99.0,99.00,
2020,12,16,01,00,19,9.2,11.8,99.00,99.00,99.00,999,1018.9,9.6,999.0,999.0,99.0,99.00,
2020,12,16,02,00,17,10.8,13.1,99.00,99.00,99.00,999,1019.1,9.6,999.0,999.0,99.0,99.00,
2020,12,16,03,00,11,9.8,11.9,99.00,99.00,99.00,999,1018.9,9.0,999.0,999.0,99.0,99.00,
2020,12,16,04,00,24,9.8,12.2,99.00,99.00,99.00,999,1018.0,9.0,999.0,999.0,99.0,99.00,
2020,12,16,05,00,22,10.1,13.4,99.00,99.00,99.00,999,1017.7,8.8,999.0,999.0,99.0,99.00,
2020,12,16,06,00,16,8.9,11.4,99.00,99.00,99.00,999,1017.0,8.9,999.0,999.0,99.0,99.00,
2020,12,16,07,00,10,9.6,11.7,99.00,99.00,99.00,999,1016.5,8.6,999.0,999.0,99.0,99.00,
2020,12,16,08,00,23,9.1,10.9,99.00,99.00,99.00,999,1014.6,9.4,999.0,999.0,99.0,99.00,
2020,12,16,09,00,10,8.2,9.8,99.00,99.00,99.00,999,1014.4,9.6,999.0,999.0,99.0,99.00,
2020,12,16,10,00,335,5.4,7.1,99.00,99.00,99.00,999,1015.3,9.0,999.0,999.0,99.0,99.00,
2020,12,16,11,00,346,7.9,9.7,99.00,99.00,99.00,999,1014.8,8.3,999.0,999.0,99.0,99.00,
2020,12,16,12,00,29,8.1,9.5,99.00,99.00,99.00,999,1012.8,10.1,999.0,999.0,99.0,99.00,
2020,12,16,13,00,349,4.5,5.8,99.00,99.00,99.00,999,1013.9,10.3,999.0,999.0,99.0,99.00,
2020,12,16,14,00,338,5.2,6.9,99.00,99.00,99.00,999,1014.1,8.8,999.0,999.0,99.0,99.00,
2020,12,16,15,00,344,7.2,9.1,99.00,99.00,99.00,999,1013.4,8.5,999.0,999.0,99.0,99.00,
2020,12,16,16,00,309,4.1,5.8,99.00,99.00,99.00,999,1013.5,8.1,999.0,999.0,99.0,99.00,
2020,12,16,17,00,281,3.2,6.2,99.00,99.00,99.00,999,1014.1,8.0,999.0,999.0,99.0,99.00,
2020,12,16,18,00,269,1.8,2.9,99.00,99.00,99.00,999,1013.3,7.7,999.0,999.0,99.0,99.00,
2020,12,16,19,00,338,4.1,5.5,99.00,99.00,99.00,999,1011.6,7.9,999.0,999.0,99.0,99.00,
2020,12,16,20,00,251,1.2,1.5,99.00,99.00,99.00,999,1012.4,7.9,999.0,999.0,99.0,99.00,
2020,12,16,21,00,180,1.0,1.5,99.00,99.00,99.00,999,1011.5,8.8,999.0,999.0,99.0,99.00,
2020,12,16,22,00,136,1.0,1.7,99.00,99.00,99.00,999,1010.7,9.9,999.0,999.0,99.0,99.00,
2020,12,16,23,00,286,1.8,2.5,99.00,99.00,99.00,999,1011.9,8.6,999.0,999.0,99.0,99.00,
2020,12,17,00,00,307,1.9,3.0,99.00,99.00,99.00,999,1011.5,8.7,999.0,999.0,99.0,99.00,
2020,12,17,01,00,323,3.8,4.5,99.00,99.00,99.00,999,1012.4,8.2,999.0,999.0,99.0,99.00,
2020,12,17,02,00,324,4.6,7.2,99.00,99.00,99.00,999,1012.6,7.4,999.0,999.0,99.0,99.00,
2020,12,17,03,00,324,4.3,6.7,99.00,99.00,99.00,999,1012.8,7.4,999.0,999.0,99.0,99.00,
2020,12,17,04,00,313,2.7,4.4,99.00,99.00,99.00,999,1013.1,7.0,999.0,999.0,99.0,99.00,
2020,12,17,05,00,295,3.9,5.1,99.00,99.00,99.00,999,1013.4,6.5,999.0,999.0,99.0,99.00,
2020,12,17,06,00,308,3.0,6.1,99.00,99.00,99.00,999,1013.2,6.0,999.0,999.0,99.0,99.00,
2020,12,17,07,00,306,4.1,6.4,99.00,99.00,99.00,999,1013.6,5.6,999.0,999.0,99.0,99.00,
2020,12,17,08,00,317,3.8,5.6,99.00,99.00,99.00,999,1013.9,5.7,999.0,999.0,99.0,99.00,
2020,12,17,09,00,301,4.3,5.6,99.00,99.00,99.00,999,1014.2,5.6,999.0,999.0,99.0,99.00,
2020,12,17,10,00,305,3.1,4.9,99.00,99.00,99.00,999,1014.5,5.3,999.0,999.0,99.0,99.00,
2020,12,17,11,00,298,2.8,4.6,99.00,99.00,99.00,999,1015.3,5.1,999.0,999.0,99.0,99.00,
2020,12,17,12,00,304,2.8,4.3,99.00,99.00,99.00,999,1016.1,4.7,999.0,999.0,99.0,99.00,
2020,12,17,13,00,304,2.4,4.5,99.00,99.00,99.00,999,1017.1,4.8,999.0,999.0,99.0,99.00,
2020,12,17,14,00,334,3.9,5.2,99.00,99.00,99.00,999,1018.0,5.0,999.0,999.0,99.0,99.00,
2020,12,17,15,00,299,3.0,3.9,99.00,99.00,99.00,999,1018.7,5.4,999.0,999.0,99.0,99.00,
2020,12,17,16,00,297,2.2,3.4,99.00,99.00,99.00,999,1019.0,5.6,999.0,999.0,99.0,99.00,
2020,12,17,17,00,301,2.9,4.3,99.00,99.00,99.00,999,1018.6,5.8,999.0,999.0,99.0,99.00,
2020,12,17,18,00,317,1.1,1.8,99.00,99.00,99.00,999,1017.9,6.1,999.0,999.0,99.0,99.00,
2020,12,17,19,00,267,2.6,3.6,99.00,99.00,99.00,999,1017.9,6.0,999.0,999.0,99.0,99.00,
2020,12,17,20,00,285,2.7,3.9,99.00,99.00,99.00,999,1018.2,6.4,999.0,999.0,99.0,99.00,
2020,12,17,21,00,315,1.5,2.5,99.00,99.00,99.00,999,1018.5,6.6,999.0,999.0,99.0,99.00,
2020,12,17,22,00,295,1.2,2.1,99.00,99.00,99.00,999,1019.2,6.8,999.0,999.0,99.0,99.00,
2020,12,17,23,00,284,2.9,4.8,99.00,99.00,99.00,999,1019.8,6.8,999.0,999.0,99.0,99.00,
2020,12,18,00,00,290,3.4,4.8,99.00,99.00,99.00,999,1020.3,6.2,999.0,999.0,99.0,99.00,
2020,12,18,01,00,298,3.6,5.4,99.00,99.00,99.00,999,1020.9,6.4,999.0,999.0,99.0,99.00,
2020,12,18,02,00,281,4.9,7.2,99.00,99.00,99.00,999,1021.8,6.4,999.0,999.0,99.0,99.00,
2020,12,18,03,00,285,3.1,5.3,99.00,99.00,99.00,999,1022.5,6.3,999.0,999.0,99.0,99.00,
2020,12,18,04,00,278,2.5,3.6,99.00,99.00,99.00,999,1022.6,6.1,999.0,999.0,99.0,99.00,
2020,12,18,05,00,277,3.5,5.5,99.00,99.00,99.00,999,1022.7,5.8,999.0,999.0,99.0,99.00,
2020,12,18,06,00,288,3.6,5.0,99.00,99.00,99.00,999,1022.6,5.5,999.0,999.0,99.0,99.00,
2020,12,18,07,00,290,3.3,5.3,99.00,99.00,99.00,999,1022.8,5.2,999.0,999.0,99.0,99.00,
2020,12,18,08,00,276,3.2,5.2,99.00,99.00,99.00,999,1023.5,4.4,999.0,999.0,99.0,99.00,
2020,12,18,09,00,300,3.2,4.6,99.00,99.00,99.00,999,1024.2,3.7,999.0,999.0,99.0,99.00,
2020,12,18,10,00,299,3.1,4.6,99.00,99.00,99.00,999,1024.7,3.4,999.0,999.0,99.0,99.00,
2020,12,18,11,00,288,2.6,3.8,99.00,99.00,99.00,999,1025.5,3.0,999.0,999.0,99.0,99.00,
2020,12,18,12,00,300,2.2,3.4,99.00,99.00,99.00,999,1026.0,2.4,999.0,999.0,99.0,99.00,
2020,12,18,13,00,307,2.9,4.2,99.00,99.00,99.00,999,1026.8,2.8,999.0,999.0,99.0,99.00,
2020,12,18,14,00,322,2.8,4.1,99.00,99.00,99.00,999,1027.2,4.7,999.0,999.0,99.0,99.00,
2020,12,18,15,00,2,5.0,6.2,99.00,99.00,99.00,999,1027.7,7.3,999.0,999.0,99.0,99.00,
2020,12,18,16,00,9,4.1,5.0,99.00,99.00,99.00,999,1028.2,8.7,999.0,999.0,99.0,99.00,
2020,12,18,17,00,21,4.5,5.6,99.00,99.00,99.00,999,1027.8,9.6,999.0,999.0,99.0,99.00,
2020,12,18,18,00,11,3.0,4.1,99.00,99.00,99.00,999,1027.6,10.4,999.0,999.0,99.0,99.00,
2020,12,18,19,00,350,4.1,5.5,99.00,99.00,99.00,999,1027.5,11.3,999.0,999.0,99.0,99.00,
2020,12,18,20,00,348,3.1,4.3,99.00,99.00,99.00,999,1027.5,11.1,999.0,999.0,99.0,99.00,
2020,12,18,21,00,353,4.2,5.5,99.00,99.00,99.00,999,1027.6,10.8,999.0,999.0,99.0,99.00,
2020,12,18,22,00,339,3.2,4.1,99.00,99.00,99.00,999,1028.4,9.5,999.0,999.0,99.0,99.00,
2020,12,18,23,00,347,3.5,4.6,99.00,99.00,99.00,999,1028.7,8.3,999.0,999.0,99.0,99.00,
2020,12,19,00,00,346,3.3,4.1,99.00,99.00,99.00,999,1029.3,7.9,999.0,999.0,99.0,99.00,
2020,12,19,01,00,2,4.7,5.8,99.00,99.00,99.00,999,1029.7,8.3,999.0,999.0,99.0,99.00,
2020,12,19,02,00,17,6.9,7.9,99.00,99.00,99.00,999,1029.7,8.0,999.0,999.0,99.0,99.00,
2020,12,19,03,00,14,6.5,7.9,99.00,99.00,99.00,999,1030.0,7.8,999.0,999.0,99.0,99.00,
2020,12,19,04,00,21,5.8,6.8,99.00,99.00,99.00,999,1030.0,7.7,999.0,999.0,99.0,99.00,
2020,12,19,05,00,10,4.8,5.9,99.00,99.00,99.00,999,1030.3,7.4,999.0,999.0,99.0,99.00,
2020,12,19,06,00,356,3.8,4.7,99.00,99.00,99.00,999,1029.9,6.9,999.0,999.0,99.0,99.00,
2020,12,19,07,00,0,4.2,5.1,99.00,99.00,99.00,999,1029.3,6.3,999.0,999.0,99.0,99.00,
2020,12,19,08,00,355,3.1,4.2,99.00,99.00,99.00,999,1029.3,6.1,999.0,999.0,99.0,99.00,
2020,12,19,09,00,352,3.8,4.7,99.00,99.00,99.00,999,1029.5,5.6,999.0,999.0,99.0,99.00,
2020,12,19,10,00,2,4.6,5.7,99.00,99.00,99.00,999,1029.1,5.7,999.0,999.0,99.0,99.00,
2020,12,19,11,00,1,3.8,4.4,99.00,99.00,99.00,999,1029.4,5.4,999.0,999.0,99.0,99.00,
2020,12,19,12,00,15,6.3,7.5,99.00,99.00,99.00,999,1029.5,6.5,999.0,999.0,99.0,99.00,
2020,12,19,13,00,35,7.5,8.8,99.00,99.00,99.00,999,1029.7,6.9,999.0,999.0,99.0,99.00,
2020,12,19,14,00,27,7.3,8.1,99.00,99.00,99.00,999,1030.2,7.9,999.0,999.0,99.0,99.00,
2020,12,19,15,00,30,7.4,8.1,99.00,99.00,99.00,999,1030.4,9.0,999.0,999.0,99.0,99.00,
2020,12,19,16,00,33,7.1,8.3,99.00,99.00,99.00,999,1030.1,9.9,999.0,999.0,99.0,99.00,
2020,12,19,17,00,37,6.6,7.9,99.00,99.00,99.00,999,1029.3,10.7,999.0,999.0,99.0,99.00,
2020,12,19,18,00,45,7.4,7.9,99.00,99.00,99.00,999,1028.3,10.6,999.0,999.0,99.0,99.00,
2020,12,19,19,00,43,6.3,7.2,99.00,99.00,99.00,999,1027.6,10.8,999.0,999.0,99.0,99.00,
2020,12,19,20,00,49,6.7,7.5,99.00,99.00,99.00,999,1027.0,11.2,999.0,999.0,99.0,99.00,
2020,12,19,21,00,50,7.2,8.4,99.00,99.00,99.00,999,1026.6,11.3,999.0,999.0,99.0,99.00,
2020,12,19,22,00,30,7.7,8.3,99.00,99.00,99.00,999,1026.7,10.8,999.0,999.0,99.0,99.00,
2020,12,19,23,00,35,6.2,7.5,99.00,99.00,99.00,999,1025.6,10.4,999.0,999.0,99.0,99.00,
2020,12,20,00,00,22,6.4,7.4,99.00,99.00,99.00,999,1025.4,10.1,999.0,999.0,99.0,99.00,
2020,12,20,01,00,27,6.4,7.4,99.00,99.00,99.00,999,1024.7,10.3,999.0,999.0,99.0,99.00,
2020,12,20,02,00,31,5.9,6.4,99.00,99.00,99.00,999,1024.3,10.9,999.0,999.0,99.0,99.00,
2020,12,20,03,00,40,5.0,5.7,99.00,99.00,99.00,999,1023.5,11.6,999.0,999.0,99.0,99.00,
2020,12,20,04,00,69,4.6,4.9,99.00,99.00,99.00,999,1022.9,14.7,999.0,999.0,99.0,99.00,
2020,12,20,05,00,20,3.5,4.0,99.00,99.00,99.00,999,1022.4,12.9,999.0,999.0,99.0,99.00,
2020,12,20,06,00,329,2.8,3.3,99.00,99.00,99.00,999,1021.7,11.5,999.0,999.0,99.0,99.00,
2020,12,20,07,00,359,3.2,3.8,99.00,99.00,99.00,999,1021.2,11.5,999.0,999.0,99.0,99.00,
2020,12,20,08,00,31,5.7,6.4,99.00,99.00,99.00,999,1020.4,12.7,999.0,999.0,99.0,99.00,
2020,12,20,09,00,36,5.6,6.5,99.00,99.00,99.00,999,1019.3,12.4,999.0,999.0,99.0,99.00,
2020,12,20,10,00,50,1.0,1.6,99.00,99.00,99.00,999,1019.2,12.4,999.0,999.0,99.0,99.00,
2020,12,20,11,00,349,0.9,1.0,99.00,99.00,99.00,999,1019.0,12.2,999.0,999.0,99.0,99.00,
2020,12,20,12,00,349,1.9,2.3,99.00,99.00,99.00,999,1018.5,12.6,999.0,999.0,99.0,99.00,
2020,12,20,13,00,26,1.1,1.3,99.00,99.00,99.00,999,1018.6,12.6,999.0,999.0,99.0,99.00,
2020,12,20,14,00,307,1.9,2.4,99.00,99.00,99.00,999,1019.1,12.6,999.0,999.0,99.0,99.00,
2020,12,20,15,00,11,0.8,1.1,99.00,99.00,99.00,999,1018.6,12.9,999.0,999.0,99.0,99.00,
2020,12,20,16,00,68,0.3,0.7,99.00,99.00,99.00,999,1018.0,13.3,999.0,999.0,99.0,99.00,
2020,12,20,17,00,329,1.7,2.6,99.00,99.00,99.00,999,1017.4,14.0,999.0,999.0,99.0,99.00,
2020,12,20,18,00,329,2.9,3.9,99.00,99.00,99.00,999,1016.5,14.0,999.0,999.0,99.0,99.00,
2020,12,20,19,00,346,3.1,4.0,99.00,99.00,99.00,999,1015.6,13.0,999.0,999.0,99.0,99.00,
2020,12,20,20,00,347,2.2,3.4,99.00,99.00,99.00,999,1015.8,12.6,999.0,999.0,99.0,99.00,
2020,12,20,21,00,345,2.9,4.2,99.00,99.00,99.00,999,1015.5,12.2,999.0,999.0,99.0,99.00,
2020,12,20,22,00,357,3.1,4.1,99.00,99.00,99.00,999,1015.5,12.0,999.0,999.0,99.0,99.00,
2020,12,20,23,00,1,2.5,3.4,99.00,99.00,99.00,999,1015.3,11.6,999.0,999.0,99.0,99.00,
2020,12,21,00,00,14,2.5,2.8,99.00,99.00,99.00,999,1015.1,11.6,999.0,999.0,99.0,99.00,
2020,12,21,01,00,356,2.8,4.1,99.00,99.00,99.00,999,1014.9,11.5,999.0,999.0,99.0,99.00,
2020,12,21,02,00,5,4.4,5.1,99.00,99.00,99.00,999,1014.6,11.0,999.0,999.0,99.0,99.00,
2020,12,21,03,00,37,4.4,5.5,99.00,99.00,99.00,999,1013.7,11.2,999.0,999.0,99.0,99.00,
2020,12,21,04,00,11,3.6,4.1,99.00,99.00,99.00,999,1014.1,10.9,999.0,999.0,99.0,99.00,
2020,12,21,05,00,333,4.1,5.4,99.00,99.00,99.00,999,1013.8,10.5,999.0,999.0,99.0,99.00,
2020,12,21,06,00,342,5.0,6.5,99.00,99.00,99.00,999,1013.1,9.7,999.0,999.0,99.0,99.00,
2020,12,21,07,00,341,4.1,5.4,99.00,99.00,99.00,999,1012.8,9.7,999.0,999.0,99.0,99.00,
2020,12,21,08,00,337,3.2,4.1,99.00,99.00,99.00,999,1012.6,10.0,999.0,999.0,99.0,99.00,
2020,12,21,09,00,329,3.2,4.5,99.00,99.00,99.00,999,1012.8,9.6,999.0,999.0,99.0,99.00,
2020,12,21,10,00,325,4.9,6.6,99.00,99.00,99.00,999,1013.7,9.7,999.0,999.0,99.0,99.00,
2020,12,21,11,00,322,3.4,5.3,99.00,99.00,99.00,999,1014.9,9.4,999.0,999.0,99.0,99.00,
2020,12,21,12,00,325,4.2,6.6,99.00,99.00,99.00,999,1015.7,9.5,999.0,999.0,99.0,99.00,
2020,12,21,13,00,333,4.5,6.8,99.00,99.00,99.00,999,1016.0,9.3,999.0,999.0,99.0,99.00,
2020,12,21,14,00,326,3.0,5.0,99.00,99.00,99.00,999,1016.8,9.6,999.0,999.0,99.0,99.00,
2020,12,21,15,00,316,2.5,3.8,99.00,99.00,99.00,999,1017.5,9.8,999.0,999.0,99.0,99.00,
2020,12,21,16,00,289,2.7,4.7,99.00,99.00,99.00,999,1017.6,12.3,999.0,999.0,99.0,99.00,
2020,12,21,17,00,295,4.0,5.1,99.00,99.00,99.00,999,1016.9,13.5,999.0,999.0,99.0,99.00,
2020,12,21,18,00,287,3.0,5.4,99.00,99.00,99.00,999,1016.7,14.2,999.0,999.0,99.0,99.00,
2020,12,21,19,00,263,3.1,4.5,99.00,99.00,99.00,999,1016.3,14.8,999.0,999.0,99.0,99.00,
2020,12,21,20,00,241,3.7,5.4,99.00,99.00,99.00,999,1016.3,15.3,999.0,999.0,99.0,99.00,
2020,12,21,21,00,223,4.3,5.4,99.00,99.00,99.00,999,1016.6,14.4,999.0,999.0,99.0,99.00,
2020,12,21,22,00,226,4.3,5.0,99.00,99.00,99.00,999,1016.7,14.0,999.0,999.0,99.0,99.00,
2020,12,21,23,00,235,3.2,4.2,99.00,99.00,99.00,999,1017.1,13.1,999.0,999.0,99.0,99.00,
2020,12,22,00,00,239,2.5,3.0,99.00,99.00,99.00,999,1017.8,11.9,999.0,999.0,99.0,99.00,
2020,12,22,01,00,244,3.2,4.9,99.00,99.00,99.00,999,1018.0,11.3,999.0,999.0,99.0,99.00,
2020,12,22,02,00,254,3.6,5.1,99.00,99.00,99.00,999,1018.5,11.2,999.0,999.0,99.0,99.00,
2020,12,22,03,00,243,5.0,7.5,99.00,99.00,99.00,999,1018.3,11.1,999.0,999.0,99.0,99.00,
2020,12,22,04,00,256,4.4,6.4,99.00,99.00,99.00,999,1018.4,11.0,999.0,999.0,99.0,99.00,
2020,12,22,05,00,261,4.7,6.6,99.00,99.00,99.00,999,1018.6,11.0,999.0,999.0,99.0,99.00,
2020,12,22,06,00,261,4.3,5.9,99.00,99.00,99.00,999,1018.1,10.7,999.0,999.0,99.0,99.00,
2020,12,22,07,00,261,4.4,6.1,99.00,99.00,99.00,999,1018.5,10.6,999.0,999.0,99.0,99.00,
2020,12,22,08,00,262,3.2,5.0,99.00,99.00,99.00,999,1018.7,9.9,999.0,999.0,99.0,99.00,
2020,12,22,09,00,279,2.7,3.8,99.00,99.00,99.00,999,1018.9,9.3,999.0,999.0,99.0,99.00,
2020,12,22,10,00,279,3.0,4.8,99.00,99.00,99.00,999,1019.1,9.0,999.0,999.0,99.0,99.00,
2020,12,22,11,00,269,2.4,4.1,99.00,99.00,99.00,999,1019.8,8.4,999.0,999.0,99.0,99.00,
2020,12,22,12,00,261,2.2,3.1,99.00,99.00,99.00,999,1020.5,7.9,999.0,999.0,99.0,99.00,
2020,12,22,13,00,265,3.2,4.5,99.00,99.00,99.00,999,1020.7,7.9,999.0,999.0,99.0,99.00,
2020,12,22,14,00,267,3.6,5.1,99.00,99.00,99.00,999,1021.3,10.2,999.0,999.0,99.0,99.00,
2020,12,22,15,00,299,3.4,4.8,99.00,99.00,99.00,999,1021.9,12.6,999.0,999.0,99.0,99.00,
2020,12,22,16,00,318,2.1,3.1,99.00,99.00,99.00,999,1022.1,14.2,999.0,999.0,99.0,99.00,
2020,12,22,17,00,287,4.5,5.8,99.00,99.00,99.00,999,1021.5,15.4,999.0,999.0,99.0,99.00,
2020,12,22,18,00,306,3.2,4.7,99.00,99.00,99.00,999,1021.2,16.3,999.0,999.0,99.0,99.00,
2020,12,22,19,00,340,3.8,4.8,99.00,99.00,99.00,999,1021.2,17.2,999.0,999.0,99.0,99.00,
2020,12,22,20,00,1,2.8,4.1,99.00,99.00,99.00,999,1021.6,17.0,999.0,999.0,99.0,99.00,
2020,12,22,21,00,356,2.0,2.5,99.00,99.00,99.00,999,1022.3,16.9,999.0,999.0,99.0,99.00,
2020,12,22,22,00,44,2.1,2.6,99.00,99.00,99.00,999,1023.2,15.4,999.0,999.0,99.0,99.00,
2020,12,22,23,00,62,1.2,1.7,99.00,99.00,99.00,999,1023.8,13.6,999.0,999.0,99.0,99.00,
2020,12,23,00,00,0,0.0,0.0,99.00,99.00,99.00,999,1024.5,14.0,999.0,999.0,99.0,99.00,
2020,12,23,01,00,25,1.6,1.8,99.00,99.00,99.00,999,1025.1,13.7,999.0,999.0,99.0,99.00,
2020,12,23,02,00,41,1.5,1.8,99.00,99.00,99.00,999,1025.6,12.3,999.0,999.0,99.0,99.00,
2020,12,23,03,00,48,1.9,2.1,99.00,99.00,99.00,999,1026.0,12.5,999.0,999.0,99.0,99.00,
2020,12,23,04,00,58,4.7,5.1,99.00,99.00,99.00,999,1026.1,13.1,999.0,999.0,99.0,99.00,
2020,12,23,05,00,64,5.9,6.7,99.00,99.00,99.00,999,1026.2,13.6,999.0,999.0,99.0,99.00,
2020,12,23,06,00,64,6.4,7.3,99.00,99.00,99.00,999,1026.0,13.8,999.0,999.0,99.0,99.00,
2020,12,23,07,00,63,6.6,7.4,99.00,99.00,99.00,999,1025.9,13.9,999.0,999.0,99.0,99.00,
2020,12,23,08,00,58,7.8,8.8,99.00,99.00,99.00,999,1026.1,13.9,999.0,999.0,99.0,99.00,
2020,12,23,09,00,41,4.7,5.4,99.00,99.00,99.00,999,1026.1,13.7,999.0,999.0,99.0,99.00,
2020,12,23,10,00,11,4.1,5.0,99.00,99.00,99.00,999,1026.5,11.4,999.0,999.0,99.0,99.00,
2020,12,23,11,00,19,5.7,6.5,99.00,99.00,99.00,999,1026.9,11.7,999.0,999.0,99.0,99.00,
2020,12,23,12,00,22,6.0,7.6,99.00,99.00,99.00,999,1027.2,11.8,999.0,999.0,99.0,99.00,
2020,12,23,13,00,33,7.7,9.0,99.00,99.00,99.00,999,1027.4,12.1,999.0,999.0,99.0,99.00,
2020,12,23,14,00,31,6.9,7.9,99.00,99.00,99.00,999,1027.8,12.5,999.0,999.0,99.0,99.00,
2020,12,23,15,00,35,6.5,7.4,99.00,99.00,99.00,999,1028.3,13.6,999.0,999.0,99.0,99.00,
2020,12,23,16,00,33,6.4,7.5,99.00,99.00,99.00,999,1027.9,13.5,999.0,999.0,99.0,99.00,
2020,12,23,17,00,47,9.2,11.1,99.00,99.00,99.00,999,1026.6,13.8,999.0,999.0,99.0,99.00,
2020,12,23,18,00,45,9.3,11.0,99.00,99.00,99.00,999,1025.7,14.0,999.0,999.0,99.0,99.00,
2020,12,23,19,00,43,9.6,10.7,99.00,99.00,99.00,999,1025.2,14.2,999.0,999.0,99.0,99.00,
2020,12,23,20,00,54,11.8,13.3,99.00,99.00,99.00,999,1024.3,14.4,999.0,999.0,99.0,99.00,
2020,12,23,21,00,44,8.5,11.1,99.00,99.00,99.00,999,1024.2,14.2,999.0,999.0,99.0,99.00,
2020,12,23,22,00,45,8.3,9.4,99.00,99.00,99.00,999,1023.9,14.2,999.0,999.0,99.0,99.00,
2020,12,23,23,00,36,5.1,5.9,99.00,99.00,99.00,999,1023.6,14.3,999.0,999.0,99.0,99.00,
2020,12,24,00,00,37,4.0,4.6,99.00,99.00,99.00,999,1023.1,14.5,999.0,999.0,99.0,99.00,
2020,12,24,01,00,100,3.0,3.3,99.00,99.00,99.00,999,1022.9,16.0,999.0,999.0,99.0,99.00,
2020,12,24,02,00,131,5.0,5.3,99.00,99.00,99.00,999,1022.6,16.7,999.0,999.0,99.0,99.00,
2020,12,24,03,00,135,6.5,6.8,99.00,99.00,99.00,999,1021.8,16.9,999.0,999.0,99.0,99.00,
2020,12,24,04,00,145,5.4,5.7,99.00,99.00,99.00,999,1021.5,16.9,999.0,999.0,99.0,99.00,
2020,12,24,05,00,146,5.7,6.2,99.00,99.00,99.00,999,1021.0,17.0,999.0,999.0,99.0,99.00,
2020,12,24,06,00,143,6.0,6.4,99.00,99.00,99.00,999,1019.8,17.1,999.0,999.0,99.0,99.00,
2020,12,24,07,00,155,6.3,6.6,99.00,99.00,99.00,999,1019.4,17.1,999.0,999.0,99.0,99.00,
2020,12,24,08,00,149,6.4,6.8,99.00,99.00,99.00,999,1018.3,17.4,999.0,999.0,99.0,99.00,
2020,12,24,09,00,147,6.6,7.1,99.00,99.00,99.00,999,1017.0,17.0,999.0,999.0,99.0,99.00,
2020,12,24,10,00,154,6.8,7.5,99.00,99.00,99.00,999,1016.7,17.4,999.0,999.0,99.0,99.00,
2020,12,24,11,00,157,9.6,11.8,99.00,99.00,99.00,999,1016.6,17.8,999.0,999.0,99.0,99.00,
2020,12,24,12,00,167,5.3,5.6,99.00,99.00,99.00,999,1016.2,16.5,999.0,999.0,99.0,99.00,
2020,12,24,13,00,167,5.8,6.2,99.00,99.00,99.00,999,1015.7,16.4,999.0,999.0,99.0,99.00,
2020,12,24,14,00,170,5.8,6.3,99.00,99.00,99.00,999,1015.0,16.4,999.0,999.0,99.0,99.00,
2020,12,24,15,00,171,6.5,7.0,99.00,99.00,99.00,999,1014.5,16.9,999.0,999.0,99.0,99.00,
2020,12,24,16,00,165,7.2,7.6,99.00,99.00,99.00,999,1013.4,16.5,999.0,999.0,99.0,99.00,
2020,12,24,17,00,174,6.0,6.3,99.00,99.00,99.00,999,1011.7,17.0,999.0,999.0,99.0,99.00,
2020,12,24,18,00,184,4.6,4.9,99.00,99.00,99.00,999,1010.4,16.5,999.0,999.0,99.0,99.00,
2020,12,24,19,00,200,5.0,5.5,99.00,99.00,99.00,999,1009.5,17.2,999.0,999.0,99.0,99.00,
2020,12,24,20,00,207,5.5,6.0,99.00,99.00,99.00,999,1008.2,16.8,999.0,999.0,99.0,99.00,
2020,12,24,21,00,193,6.6,7.3,99.00,99.00,99.00,999,1006.9,17.1,999.0,999.0,99.0,99.00,
2020,12,24,22,00,184,7.8,8.7,99.00,99.00,99.00,999,1006.1,17.3,999.0,999.0,99.0,99.00,
2020,12,24,23,00,183,10.0,10.9,99.00,99.00,99.00,999,1005.8,17.9,999.0,999.0,99.0,99.00,
2020,12,25,00,00,181,11.3,12.9,99.00,99.00,99.00,999,1005.3,18.5,999.0,999.0,99.0,99.00,
2020,12,25,01,00,261,8.2,11.2,99.00,99.00,99.00,999,1006.4,17.3,999.0,999.0,99.0,99.00,
2020,12,25,02,00,243,4.8,7.1,99.00,99.00,99.00,999,1007.3,14.6,999.0,999.0,99.0,99.00,
2020,12,25,03,00,226,6.7,8.3,99.00,99.00,99.00,999,1006.9,14.0,999.0,999.0,99.0,99.00,
2020,12,25,04,00,223,7.7,9.9,99.00,99.00,99.00,999,1006.3,14.1,999.0,999.0,99.0,99.00,
2020,12,25,05,00,279,8.4,11.8,99.00,99.00,99.00,999,1008.3,7.6,999.0,999.0,99.0,99.00,
2020,12,25,06,00,266,6.1,8.6,99.00,99.00,99.00,999,1009.7,6.3,999.0,999.0,99.0,99.00,
2020,12,25,07,00,260,7.1,9.6,99.00,99.00,99.00,999,1010.6,4.6,999.0,999.0,99.0,99.00,
2020,12,25,08,00,262,6.4,9.4,99.00,99.00,99.00,999,1011.6,3.5,999.0,999.0,99.0,99.00,
2020,12,25,09,00,271,4.8,7.4,99.00,99.00,99.00,999,1012.2,2.8,999.0,999.0,99.0,99.00,
2020,12,25,10,00,265,5.9,9.6,99.00,99.00,99.00,999,1013.3,2.1,999.0,999.0,99.0,99.00,
2020,12,25,11,00,264,5.1,7.2,99.00,99.00,99.00,999,1014.3,1.5,999.0,999.0,99.0,99.00,
2020,12,25,12,00,260,6.7,9.8,99.00,99.00,99.00,999,1015.1,1.4,999.0,999.0,99.0,99.00,
2020,12,25,13,00,262,7.1,10.4,99.00,99.00,99.00,999,1016.1,0.9,999.0,999.0,99.0,99.00,
2020,12,25,14,00,271,6.9,9.4,99.00,99.00,99.00,999,1017.2,1.4,999.0,999.0,99.0,99.00,
2020,12,25,15,00,273,5.5,8.1,99.00,99.00,99.00,999,1017.8,1.9,999.0,999.0,99.0,99.00,
2020,12,25,16,00,257,8.6,11.5,99.00,99.00,99.00,999,1017.4,2.6,999.0,999.0,99.0,99.00,
2020,12,25,17,00,254,7.4,9.9,99.00,99.00,99.00,999,1016.8,3.3,999.0,999.0,99.0,99.00,
2020,12,25,18,00,263,6.1,8.0,99.00,99.00,99.00,999,1016.2,4.4,999.0,999.0,99.0,99.00,
2020,12,25,19,00,261,7.6,11.6,99.00,99.00,99.00,999,1016.0,4.5,999.0,999.0,99.0,99.00,
2020,12,25,20,00,267,5.9,8.3,99.00,99.00,99.00,999,1016.2,4.6,999.0,999.0,99.0,99.00,
2020,12,25,21,00,260,6.4,9.5,99.00,99.00,99.00,999,1016.6,4.5,999.0,999.0,99.0,99.00,
2020,12,25,22,00,263,4.8,6.9,99.00,99.00,99.00,999,1017.3,3.9,999.0,999.0,99.0,99.00,
2020,12,25,23,00,277,1.7,2.3,99.00,99.00,99.00,999,1018.6,2.8,999.0,999.0,99.0,99.00,
2020,12,26,00,00,267,2.2,3.8,99.00,99.00,99.00,999,1020.0,2.3,999.0,999.0,99.0,99.00,
2020,12,26,01,00,277,1.6,2.4,99.00,99.00,99.00,999,1021.0,1.2,999.0,999.0,99.0,99.00,
2020,12,26,02,00,269,1.5,2.2,99.00,99.00,99.00,999,1021.4,0.7,999.0,999.0,99.0,99.00,
2020,12,26,03,00,253,2.4,3.1,99.00,99.00,99.00,999,1021.9,0.2,999.0,999.0,99.0,99.00,
2020,12,26,04,00,258,2.5,3.4,99.00,99.00,99.00,999,1022.3,0.1,999.0,999.0,99.0,99.00,
2020,12,26,05,00,255,2.8,3.4,99.00,99.00,99.00,999,1023.0,0.0,999.0,999.0,99.0,99.00,
2020,12,26,06,00,309,3.0,4.6,99.00,99.00,99.00,999,1022.5,-0.7,999.0,999.0,99.0,99.00,
2020,12,26,07,00,318,2.9,4.2,99.00,99.00,99.00,999,1022.0,-0.7,999.0,999.0,99.0,99.00,
2020,12,26,08,00,294,2.3,3.2,99.00,99.00,99.00,999,1022.5,-1.3,999.0,999.0,99.0,99.00,
2020,12,26,09,00,305,1.5,2.8,99.00,99.00,99.00,999,1022.3,-1.5,999.0,999.0,99.0,99.00,
2020,12,26,10,00,300,2.8,3.9,99.00,99.00,99.00,999,1022.2,-1.4,999.0,999.0,99.0,99.00,
2020,12,26,11,00,300,2.6,3.4,99.00,99.00,99.00,999,1022.8,-1.5,999.0,999.0,99.0,99.00,
2020,12,26,12,00,313,2.8,4.0,99.00,99.00,99.00,999,1023.0,-1.8,999.0,999.0,99.0,99.00,
2020,12,26,13,00,325,2.4,3.8,99.00,99.00,99.00,999,1023.4,-1.3,999.0,999.0,99.0,99.00,
2020,12,26,14,00,333,2.2,3.3,99.00,99.00,99.00,999,1024.5,0.0,999.0,999.0,99.0,99.00,
2020,12,26,15,00,299,0.5,1.4,99.00,99.00,99.00,999,1025.0,0.7,999.0,999.0,99.0,99.00,
2020,12,26,16,00,283,0.6,1.5,99.00,99.00,99.00,999,1024.7,1.5,999.0,999.0,99.0,99.00,
2020,12,26,17,00,168,2.2,3.2,99.00,99.00,99.00,999,1024.2,1.9,999.0,999.0,99.0,99.00,
2020,12,26,18,00,167,2.7,3.4,99.00,99.00,99.00,999,1023.0,3.0,999.0,999.0,99.0,99.00,
2020,12,26,19,00,154,1.8,2.3,99.00,99.00,99.00,999,1022.4,3.4,999.0,999.0,99.0,99.00,
2020,12,26,20,00,158,2.4,2.9,99.00,99.00,99.00,999,1022.0,3.9,999.0,999.0,99.0,99.00,
2020,12,26,21,00,155,2.8,3.3,99.00,99.00,99.00,999,1021.9,4.8,999.0,999.0,99.0,99.00,
2020,12,26,22,00,189,2.3,2.9,99.00,99.00,99.00,999,1021.6,5.9,999.0,999.0,99.0,99.00,
2020,12,26,23,00,236,2.1,3.0,99.00,99.00,99.00,999,1021.4,5.1,999.0,999.0,99.0,99.00,
2020,12,27,00,00,268,1.8,2.0,99.00,99.00,99.00,999,1022.3,4.3,999.0,999.0,99.0,99.00,
2020,12,27,01,00,274,0.8,1.5,99.00,99.00,99.00,999,1022.5,3.8,999.0,999.0,99.0,99.00,
2020,12,27,02,00,280,1.4,1.8,99.00,99.00,99.00,999,1023.0,3.5,999.0,999.0,99.0,99.00,
2020,12,27,03,00,262,1.5,1.6,99.00,99.00,99.00,999,1023.2,3.3,999.0,999.0,99.0,99.00,
2020,12,27,04,00,264,1.2,1.4,99.00,99.00,99.00,999,1023.5,3.3,999.0,999.0,99.0,99.00,
2020,12,27,05,00,274,1.3,1.4,99.00,99.00,99.00,999,1023.5,3.1,999.0,999.0,99.0,99.00,
2020,12,27,06,00,269,1.5,1.6,99.00,99.00,99.00,999,1023.2,3.4,999.0,999.0,99.0,99.00,
2020,12,27,07,00,264,1.2,1.3,99.00,99.00,99.00,999,1023.2,3.7,999.0,999.0,99.0,99.00,
2020,12,27,08,00,278,0.9,1.0,99.00,99.00,99.00,999,1023.3,4.5,999.0,999.0,99.0,99.00,
2020,12,27,09,00,328,1.1,1.2,99.00,99.00,99.00,999,1023.5,4.5,999.0,999.0,99.0,99.00,
2020,12,27,10,00,321,1.3,1.3,99.00,99.00,99.00,999,1024.0,4.4,999.0,999.0,99.0,99.00,
2020,12,27,11,00,317,0.8,0.9,99.00,99.00,99.00,999,1024.9,5.1,999.0,999.0,99.0,99.00,
2020,12,27,12,00,324,0.7,0.8,99.00,99.00,99.00,999,1025.7,5.0,999.0,999.0,99.0,99.00,
2020,12,27,13,00,325,0.6,0.6,99.00,99.00,99.00,999,1026.2,5.6,999.0,999.0,99.0,99.00,
2020,12,27,14,00,0,0.0,0.0,99.00,99.00,99.00,999,1026.9,7.6,999.0,999.0,99.0,99.00,
2020,12,27,15,00,78,0.8,1.2,99.00,99.00,99.00,999,1027.4,8.1,999.0,999.0,99.0,99.00,
2020,12,27,16,00,88,1.3,1.8,99.00,99.00,99.00,999,1027.0,8.8,999.0,999.0,99.0,99.00,
2020,12,27,17,00,90,1.5,1.8,99.00,99.00,99.00,999,1026.6,9.1,999.0,999.0,99.0,99.00,
2020,12,27,18,00,111,1.2,1.6,99.00,99.00,99.00,999,1026.2,9.2,999.0,999.0,99.0,99.00,
2020,12,27,19,00,119,1.5,1.9,99.00,99.00,99.00,999,1025.5,9.2,999.0,999.0,99.0,99.00,
2020,12,27,20,00,80,1.6,2.2,99.00,99.00,99.00,999,1025.5,9.6,999.0,999.0,99.0,99.00,
2020,12,27,21,00,84,1.2,1.5,99.00,99.00,99.00,999,1025.8,9.8,999.0,999.0,99.0,99.00,
2020,12,27,22,00,65,2.2,2.5,99.00,99.00,99.00,999,1025.8,9.6,999.0,999.0,99.0,99.00,
2020,12,27,23,00,67,2.8,3.4,99.00,99.00,99.00,999,1025.6,9.6,999.0,999.0,99.0,99.00,
2020,12,28,00,00,78,3.5,4.1,99.00,99.00,99.00,999,1025.8,10.1,999.0,999.0,99.0,99.00,
2020,12,28,01,00,76,3.8,4.6,99.00,99.00,99.00,999,1025.7,10.5,999.0,999.0,99.0,99.00,
2020,12,28,02,00,55,2.2,2.4,99.00,99.00,99.00,999,1026.4,11.0,999.0,999.0,99.0,99.00,
2020,12,28,03,00,71,2.9,3.2,99.00,99.00,99.00,999,1026.5,11.1,999.0,999.0,99.0,99.00,
2020,12,28,04,00,34,1.7,1.8,99.00,99.00,99.00,999,1026.5,11.2,999.0,999.0,99.0,99.00,
2020,12,28,05,00,335,2.0,2.3,99.00,99.00,99.00,999,1026.1,7.7,999.0,999.0,99.0,99.00,
2020,12,28,06,00,329,2.2,2.7,99.00,99.00,99.00,999,1026.0,7.2,999.0,999.0,99.0,99.00,
2020,12,28,07,00,338,1.8,2.0,99.00,99.00,99.00,999,1025.8,7.5,999.0,999.0,99.0,99.00,
2020,12,28,08,00,320,2.2,2.4,99.00,99.00,99.00,999,1025.8,6.9,999.0,999.0,99.0,99.00,
2020,12,28,09,00,321,1.6,2.1,99.00,99.00,99.00,999,1026.1,6.2,999.0,999.0,99.0,99.00,
2020,12,28,10,00,339,1.1,1.5,99.00,99.00,99.00,999,1026.2,6.9,999.0,999.0,99.0,99.00,
2020,12,28,11,00,354,1.8,2.0,99.00,99.00,99.00,999,1026.6,7.9,999.0,999.0,99.0,99.00,
2020,12,28,12,00,329,1.8,2.1,99.00,99.00,99.00,999,1027.1,8.0,999.0,999.0,99.0,99.00,
2020,12,28,13,00,324,1.8,2.2,99.00,99.00,99.00,999,1027.4,8.3,999.0,999.0,99.0,99.00,
2020,12,28,14,00,345,1.1,1.5,99.00,99.00,99.00,999,1028.0,10.5,999.0,999.0,99.0,99.00,
2020,12,28,15,00,16,1.3,1.6,99.00,99.00,99.00,999,1028.4,11.6,999.0,999.0,99.0,99.00,
2020,12,28,16,00,301,2.1,3.2,99.00,99.00,99.00,999,1028.1,15.6,999.0,999.0,99.0,99.00,
2020,12,28,17,00,326,2.2,3.2,99.00,99.00,99.00,999,1027.5,16.8,999.0,999.0,99.0,99.00,
2020,12,28,18,00,148,3.0,3.4,99.00,99.00,99.00,999,1026.5,13.0,999.0,999.0,99.0,99.00,
2020,12,28,19,00,179,2.2,2.6,99.00,99.00,99.00,999,1026.1,14.2,999.0,999.0,99.0,99.00,
2020,12,28,20,00,193,2.9,3.5,99.00,99.00,99.00,999,1025.9,14.4,999.0,999.0,99.0,99.00,
2020,12,28,21,00,204,2.6,3.3,99.00,99.00,99.00,999,1025.8,14.1,999.0,999.0,99.0,99.00,
2020,12,28,22,00,227,3.0,3.6,99.00,99.00,99.00,999,1025.9,13.9,999.0,999.0,99.0,99.00,
2020,12,28,23,00,225,2.3,2.4,99.00,99.00,99.00,999,1026.2,12.9,999.0,999.0,99.0,99.00,
2020,12,29,00,00,263,2.0,2.4,99.00,99.00,99.00,999,1027.0,12.2,999.0,999.0,99.0,99.00,
2020,12,29,01,00,265,1.7,2.0,99.00,99.00,99.00,999,1027.2,12.1,999.0,999.0,99.0,99.00,
2020,12,29,02,00,207,1.1,1.3,99.00,99.00,99.00,999,1027.2,12.0,999.0,999.0,99.0,99.00,
2020,12,29,03,00,275,2.1,2.8,99.00,99.00,99.00,999,1027.7,10.4,999.0,999.0,99.0,99.00,
2020,12,29,04,00,273,2.2,2.4,99.00,99.00,99.00,999,1027.7,11.9,999.0,999.0,99.0,99.00,
2020,12,29,05,00,251,3.2,3.7,99.00,99.00,99.00,999,1027.6,12.2,999.0,999.0,99.0,99.00,
2020,12,29,06,00,276,2.0,2.3,99.00,99.00,99.00,999,1027.5,10.4,999.0,999.0,99.0,99.00,
2020,12,29,07,00,280,1.0,1.6,99.00,99.00,99.00,999,1027.5,10.4,999.0,999.0,99.0,99.00,
2020,12,29,08,00,302,2.0,2.4,99.00,99.00,99.00,999,1027.6,9.3,999.0,999.0,99.0,99.00,
2020,12,29,09,00,303,1.9,2.2,99.00,99.00,99.00,999,1027.6,9.4,999.0,999.0,99.0,99.00,
2020,12,29,10,00,308,1.5,2.0,99.00,99.00,99.00,999,1027.9,9.0,999.0,999.0,99.0,99.00,
2020,12,29,11,00,326,1.8,2.4,99.00,99.00,99.00,999,1028.0,9.3,999.0,999.0,99.0,99.00,
2020,12,29,12,00,322,2.4,2.7,99.00,99.00,99.00,999,1028.3,9.2,999.0,999.0,99.0,99.00,
2020,12,29,13,00,333,2.5,3.1,99.00,99.00,99.00,999,1029.1,9.3,999.0,999.0,99.0,99.00,
2020,12,29,14,00,1,2.7,3.6,99.00,99.00,99.00,999,1029.7,11.3,999.0,999.0,99.0,99.00,
2020,12,29,15,00,13,3.1,4.1,99.00,99.00,99.00,999,1030.2,12.2,999.0,999.0,99.0,99.00,
2020,12,29,16,00,26,2.8,3.3,99.00,99.00,99.00,999,1030.2,12.3,999.0,999.0,99.0,99.00,
2020,12,29,17,00,80,1.6,1.9,99.00,99.00,99.00,999,1030.0,13.2,999.0,999.0,99.0,99.00,
2020,12,29,18,00,70,5.9,6.7,99.00,99.00,99.00,999,1029.6,13.2,999.0,999.0,99.0,99.00,
2020,12,29,19,00,53,8.5,9.5,99.00,99.00,99.00,999,1029.1,13.0,999.0,999.0,99.0,99.00,
2020,12,29,20,00,57,7.6,9.5,99.00,99.00,99.00,999,1029.0,12.9,999.0,999.0,99.0,99.00,
2020,12,29,21,00,50,7.3,8.7,99.00,99.00,99.00,999,1029.4,12.9,999.0,999.0,99.0,99.00,
2020,12,29,22,00,53,6.9,7.9,99.00,99.00,99.00,999,1029.4,12.8,999.0,999.0,99.0,99.00,
2020,12,29,23,00,57,7.6,8.7,99.00,99.00,99.00,999,1029.4,12.9,999.0,999.0,99.0,99.00,
2020,12,30,00,00,52,7.6,8.3,99.00,99.00,99.00,999,1029.6,13.1,999.0,999.0,99.0,99.00,
2020,12,30,01,00,48,7.2,8.2,99.00,99.00,99.00,999,1029.9,13.2,999.0,999.0,99.0,99.00,
2020,12,30,02,00,44,7.8,9.0,99.00,99.00,99.00,999,1030.1,13.3,999.0,999.0,99.0,99.00,
2020,12,30,03,00,47,8.6,9.6,99.00,99.00,99.00,999,1030.2,13.3,999.0,999.0,99.0,99.00,
2020,12,30,04,00,48,8.5,9.3,99.00,99.00,99.00,999,1029.9,13.2,999.0,999.0,99.0,99.00,
2020,12,30,05,00,46,8.3,9.4,99.00,99.00,99.00,999,1029.6,13.0,999.0,999.0,99.0,99.00,
2020,12,30,06,00,46,9.0,10.0,99.00,99.00,99.00,999,1029.4,12.9,999.0,999.0,99.0,99.00,
2020,12,30,07,00,41,9.2,11.4,99.00,99.00,99.00,999,1029.4,12.3,999.0,999.0,99.0,99.00,
2020,12,30,08,00,41,10.9,12.3,99.00,99.00,99.00,999,1029.4,12.2,999.0,999.0,99.0,99.00,
2020,12,30,09,00,44,10.9,12.6,99.00,99.00,99.00,999,1028.8,12.1,999.0,999.0,99.0,99.00,
2020,12,30,10,00,47,11.3,13.4,99.00,99.00,99.00,999,1028.5,12.1,999.0,999.0,99.0,99.00,
2020,12,30,11,00,51,11.3,12.8,99.00,99.00,99.00,999,1028.6,12.4,999.0,999.0,99.0,99.00,
2020,12,30,12,00,38,9.4,10.5,99.00,99.00,99.00,999,1028.7,11.5,999.0,999.0,99.0,99.00,
2020,12,30,13,00,31,7.9,9.3,99.00,99.00,99.00,999,1029.2,11.4,999.0,999.0,99.0,99.00,
2020,12,30,14,00,31,7.8,8.3,99.00,99.00,99.00,999,1029.3,11.4,999.0,999.0,99.0,99.00,
2020,12,30,15,00,21,7.7,8.9,99.00,99.00,99.00,999,1029.8,11.4,999.0,999.0,99.0,99.00,
2020,12,30,16,00,39,6.6,8.1,99.00,99.00,99.00,999,1028.9,12.1,999.0,999.0,99.0,99.00,
2020,12,30,17,00,50,7.7,8.8,99.00,99.00,99.00,999,1027.1,12.5,999.0,999.0,99.0,99.00,
2020,12,30,18,00,38,4.5,5.8,99.00,99.00,99.00,999,1026.2,13.1,999.0,999.0,99.0,99.00,
2020,12,30,19,00,36,4.0,4.8,99.00,99.00,99.00,999,1025.2,13.8,999.0,999.0,99.0,99.00,
2020,12,30,20,00,20,2.1,2.4,99.00,99.00,99.00,999,1024.8,14.5,999.0,999.0,99.0,99.00,
2020,12,30,21,00,53,0.5,1.7,99.00,99.00,99.00,999,1024.5,16.1,999.0,999.0,99.0,99.00,
2020,12,30,22,00,330,1.8,3.7,99.00,99.00,99.00,999,1024.3,16.7,999.0,999.0,99.0,99.00,
2020,12,30,23,00,328,2.0,2.8,99.00,99.00,99.00,999,1024.4,14.6,999.0,999.0,99.0,99.00,
2020,12,31,00,00,334,2.6,3.2,99.00,99.00,99.00,999,1024.6,14.2,999.0,999.0,99.0,99.00,
2020,12,31,01,00,331,3.0,3.4,99.00,99.00,99.00,999,1024.4,13.9,999.0,999.0,99.0,99.00,
2020,12,31,02,00,348,2.4,2.7,99.00,99.00,99.00,999,1024.2,13.7,999.0,999.0,99.0,99.00,
2020,12,31,03,00,1,1.6,1.9,99.00,99.00,99.00,999,1023.9,13.5,999.0,999.0,99.0,99.00,
2020,12,31,04,00,358,1.9,2.3,99.00,99.00,99.00,999,1023.2,13.8,999.0,999.0,99.0,99.00,
2020,12,31,05,00,176,0.5,1.0,99.00,99.00,99.00,999,1022.6,16.7,999.0,999.0,99.0,99.00,
2020,12,31,06,00,174,2.1,2.6,99.00,99.00,99.00,999,1022.1,16.1,999.0,999.0,99.0,99.00,
2020,12,31,07,00,166,2.3,2.7,99.00,99.00,99.00,999,1021.7,15.2,999.0,999.0,99.0,99.00,
2020,12,31,08,00,157,5.6,6.2,99.00,99.00,99.00,999,1021.2,15.8,999.0,999.0,99.0,99.00,
2020,12,31,09,00,156,6.1,6.3,99.00,99.00,99.00,999,1020.9,15.7,999.0,999.0,99.0,99.00,
2020,12,31,10,00,153,5.0,5.2,99.00,99.00,99.00,999,1020.8,15.4,999.0,999.0,99.0,99.00,
2020,12,31,11,00,155,4.5,4.8,99.00,99.00,99.00,999,1020.7,15.5,999.0,999.0,99.0,99.00,
2020,12,31,12,00,203,2.4,3.6,99.00,99.00,99.00,999,1021.2,16.2,999.0,999.0,99.0,99.00,
2020,12,31,13,00,208,2.4,2.9,99.00,99.00,99.00,999,1021.5,15.9,999.0,999.0,99.0,99.00,
2020,12,31,14,00,274,1.9,2.5,99.00,99.00,99.00,999,1022.2,18.0,999.0,999.0,99.0,99.00,
2020,12,31,15,00,0,0.0,0.0,99.00,99.00,99.00,999,1022.5,16.6,999.0,999.0,99.0,99.00,
2020,12,31,16,00,169,2.2,2.3,99.00,99.00,99.00,999,1022.3,17.5,999.0,999.0,99.0,99.00,
2020,12,31,17,00,158,4.2,4.4,99.00,99.00,99.00,999,1021.4,16.4,999.0,999.0,99.0,99.00,
2020,12,31,18,00,161,4.3,4.4,99.00,99.00,99.00,999,1020.7,16.1,999.0,999.0,99.0,99.00,
2020,12,31,19,00,184,3.6,3.8,99.00,99.00,99.00,999,1020.3,16.0,999.0,999.0,99.0,99.00,
2020,12,31,20,00,195,2.6,2.9,99.00,99.00,99.00,999,1020.3,16.2,999.0,999.0,99.0,99.00,
2020,12,31,21,00,202,2.1,2.4,99.00,99.00,99.00,999,1020.3,16.0,999.0,999.0,99.0,99.00,
2020,12,31,22,00,195,0.7,1.0,99.00,99.00,99.00,999,1020.9,15.5,999.0,999.0,99.0,99.00,
2020,12,31,23,00,196,0.6,0.7,99.00,99.00,99.00,999,1021.4,15.5,999.0,999.0,99.0,99.00,
